"year","month","P_ID","T_ID","AB","HIT","H2","H3","HR","RBI","BB","HP","KK","GD","AVG","VS_T_ID_HH","VS_T_ID_HT","VS_T_ID_KT","VS_T_ID_LG","VS_T_ID_LT","VS_T_ID_NC","VS_T_ID_OB","VS_T_ID_SK","VS_T_ID_SS","VS_T_ID_WO","H_A_AWAY","H_A_HOME","BAT_ORDER","PA","SB","CS","SF"
2020,7,65207,"LG",2,2,0,0,0,3,0,0,0,0,1,4,0,3,0,3,2,6,3,3,0,16,8,3,2,0,1,0
2020,7,69992,"NC",2,2,2,0,0,1,0,0,0,0,1,0,3,6,2,3,0,1,3,1,3,12,10,6,2,0,0,0
2020,7,50066,"KT",1,1,0,0,1,1,0,0,0,0,1,3,4,0,3,0,6,0,1,2,3,9,13,3,1,0,0,0
2020,7,61554,"HH",1,1,0,0,0,0,0,0,0,0,1,0,4,3,4,3,0,3,6,2,0,14,11,2,1,0,0,0
2020,7,78603,"HT",17,12,3,0,0,4,1,1,1,0,0.706,4,0,4,0,1,3,3,0,5,3,9,14,1,20,0,0,1
2020,7,66606,"HT",5,3,0,0,0,3,0,0,0,0,0.6,4,0,4,0,1,3,3,0,5,3,9,14,4,5,0,0,0
2020,7,64407,"SS",12,7,1,0,0,3,2,1,1,0,0.583,2,5,2,3,3,1,0,2,0,4,8,14,4,15,0,0,0
2020,7,68204,"OB",2,1,0,0,0,0,1,0,1,0,0.5,3,3,0,6,2,1,0,3,0,5,8,15,3,3,0,0,0
2020,7,67207,"OB",6,3,0,0,0,1,0,0,0,0,0.5,3,3,0,6,2,1,0,3,0,5,8,15,2,7,2,0,1
2020,7,79240,"OB",83,41,5,0,0,12,6,2,5,2,0.494,3,3,0,6,2,1,0,3,0,5,8,15,6,92,6,3,1
2020,7,68912,"NC",7,3,0,0,0,2,0,0,1,0,0.429,0,3,6,2,3,0,1,3,1,3,12,10,NA,7,0,0,0
2020,7,67025,"KT",85,35,10,0,8,20,11,1,24,3,0.412,3,4,0,3,0,6,0,1,2,3,9,13,3,97,0,0,0
2020,7,61208,"HH",25,10,5,0,1,4,6,0,3,1,0.4,0,4,3,4,3,0,3,6,2,0,14,11,7,32,2,1,1
2020,7,62404,"SS",75,29,4,0,2,13,9,1,19,0,0.387,2,5,2,3,3,1,0,2,0,4,8,14,2,85,3,3,0
2020,7,79402,"SS",78,30,4,1,3,11,15,0,4,4,0.385,2,5,2,3,3,1,0,2,0,4,8,14,1,93,2,1,0
2020,7,74540,"SS",69,26,5,0,5,18,7,0,10,2,0.377,2,5,2,3,3,1,0,2,0,4,8,14,8,76,0,0,0
2020,7,77463,"SK",64,24,1,0,4,15,10,0,12,1,0.375,6,0,1,3,4,3,3,0,2,3,15,10,5,74,0,0,0
2020,7,77564,"LG",32,12,2,0,2,12,3,0,3,1,0.375,4,0,3,0,3,2,6,3,3,0,16,8,5,35,0,0,0
2020,7,50150,"LG",8,3,1,0,0,1,0,0,2,0,0.375,4,0,3,0,3,2,6,3,3,0,16,8,7,8,1,0,0
2020,7,74465,"NC",67,25,5,0,4,16,9,0,8,1,0.373,0,3,6,2,3,0,1,3,1,3,12,10,5,77,0,0,1
2020,7,62244,"OB",54,20,2,0,1,13,4,2,3,1,0.37,3,3,0,6,2,1,0,3,0,5,8,15,8,63,1,1,3
2020,7,76313,"KT",98,36,8,0,6,16,6,0,14,2,0.367,3,4,0,3,0,6,0,1,2,3,9,13,2,104,0,1,0
2020,7,62864,"HT",30,11,1,1,0,6,2,0,5,0,0.367,4,0,4,0,1,3,3,0,5,3,9,14,5,32,0,0,0
2020,7,79456,"WO",52,19,2,0,0,3,3,1,4,2,0.365,0,3,3,0,3,3,5,3,4,0,13,11,5,57,0,0,1
2020,7,75847,"SK",72,26,6,0,9,22,12,3,13,0,0.361,6,0,1,3,4,3,3,0,2,3,15,10,3,89,2,0,2
2020,7,64004,"KT",25,9,1,0,0,2,3,0,4,0,0.36,3,4,0,3,0,6,0,1,2,3,9,13,5,29,1,0,1
2020,7,50350,"WO",14,5,2,0,1,5,0,1,2,1,0.357,0,3,3,0,3,3,5,3,4,0,13,11,NA,15,0,0,0
2020,7,61743,"SK",56,20,6,0,2,8,5,1,14,0,0.357,6,0,1,3,4,3,3,0,2,3,15,10,2,62,0,1,0
2020,7,64560,"HT",71,25,6,1,0,6,8,1,14,1,0.352,4,0,4,0,1,3,3,0,5,3,9,14,1,80,0,1,0
2020,7,76290,"LG",91,32,5,0,9,29,14,0,10,3,0.352,4,0,3,0,3,2,6,3,3,0,16,8,3,106,0,1,1
2020,7,64166,"KT",81,28,2,0,5,13,10,1,27,0,0.346,3,4,0,3,0,6,0,1,2,3,9,13,6,93,8,4,1
2020,7,77532,"LT",84,29,6,0,0,10,9,1,14,0,0.345,3,1,0,3,0,3,2,4,3,3,12,10,2,96,2,0,2
2020,7,62907,"NC",71,24,3,0,0,6,6,0,10,1,0.338,0,3,6,2,3,0,1,3,1,3,12,10,1,78,3,2,1
2020,7,79109,"LG",95,32,7,1,5,20,4,1,17,0,0.337,4,0,3,0,3,2,6,3,3,0,16,8,2,101,4,0,1
2020,7,50202,"OB",6,2,0,0,0,2,0,0,1,0,0.333,3,3,0,6,2,1,0,3,0,5,8,15,4,7,1,0,1
2020,7,64300,"WO",93,31,3,0,7,24,13,1,10,2,0.333,0,3,3,0,3,3,5,3,4,0,13,11,2,110,4,0,3
2020,7,66917,"NC",12,4,1,0,0,2,0,0,2,0,0.333,0,3,6,2,3,0,1,3,1,3,12,10,7,15,1,1,3
2020,7,63634,"KT",3,1,0,0,0,0,0,0,1,0,0.333,3,4,0,3,0,6,0,1,2,3,9,13,8,3,0,0,0
2020,7,78643,"HT",12,4,0,0,2,4,4,0,3,0,0.333,4,0,4,0,1,3,3,0,5,3,9,14,8,17,0,0,1
2020,7,61566,"LT",9,3,0,0,0,3,1,0,1,0,0.333,3,1,0,3,0,3,2,4,3,3,12,10,3,10,0,0,0
2020,7,75334,"OB",97,32,7,0,1,15,6,0,11,2,0.33,3,3,0,6,2,1,0,3,0,5,8,15,3,104,0,0,1
2020,7,69209,"OB",91,30,3,0,7,20,11,4,6,1,0.33,3,3,0,6,2,1,0,3,0,5,8,15,2,106,0,0,0
2020,7,72443,"HT",88,29,7,0,2,15,9,3,17,3,0.33,4,0,4,0,1,3,3,0,5,3,9,14,3,100,0,0,0
2020,7,62415,"SS",85,28,3,2,1,10,7,1,13,3,0.329,2,5,2,3,3,1,0,2,0,4,8,14,2,95,5,6,2
2020,7,62947,"NC",73,24,5,1,5,12,7,1,20,1,0.329,0,3,6,2,3,0,1,3,1,3,12,10,3,82,0,0,1
2020,7,60523,"LT",92,30,6,0,4,20,10,2,23,0,0.326,3,1,0,3,0,3,2,4,3,3,12,10,1,104,3,1,0
2020,7,78629,"HT",83,27,3,0,3,20,10,5,10,1,0.325,4,0,4,0,1,3,3,0,5,3,9,14,4,99,0,0,1
2020,7,50506,"LT",77,25,4,0,2,13,9,0,6,4,0.325,3,1,0,3,0,3,2,4,3,3,12,10,5,87,1,0,1
2020,7,78224,"OB",87,28,5,0,3,16,12,0,24,3,0.322,3,3,0,6,2,1,0,3,0,5,8,15,4,100,1,0,1
2020,7,76267,"OB",84,27,3,1,2,16,6,2,15,2,0.321,3,3,0,6,2,1,0,3,0,5,8,15,5,92,1,1,0
2020,7,67341,"WO",94,30,6,1,5,22,9,0,8,2,0.319,0,3,3,0,3,3,5,3,4,0,13,11,3,105,3,1,2
2020,7,50357,"WO",19,6,2,0,0,1,0,0,7,0,0.316,0,3,3,0,3,3,5,3,4,0,13,11,2,19,0,1,0
2020,7,74215,"SK",32,10,1,0,3,9,2,0,3,0,0.313,6,0,1,3,4,3,3,0,2,3,15,10,5,35,0,0,1
2020,7,79231,"OB",68,21,2,2,1,6,6,1,6,1,0.309,3,3,0,6,2,1,0,3,0,5,8,15,9,77,3,0,2
2020,7,62356,"WO",13,4,1,0,0,1,1,0,2,0,0.308,0,3,3,0,3,3,5,3,4,0,13,11,8,14,0,0,0
2020,7,66113,"LG",39,12,2,0,2,5,4,0,5,0,0.308,4,0,3,0,3,2,6,3,3,0,16,8,6,43,0,0,0
2020,7,62925,"NC",78,24,3,0,1,12,3,0,6,2,0.308,0,3,6,2,3,0,1,3,1,3,12,10,7,81,1,0,0
2020,7,50054,"KT",13,4,0,0,0,1,1,0,1,0,0.308,3,4,0,3,0,6,0,1,2,3,9,13,7,14,0,1,0
2020,7,74339,"KT",72,22,4,0,1,12,5,0,10,1,0.306,3,4,0,3,0,6,0,1,2,3,9,13,5,77,0,0,0
2020,7,64657,"WO",56,17,2,0,0,4,18,3,17,2,0.304,0,3,3,0,3,3,5,3,4,0,13,11,9,77,1,0,0
2020,7,76232,"NC",63,19,2,0,3,15,8,3,11,0,0.302,0,3,6,2,3,0,1,3,1,3,12,10,4,74,0,0,0
2020,7,75566,"SS",64,19,1,0,3,21,15,1,10,1,0.297,2,5,2,3,3,1,0,2,0,4,8,14,4,85,0,1,5
2020,7,62700,"HH",71,21,3,0,0,7,3,0,13,0,0.296,0,4,3,4,3,0,3,6,2,0,14,11,3,75,1,1,1
2020,7,61186,"LG",51,15,2,0,0,7,8,3,6,0,0.294,4,0,3,0,3,2,6,3,3,0,16,8,1,63,1,0,1
2020,7,79150,"LG",68,20,3,3,0,9,7,0,8,0,0.294,4,0,3,0,3,2,6,3,3,0,16,8,8,76,3,3,1
2020,7,62934,"NC",34,10,1,0,2,6,0,1,5,0,0.294,0,3,6,2,3,0,1,3,1,3,12,10,1,35,5,2,0
2020,7,68525,"LT",68,20,3,0,7,22,7,1,16,4,0.294,3,1,0,3,0,3,2,4,3,3,12,10,6,79,0,0,3
2020,7,71564,"LT",82,24,6,0,2,13,8,0,9,4,0.293,3,1,0,3,0,3,2,4,3,3,12,10,4,91,0,0,1
2020,7,64868,"KT",62,18,0,0,0,3,9,1,17,0,0.29,3,4,0,3,0,6,0,1,2,3,9,13,1,72,4,2,0
2020,7,78548,"KT",59,17,2,0,3,17,8,0,7,1,0.288,3,4,0,3,0,6,0,1,2,3,9,13,8,69,0,0,2
2020,7,79608,"LT",80,23,4,0,1,6,5,2,8,3,0.288,3,1,0,3,0,3,2,4,3,3,12,10,7,90,3,0,3
2020,7,78168,"WO",91,26,5,2,1,5,14,0,15,1,0.286,0,3,3,0,3,3,5,3,4,0,13,11,1,109,5,2,4
2020,7,78217,"LG",14,4,0,0,1,1,0,0,3,0,0.286,4,0,3,0,3,2,6,3,3,0,16,8,4,15,0,0,1
2020,7,73306,"NC",7,2,1,0,0,2,2,0,0,1,0.286,0,3,6,2,3,0,1,3,1,3,12,10,9,11,0,0,2
2020,7,62556,"LT",7,2,0,0,1,1,1,0,2,0,0.286,3,1,0,3,0,3,2,4,3,3,12,10,9,8,0,0,0
2020,7,78813,"NC",39,11,5,0,0,1,0,0,4,1,0.282,0,3,6,2,3,0,1,3,1,3,12,10,8,39,0,0,0
2020,7,62931,"NC",71,20,4,1,5,17,6,1,10,3,0.282,0,3,6,2,3,0,1,3,1,3,12,10,7,78,0,0,0
2020,7,69418,"SS",32,9,3,0,0,1,2,1,6,0,0.281,2,5,2,3,3,1,0,2,0,4,8,14,7,36,0,0,1
2020,7,65586,"WO",68,19,2,1,1,9,6,1,20,2,0.279,0,3,3,0,3,3,5,3,4,0,13,11,8,75,2,0,0
2020,7,64646,"HT",86,24,2,0,2,8,5,0,15,3,0.279,4,0,4,0,1,3,3,0,5,3,9,14,8,94,3,1,3
2020,7,78513,"LT",87,24,4,0,4,17,10,2,10,4,0.276,3,1,0,3,0,3,2,4,3,3,12,10,3,100,1,1,1
2020,7,66108,"LG",69,19,5,1,0,6,18,2,10,3,0.275,4,0,3,0,3,2,6,3,3,0,16,8,1,89,0,0,0
2020,7,68868,"SK",91,25,2,0,2,9,10,0,14,1,0.275,6,0,1,3,4,3,3,0,2,3,15,10,6,103,0,1,2
2020,7,61700,"HH",44,12,2,0,1,3,12,0,12,0,0.273,0,4,3,4,3,0,3,6,2,0,14,11,6,56,0,1,0
2020,7,61204,"LT",11,3,1,0,0,0,1,0,3,0,0.273,3,1,0,3,0,3,2,4,3,3,12,10,6,12,3,1,0
2020,7,76802,"SK",63,17,0,0,0,2,8,0,7,3,0.27,6,0,1,3,4,3,3,0,2,3,15,10,9,73,1,1,2
2020,7,50165,"LG",89,24,4,0,6,13,9,2,27,3,0.27,4,0,3,0,3,2,6,3,3,0,16,8,4,101,0,0,1
2020,7,74163,"HH",89,24,1,0,0,4,12,0,6,2,0.27,0,4,3,4,3,0,3,6,2,0,14,11,1,102,7,3,1
2020,7,73209,"HT",82,22,1,0,2,12,2,1,21,3,0.268,4,0,4,0,1,3,3,0,5,3,9,14,7,87,0,0,2
2020,7,78135,"LG",60,16,3,1,3,8,7,3,14,1,0.267,4,0,3,0,3,2,6,3,3,0,16,8,3,70,0,0,0
2020,7,64266,"SS",60,16,2,0,3,7,6,0,21,0,0.267,2,5,2,3,3,1,0,2,0,4,8,14,5,69,1,0,3
2020,7,66409,"SS",30,8,0,0,3,8,2,2,9,0,0.267,2,5,2,3,3,1,0,2,0,4,8,14,6,35,1,0,1
2020,7,61197,"SS",34,9,1,0,0,3,2,0,6,1,0.265,2,5,2,3,3,1,0,2,0,4,8,14,4,37,1,0,1
2020,7,50923,"NC",87,23,4,2,5,19,5,1,29,3,0.264,0,3,6,2,3,0,1,3,1,3,12,10,5,94,4,0,1
2020,7,75151,"SK",19,5,0,0,0,0,1,0,6,0,0.263,6,0,1,3,4,3,3,0,2,3,15,10,5,20,0,0,0
2020,7,78288,"HH",58,15,6,0,0,5,7,1,12,3,0.259,0,4,3,4,3,0,3,6,2,0,14,11,8,66,0,0,0
2020,7,62265,"HT",66,17,5,0,0,6,14,0,12,3,0.258,4,0,4,0,1,3,3,0,5,3,9,14,5,82,0,0,2
2020,7,63722,"HT",39,10,2,0,2,5,2,2,10,1,0.256,4,0,4,0,1,3,3,0,5,3,9,14,8,45,0,0,2
2020,7,61102,"LG",79,20,2,0,3,13,2,2,19,4,0.253,4,0,3,0,3,2,6,3,3,0,16,8,7,83,0,0,0
2020,7,79215,"OB",83,21,6,0,3,10,11,1,14,1,0.253,3,3,0,6,2,1,0,3,0,5,8,15,1,96,2,0,1
2020,7,68050,"KT",83,21,5,0,2,12,10,1,19,4,0.253,3,4,0,3,0,6,0,1,2,3,9,13,4,95,0,1,1
2020,7,79365,"WO",60,15,3,0,3,11,3,1,12,2,0.25,0,3,3,0,3,3,5,3,4,0,13,11,5,64,0,0,0
2020,7,71837,"SK",44,11,1,0,0,4,3,1,8,1,0.25,6,0,1,3,4,3,3,0,2,3,15,10,2,49,1,0,1
2020,7,61869,"SK",16,4,1,0,0,1,1,0,3,1,0.25,6,0,1,3,4,3,3,0,2,3,15,10,7,17,2,0,0
2020,7,62884,"SK",4,1,0,0,0,2,0,0,1,0,0.25,6,0,1,3,4,3,3,0,2,3,15,10,8,4,0,0,0
2020,7,64115,"LG",12,3,0,0,0,2,1,0,1,0,0.25,4,0,3,0,3,2,6,3,3,0,16,8,9,13,0,0,0
2020,7,73113,"KT",60,15,1,0,4,14,9,0,19,4,0.25,3,4,0,3,0,6,0,1,2,3,9,13,7,71,0,1,2
2020,7,64984,"HT",20,5,1,0,1,3,1,0,5,0,0.25,4,0,4,0,1,3,3,0,5,3,9,14,9,22,1,0,1
2020,7,66838,"SS",52,13,3,0,1,6,4,0,13,2,0.25,2,5,2,3,3,1,0,2,0,4,8,14,6,56,1,0,0
2020,7,69652,"HT",89,22,5,0,5,15,16,2,8,1,0.247,4,0,4,0,1,3,3,0,5,3,9,14,2,107,0,0,0
2020,7,75125,"WO",81,20,2,0,6,19,9,2,23,4,0.247,0,3,3,0,3,3,5,3,4,0,13,11,4,93,0,0,1
2020,7,50730,"HH",37,9,3,0,1,4,4,2,10,2,0.243,0,4,3,4,3,0,3,6,2,0,14,11,4,43,0,0,0
2020,7,68743,"HH",70,17,1,0,1,9,17,2,8,3,0.243,0,4,3,4,3,0,3,6,2,0,14,11,2,91,0,0,2
2020,7,76812,"SK",21,5,1,0,0,3,2,1,1,3,0.238,6,0,1,3,4,3,3,0,2,3,15,10,7,24,0,0,0
2020,7,78122,"NC",21,5,0,0,0,2,0,0,2,0,0.238,0,3,6,2,3,0,1,3,1,3,12,10,4,25,0,0,4
2020,7,74206,"OB",38,9,2,0,0,5,5,0,3,2,0.237,3,3,0,6,2,1,0,3,0,5,8,15,7,44,0,0,1
2020,7,65869,"SK",55,13,1,0,2,7,4,2,19,2,0.236,6,0,1,3,4,3,3,0,2,3,15,10,8,63,1,0,2
2020,7,65610,"HT",17,4,1,0,2,4,3,0,4,1,0.235,4,0,4,0,1,3,3,0,5,3,9,14,5,20,0,0,0
2020,7,76753,"HH",17,4,1,0,0,2,0,0,5,1,0.235,0,4,3,4,3,0,3,6,2,0,14,11,8,17,0,0,0
2020,7,62558,"LT",47,11,0,0,0,5,11,0,12,1,0.234,3,1,0,3,0,3,2,4,3,3,12,10,8,58,0,0,0
2020,7,65399,"WO",52,12,0,0,1,4,7,0,9,3,0.231,0,3,3,0,3,3,5,3,4,0,13,11,5,59,0,0,0
2020,7,50468,"SS",13,3,0,0,0,2,4,1,3,1,0.231,2,5,2,3,3,1,0,2,0,4,8,14,2,18,1,0,0
2020,7,74729,"HH",78,18,4,0,3,9,8,0,20,3,0.231,0,4,3,4,3,0,3,6,2,0,14,11,4,87,0,0,1
2020,7,76249,"LT",67,15,5,0,0,5,4,0,13,4,0.224,3,1,0,3,0,3,2,4,3,3,12,10,9,73,3,2,2
2020,7,64469,"SS",27,6,4,0,0,5,2,1,4,2,0.222,2,5,2,3,3,1,0,2,0,4,8,14,7,30,0,0,0
2020,7,71752,"HH",81,18,3,0,0,12,14,0,16,3,0.222,0,4,3,4,3,0,3,6,2,0,14,11,4,97,0,0,2
2020,7,64209,"HH",9,2,0,0,0,0,0,0,5,0,0.222,0,4,3,4,3,0,3,6,2,0,14,11,NA,9,0,1,0
2020,7,62895,"SK",46,10,0,0,4,9,5,3,11,3,0.217,6,0,1,3,4,3,3,0,2,3,15,10,5,54,1,0,0
2020,7,64006,"KT",69,15,2,1,1,7,3,0,15,1,0.217,3,4,0,3,0,6,0,1,2,3,9,13,9,73,4,4,1
2020,7,50704,"HH",23,5,2,0,0,0,1,0,6,1,0.217,0,4,3,4,3,0,3,6,2,0,14,11,7,24,0,0,0
2020,7,67872,"SK",83,18,2,0,5,7,13,0,29,1,0.217,6,0,1,3,4,3,3,0,2,3,15,10,4,96,2,0,0
2020,7,77243,"KT",14,3,0,0,0,1,0,0,3,1,0.214,3,4,0,3,0,6,0,1,2,3,9,13,8,14,0,0,0
2020,7,76849,"NC",66,14,1,1,0,6,4,0,15,2,0.212,0,3,6,2,3,0,1,3,1,3,12,10,2,70,1,0,0
2020,7,50854,"SK",95,20,3,0,1,9,7,2,19,0,0.211,6,0,1,3,4,3,3,0,2,3,15,10,1,107,6,2,3
2020,7,67304,"WO",81,17,5,0,1,11,11,1,21,2,0.21,0,3,3,0,3,3,5,3,4,0,13,11,7,95,5,1,2
2020,7,50458,"SS",43,9,1,0,0,4,3,0,9,0,0.209,2,5,2,3,3,1,0,2,0,4,8,14,9,47,5,0,1
2020,7,79192,"LG",59,12,2,0,2,14,4,2,15,1,0.203,4,0,3,0,3,2,6,3,3,0,16,8,5,65,0,0,0
2020,7,71184,"LG",20,4,1,0,0,1,2,0,5,2,0.2,4,0,3,0,3,2,6,3,3,0,16,8,8,22,0,0,0
2020,7,64906,"KT",5,1,0,0,0,1,0,0,0,0,0.2,3,4,0,3,0,6,0,1,2,3,9,13,8,5,0,0,0
2020,7,69636,"HT",15,3,0,0,0,2,2,0,7,1,0.2,4,0,4,0,1,3,3,0,5,3,9,14,8,17,0,0,0
2020,7,65464,"HT",25,5,1,0,0,3,1,0,6,0,0.2,4,0,4,0,1,3,3,0,5,3,9,14,9,27,0,0,1
2020,7,63704,"HH",5,1,0,0,0,0,0,0,1,0,0.2,0,4,3,4,3,0,3,6,2,0,14,11,NA,5,0,1,0
2020,7,64704,"HH",20,4,1,0,0,1,1,1,7,0,0.2,0,4,3,4,3,0,3,6,2,0,14,11,3,23,0,0,1
2020,7,69453,"SS",63,12,2,0,0,3,6,0,18,3,0.19,2,5,2,3,3,1,0,2,0,4,8,14,5,71,3,1,2
2020,7,60343,"HH",21,4,0,0,0,3,2,0,6,1,0.19,0,4,3,4,3,0,3,6,2,0,14,11,8,24,0,0,1
2020,7,63963,"NC",58,11,2,0,1,4,12,1,12,1,0.19,0,3,6,2,3,0,1,3,1,3,12,10,2,72,0,0,1
2020,7,69766,"HH",32,6,1,0,0,0,2,0,12,0,0.188,0,4,3,4,3,0,3,6,2,0,14,11,9,34,0,1,0
2020,7,64793,"SS",11,2,0,0,0,0,1,0,3,0,0.182,2,5,2,3,3,1,0,2,0,4,8,14,8,13,0,0,1
2020,7,50707,"HH",11,2,0,0,0,1,1,0,3,1,0.182,0,4,3,4,3,0,3,6,2,0,14,11,1,13,0,0,1
2020,7,79290,"OB",17,3,0,0,0,2,0,0,4,1,0.176,3,3,0,6,2,1,0,3,0,5,8,15,9,17,0,0,0
2020,7,77248,"OB",58,10,4,1,1,10,5,0,16,2,0.172,3,3,0,6,2,1,0,3,0,5,8,15,7,64,5,1,1
2020,7,66614,"HT",41,7,1,1,1,2,5,0,7,0,0.171,4,0,4,0,1,3,3,0,5,3,9,14,9,49,0,0,3
2020,7,63257,"OB",6,1,1,0,0,0,1,0,0,0,0.167,3,3,0,6,2,1,0,3,0,5,8,15,NA,8,0,0,1
2020,7,69306,"WO",6,1,1,0,0,0,0,0,2,0,0.167,0,3,3,0,3,3,5,3,4,0,13,11,1,6,0,0,0
2020,7,60558,"SK",12,2,0,0,0,0,0,0,6,1,0.167,6,0,1,3,4,3,3,0,2,3,15,10,7,12,0,0,0
2020,7,64012,"KT",6,1,0,0,0,0,0,0,3,0,0.167,3,4,0,3,0,6,0,1,2,3,9,13,1,6,0,0,0
2020,7,61404,"SS",6,1,0,0,0,0,1,1,1,1,0.167,2,5,2,3,3,1,0,2,0,4,8,14,5,8,0,1,0
2020,7,62409,"SS",12,2,1,0,0,0,1,0,3,0,0.167,2,5,2,3,3,1,0,2,0,4,8,14,2,14,1,0,1
2020,7,71842,"OB",19,3,1,0,0,1,0,0,6,0,0.158,3,3,0,6,2,1,0,3,0,5,8,15,8,20,0,0,1
2020,7,63700,"HH",13,2,1,0,1,2,1,0,4,0,0.154,0,4,3,4,3,0,3,6,2,0,14,11,1,14,0,0,0
2020,7,66354,"WO",20,3,0,0,0,0,1,0,4,0,0.15,0,3,3,0,3,3,5,3,4,0,13,11,5,22,0,0,1
2020,7,65503,"HH",20,3,0,0,1,4,0,0,5,0,0.15,0,4,3,4,3,0,3,6,2,0,14,11,4,20,0,0,0
2020,7,65898,"WO",7,1,0,0,0,0,2,0,4,0,0.143,0,3,3,0,3,3,5,3,4,0,13,11,NA,9,0,0,0
2020,7,64890,"SK",7,1,1,0,0,0,0,0,1,1,0.143,6,0,1,3,4,3,3,0,2,3,15,10,8,7,0,0,0
2020,7,50709,"HH",14,2,0,0,0,1,1,0,8,1,0.143,0,4,3,4,3,0,3,6,2,0,14,11,8,15,0,0,0
2020,7,78756,"HH",64,9,1,0,1,6,4,0,13,5,0.141,0,4,3,4,3,0,3,6,2,0,14,11,6,69,0,0,1
2020,7,61353,"SK",31,4,0,0,0,2,2,0,7,1,0.129,6,0,1,3,4,3,3,0,2,3,15,10,6,33,0,1,0
2020,7,63202,"OB",8,1,0,0,0,0,0,0,2,1,0.125,3,3,0,6,2,1,0,3,0,5,8,15,8,8,0,0,0
2020,7,62802,"KT",8,1,0,0,0,1,3,0,3,0,0.125,3,4,0,3,0,6,0,1,2,3,9,13,6,12,1,0,1
2020,7,68518,"LT",25,3,0,0,0,0,2,0,8,2,0.12,3,1,0,3,0,3,2,4,3,3,12,10,8,30,0,0,3
2020,7,63450,"SK",17,2,0,0,0,0,3,0,6,0,0.118,6,0,1,3,4,3,3,0,2,3,15,10,9,20,0,0,0
2020,7,75808,"LG",17,2,0,0,0,4,2,0,2,1,0.118,4,0,3,0,3,2,6,3,3,0,16,8,9,19,0,0,0
2020,7,65506,"LT",17,2,0,0,0,0,2,0,5,1,0.118,3,1,0,3,0,3,2,4,3,3,12,10,7,19,1,0,0
2020,7,69100,"LG",18,2,0,0,0,0,3,1,4,0,0.111,4,0,3,0,3,2,6,3,3,0,16,8,9,23,0,0,1
2020,7,68106,"LG",9,1,0,0,0,0,0,0,4,0,0.111,4,0,3,0,3,2,6,3,3,0,16,8,2,9,0,0,0
2020,7,64504,"LT",9,1,0,0,0,0,3,1,4,0,0.111,3,1,0,3,0,3,2,4,3,3,12,10,NA,13,0,1,0
2020,7,65109,"LG",11,1,0,0,0,0,3,1,5,0,0.091,4,0,3,0,3,2,6,3,3,0,16,8,8,19,0,0,4
2020,7,66702,"HH",11,1,0,0,0,0,0,1,4,0,0.091,0,4,3,4,3,0,3,6,2,0,14,11,NA,12,0,0,0
2020,7,65653,"HT",23,2,0,0,0,3,1,1,11,0,0.087,4,0,4,0,1,3,3,0,5,3,9,14,6,27,0,1,2
2020,7,64007,"KT",15,1,0,0,0,0,1,0,7,0,0.067,3,4,0,3,0,6,0,1,2,3,9,13,1,16,0,0,0
2020,7,50204,"OB",1,0,0,0,0,0,0,0,1,0,0,3,3,0,6,2,1,0,3,0,5,8,15,6,1,0,0,0
2020,7,63559,"OB",0,0,0,0,0,0,0,0,0,0,0,3,3,0,6,2,1,0,3,0,5,8,15,1,0,0,0,0
2020,7,64213,"OB",0,0,0,0,0,0,0,0,0,0,0,3,3,0,6,2,1,0,3,0,5,8,15,NA,0,0,0,0
2020,7,62353,"WO",6,0,0,0,0,0,1,0,2,0,0,0,3,3,0,3,3,5,3,4,0,13,11,3,7,1,0,0
2020,7,65362,"WO",2,0,0,0,0,0,0,0,0,0,0,0,3,3,0,3,3,5,3,4,0,13,11,NA,2,0,0,0
2020,7,68341,"WO",0,0,0,0,0,0,0,0,0,0,0,0,3,3,0,3,3,5,3,4,0,13,11,9,0,0,0,0
2020,7,63342,"WO",0,0,0,0,0,0,0,0,0,0,0,0,3,3,0,3,3,5,3,4,0,13,11,6,0,0,0,0
2020,7,64260,"SK",18,0,0,0,0,0,0,0,2,0,0,6,0,1,3,4,3,3,0,2,3,15,10,5,18,0,2,0
2020,7,76869,"SK",4,0,0,0,0,0,0,0,2,0,0,6,0,1,3,4,3,3,0,2,3,15,10,3,4,0,0,0
2020,7,63894,"SK",0,0,0,0,0,0,0,0,0,0,0,6,0,1,3,4,3,3,0,2,3,15,10,2,0,0,0,0
2020,7,65411,"SK",0,0,0,0,0,0,0,0,0,0,0,6,0,1,3,4,3,3,0,2,3,15,10,NA,0,0,0,0
2020,7,66052,"SK",2,0,0,0,0,0,0,0,1,0,0,6,0,1,3,4,3,3,0,2,3,15,10,1,2,0,0,0
2020,7,64893,"SK",0,0,0,0,0,0,0,0,0,0,0,6,0,1,3,4,3,3,0,2,3,15,10,8,0,0,0,0
2020,7,61895,"SK",0,0,0,0,0,0,0,0,0,0,0,6,0,1,3,4,3,3,0,2,3,15,10,8,0,0,0,0
2020,7,50819,"SK",2,0,0,0,0,0,1,0,1,0,0,6,0,1,3,4,3,3,0,2,3,15,10,7,3,0,0,0
2020,7,62056,"SK",0,0,0,0,0,0,0,0,0,0,0,6,0,1,3,4,3,3,0,2,3,15,10,NA,0,0,0,0
2020,7,50840,"SK",0,0,0,0,0,0,0,0,0,0,0,6,0,1,3,4,3,3,0,2,3,15,10,8,0,0,0,0
2020,7,65136,"LG",0,0,0,0,0,0,0,0,0,0,0,4,0,3,0,3,2,6,3,3,0,16,8,3,0,0,0,0
2020,7,78819,"LG",0,0,0,0,0,0,0,0,0,0,0,4,0,3,0,3,2,6,3,3,0,16,8,3,0,0,0,0
2020,7,67164,"LG",0,0,0,0,0,0,0,0,0,0,0,4,0,3,0,3,2,6,3,3,0,16,8,NA,0,0,0,0
2020,7,62146,"LG",0,0,0,0,0,0,0,0,0,0,0,4,0,3,0,3,2,6,3,3,0,16,8,9,0,0,0,0
2020,7,63913,"LG",6,0,0,0,0,0,0,0,4,1,0,4,0,3,0,3,2,6,3,3,0,16,8,NA,6,0,0,0
2020,7,64101,"LG",1,0,0,0,0,0,0,0,1,0,0,4,0,3,0,3,2,6,3,3,0,16,8,3,1,1,0,0
2020,7,63920,"NC",5,0,0,0,0,0,1,0,2,0,0,0,3,6,2,3,0,1,3,1,3,12,10,2,6,0,0,0
2020,7,75867,"NC",0,0,0,0,0,0,0,0,0,0,0,0,3,6,2,3,0,1,3,1,3,12,10,1,0,0,0,0
2020,7,76118,"NC",0,0,0,0,0,0,0,0,0,0,0,0,3,6,2,3,0,1,3,1,3,12,10,NA,0,0,0,0
2020,7,60566,"NC",7,0,0,0,0,0,2,0,1,1,0,0,3,6,2,3,0,1,3,1,3,12,10,6,9,4,0,0
2020,7,65062,"KT",0,0,0,0,0,0,0,0,0,0,0,3,4,0,3,0,6,0,1,2,3,9,13,4,0,0,0,0
2020,7,65040,"KT",2,0,0,0,0,0,0,0,1,0,0,3,4,0,3,0,6,0,1,2,3,9,13,NA,2,0,0,0
2020,7,75342,"KT",0,0,0,0,0,0,0,0,0,0,0,3,4,0,3,0,6,0,1,2,3,9,13,1,0,0,0,0
2020,7,67045,"KT",0,0,0,0,0,0,0,0,0,0,0,3,4,0,3,0,6,0,1,2,3,9,13,NA,0,0,0,0
2020,7,65060,"KT",0,0,0,0,0,0,0,0,0,0,0,3,4,0,3,0,6,0,1,2,3,9,13,4,0,0,0,0
2020,7,62893,"HT",0,0,0,0,0,0,0,0,0,0,0,4,0,4,0,1,3,3,0,5,3,9,14,7,0,0,0,0
2020,7,50600,"HT",0,0,0,0,0,0,0,0,0,0,0,4,0,4,0,1,3,3,0,5,3,9,14,3,0,0,0,0
2020,7,60288,"SS",0,0,0,0,0,0,0,0,0,0,0,2,5,2,3,3,1,0,2,0,4,8,14,NA,0,0,0,0
2020,7,64499,"SS",3,0,0,0,0,1,1,0,0,0,0,2,5,2,3,3,1,0,2,0,4,8,14,NA,4,0,0,0
2020,7,64468,"SS",0,0,0,0,0,0,0,0,0,0,0,2,5,2,3,3,1,0,2,0,4,8,14,4,0,0,0,0
2020,7,69737,"HH",7,0,0,0,0,0,0,0,4,0,0,0,4,3,4,3,0,3,6,2,0,14,11,NA,7,0,0,0
2020,7,66707,"HH",5,0,0,0,0,0,0,0,2,0,0,0,4,3,4,3,0,3,6,2,0,14,11,8,5,0,0,0
2020,7,73136,"HH",2,0,0,0,0,0,0,0,1,0,0,0,4,3,4,3,0,3,6,2,0,14,11,7,2,0,0,0
2020,8,63202,"OB",1,1,0,0,0,0,0,0,0,0,1,0,2,3,2,6,4,0,2,6,0,13,12,8,1,0,0,0
2020,8,66209,"OB",1,1,0,0,0,0,0,0,0,0,1,0,2,3,2,6,4,0,2,6,0,13,12,NA,1,0,0,0
2020,8,65462,"NC",2,1,1,0,0,0,0,0,0,0,0.5,4,4,2,3,2,0,4,2,0,2,10,13,NA,2,0,0,0
2020,8,63260,"HT",4,2,0,0,0,0,0,1,2,0,0.5,0,0,2,8,2,4,2,5,0,2,13,12,NA,5,0,0,0
2020,8,75151,"SK",9,4,1,0,0,3,0,0,3,0,0.444,2,5,4,0,4,2,2,0,4,0,11,12,5,9,0,0,0
2020,8,69508,"LT",7,3,0,0,0,2,1,0,0,0,0.429,2,2,0,0,0,2,6,4,2,5,8,15,NA,8,1,1,0
2020,8,76849,"NC",87,36,7,1,0,14,11,0,13,0,0.414,4,4,2,3,2,0,4,2,0,2,10,13,2,100,3,1,2
2020,8,66707,"HH",5,2,0,0,0,0,0,0,1,0,0.4,0,0,3,3,2,4,0,2,4,3,12,9,8,5,0,0,0
2020,8,79231,"OB",99,39,3,0,1,16,9,0,10,2,0.394,0,2,3,2,6,4,0,2,6,0,13,12,9,109,4,4,1
2020,8,71837,"SK",32,12,4,0,2,12,3,1,5,2,0.375,2,5,4,0,4,2,2,0,4,0,11,12,2,38,0,0,2
2020,8,50150,"LG",8,3,0,0,0,0,1,0,2,1,0.375,3,8,2,0,0,3,2,0,2,5,13,12,7,9,1,0,0
2020,8,62908,"HT",8,3,1,0,0,1,1,0,0,0,0.375,0,0,2,8,2,4,2,5,0,2,13,12,NA,9,0,0,0
2020,8,72443,"HT",91,34,7,1,2,13,11,1,19,1,0.374,0,0,2,8,2,4,2,5,0,2,13,12,3,103,0,0,0
2020,8,62947,"NC",97,36,7,1,9,29,10,2,22,2,0.371,4,4,2,3,2,0,4,2,0,2,10,13,3,109,0,0,0
2020,8,62907,"NC",30,11,1,0,1,2,4,1,3,0,0.367,4,4,2,3,2,0,4,2,0,2,10,13,1,35,0,1,0
2020,8,69209,"OB",104,38,4,0,2,22,9,2,12,5,0.365,0,2,3,2,6,4,0,2,6,0,13,12,2,118,0,1,3
2020,8,64260,"SK",11,4,1,1,0,3,0,0,3,1,0.364,2,5,4,0,4,2,2,0,4,0,11,12,5,11,0,0,0
2020,8,76290,"LG",94,34,5,0,6,21,10,2,8,0,0.362,3,8,2,0,0,3,2,0,2,5,13,12,3,106,0,0,0
2020,8,62025,"NC",36,13,3,2,1,3,1,0,8,0,0.361,4,4,2,3,2,0,4,2,0,2,10,13,NA,38,0,0,1
2020,8,50506,"LT",81,29,10,0,3,9,7,3,7,3,0.358,2,2,0,0,0,2,6,4,2,5,8,15,5,91,3,0,0
2020,8,77532,"LT",81,29,7,0,4,20,8,0,7,3,0.358,2,2,0,0,0,2,6,4,2,5,8,15,2,90,0,0,1
2020,8,66838,"SS",59,21,4,0,4,8,4,0,19,2,0.356,4,0,2,2,2,0,6,4,0,4,13,11,6,64,0,0,1
2020,8,61353,"SK",45,16,4,0,1,7,3,0,3,0,0.356,2,5,4,0,4,2,2,0,4,0,11,12,6,49,0,1,1
2020,8,68050,"KT",91,32,8,0,4,14,11,1,15,0,0.352,3,2,0,2,0,2,3,4,2,5,15,8,4,103,1,1,0
2020,8,62415,"SS",94,33,4,1,2,11,5,0,13,1,0.351,4,0,2,2,2,0,6,4,0,4,13,11,2,100,6,2,1
2020,8,79290,"OB",20,7,0,0,1,4,2,0,5,0,0.35,0,2,3,2,6,4,0,2,6,0,13,12,9,22,0,1,0
2020,8,78135,"LG",81,28,4,1,5,14,10,1,12,2,0.346,3,8,2,0,0,3,2,0,2,5,13,12,3,92,1,0,0
2020,8,76802,"SK",61,21,3,1,1,7,4,1,4,0,0.344,2,5,4,0,4,2,2,0,4,0,11,12,9,67,0,0,1
2020,8,68204,"OB",3,1,0,0,0,0,0,0,1,0,0.333,0,2,3,2,6,4,0,2,6,0,13,12,3,3,0,0,0
2020,8,63559,"OB",3,1,0,0,0,0,0,1,1,0,0.333,0,2,3,2,6,4,0,2,6,0,13,12,1,4,0,0,0
2020,8,64086,"OB",3,1,1,0,0,0,1,0,2,0,0.333,0,2,3,2,6,4,0,2,6,0,13,12,NA,4,0,0,0
2020,8,62353,"WO",3,1,0,0,0,0,0,0,1,0,0.333,3,2,5,5,5,2,0,0,4,0,11,15,3,3,5,0,0
2020,8,68305,"WO",21,7,2,0,0,4,1,0,4,1,0.333,3,2,5,5,5,2,0,0,4,0,11,15,NA,22,0,0,0
2020,8,64890,"SK",12,4,0,0,0,1,0,0,2,1,0.333,2,5,4,0,4,2,2,0,4,0,11,12,8,12,0,1,0
2020,8,69100,"LG",12,4,0,1,0,1,2,0,3,1,0.333,3,8,2,0,0,3,2,0,2,5,13,12,9,14,0,0,0
2020,8,65610,"HT",6,2,0,0,0,1,0,0,1,1,0.333,0,0,2,8,2,4,2,5,0,2,13,12,5,6,0,0,0
2020,8,67341,"WO",97,32,10,0,2,17,7,2,6,4,0.33,3,2,5,5,5,2,0,0,4,0,11,15,3,107,2,0,1
2020,8,79192,"LG",85,28,5,0,2,22,7,2,18,2,0.329,3,8,2,0,0,3,2,0,2,5,13,12,5,96,0,1,2
2020,8,73209,"HT",49,16,2,0,0,6,7,0,12,1,0.327,0,0,2,8,2,4,2,5,0,2,13,12,7,56,0,0,0
2020,8,66108,"LG",92,30,9,3,2,10,15,3,25,2,0.326,3,8,2,0,0,3,2,0,2,5,13,12,1,112,1,1,2
2020,8,78813,"NC",46,15,3,1,1,4,2,0,8,1,0.326,4,4,2,3,2,0,4,2,0,2,10,13,8,48,0,0,0
2020,8,76232,"NC",80,26,4,0,5,21,9,5,6,4,0.325,4,4,2,3,2,0,4,2,0,2,10,13,4,96,3,0,2
2020,8,67304,"WO",93,30,5,1,1,13,6,0,10,0,0.323,3,2,5,5,5,2,0,0,4,0,11,15,7,99,10,1,0
2020,8,61404,"SS",62,20,3,0,2,7,2,0,10,1,0.323,4,0,2,2,2,0,6,4,0,4,13,11,5,65,2,1,1
2020,8,64657,"WO",50,16,5,0,1,7,8,5,20,0,0.32,3,2,5,5,5,2,0,0,4,0,11,15,9,65,1,0,2
2020,8,69652,"HT",88,28,2,0,8,17,15,1,11,0,0.318,0,0,2,8,2,4,2,5,0,2,13,12,2,104,0,1,0
2020,8,63440,"SK",41,13,0,0,1,11,1,0,8,3,0.317,2,5,4,0,4,2,2,0,4,0,11,12,NA,42,0,0,0
2020,8,62884,"SK",57,18,2,0,0,5,9,0,12,2,0.316,2,5,4,0,4,2,2,0,4,0,11,12,8,67,0,0,1
2020,8,69992,"NC",19,6,1,1,0,1,5,0,5,0,0.316,4,4,2,3,2,0,4,2,0,2,10,13,6,25,2,0,1
2020,8,78548,"KT",57,18,2,0,1,10,8,0,4,4,0.316,3,2,0,2,0,2,3,4,2,5,15,8,8,68,0,0,3
2020,8,67872,"SK",73,23,4,0,5,20,19,2,10,1,0.315,2,5,4,0,4,2,2,0,4,0,11,12,4,96,1,0,2
2020,8,76267,"OB",86,27,5,1,1,11,9,0,8,1,0.314,0,2,3,2,6,4,0,2,6,0,13,12,5,98,1,1,3
2020,8,79456,"WO",48,15,1,1,0,6,1,1,5,1,0.313,3,2,5,5,5,2,0,0,4,0,11,15,5,51,0,1,1
2020,8,74163,"HH",80,25,4,0,0,3,15,2,4,1,0.313,0,0,3,3,2,4,0,2,4,3,12,9,1,97,2,2,0
2020,8,50350,"WO",87,27,4,0,0,11,11,0,10,4,0.31,3,2,5,5,5,2,0,0,4,0,11,15,NA,99,0,0,1
2020,8,60523,"LT",87,27,2,1,3,13,17,0,15,2,0.31,2,2,0,0,0,2,6,4,2,5,8,15,1,106,3,0,2
2020,8,65898,"WO",68,21,5,0,3,12,1,0,19,2,0.309,3,2,5,5,5,2,0,0,4,0,11,15,NA,75,0,0,6
2020,8,75334,"OB",85,26,2,0,4,18,9,0,19,1,0.306,0,2,3,2,6,4,0,2,6,0,13,12,3,94,0,0,0
2020,8,60558,"SK",36,11,4,0,1,8,2,1,2,1,0.306,2,5,4,0,4,2,2,0,4,0,11,12,7,40,2,1,1
2020,8,74540,"SS",60,18,1,0,4,12,10,2,11,6,0.3,4,0,2,2,2,0,6,4,0,4,13,11,8,74,0,0,2
2020,8,79215,"OB",94,28,6,0,6,12,5,4,9,1,0.298,0,2,3,2,6,4,0,2,6,0,13,12,1,104,2,2,1
2020,8,64300,"WO",101,30,3,0,5,23,13,2,8,5,0.297,3,2,5,5,5,2,0,0,4,0,11,15,2,118,6,0,2
2020,8,78513,"LT",92,27,6,1,3,18,5,2,9,3,0.293,2,2,0,0,0,2,6,4,2,5,8,15,3,101,1,1,2
2020,8,50923,"NC",58,17,2,0,2,11,8,1,18,1,0.293,4,4,2,3,2,0,4,2,0,2,10,13,5,68,2,1,1
2020,8,68525,"LT",82,24,2,0,2,9,13,0,19,2,0.293,2,2,0,0,0,2,6,4,2,5,8,15,6,97,0,0,2
2020,8,63920,"NC",24,7,0,0,0,2,4,0,4,1,0.292,4,4,2,3,2,0,4,2,0,2,10,13,2,28,0,0,0
2020,8,69737,"HH",52,15,2,2,2,11,4,2,16,2,0.288,0,0,3,3,2,4,0,2,4,3,12,9,NA,59,0,0,1
2020,8,74206,"OB",80,23,3,0,1,6,11,1,10,4,0.288,0,2,3,2,6,4,0,2,6,0,13,12,7,92,0,0,0
2020,8,50848,"SK",14,4,0,0,2,4,1,1,3,0,0.286,2,5,4,0,4,2,2,0,4,0,11,12,NA,16,0,0,0
2020,8,69860,"SK",14,4,0,0,2,4,1,1,3,0,0.286,2,5,4,0,4,2,2,0,4,0,11,12,NA,NA,NA,NA,NA
2020,8,78217,"LG",7,2,1,0,0,2,1,0,2,0,0.286,3,8,2,0,0,3,2,0,2,5,13,12,4,8,2,0,0
2020,8,77243,"KT",7,2,0,0,0,1,1,1,2,0,0.286,3,2,0,2,0,2,3,4,2,5,15,8,8,9,0,0,0
2020,8,66606,"HT",74,21,3,0,1,4,4,1,8,0,0.284,0,0,2,8,2,4,2,5,0,2,13,12,4,81,5,0,2
2020,8,64868,"KT",67,19,4,0,0,3,10,0,17,1,0.284,3,2,0,2,0,2,3,4,2,5,15,8,1,77,0,0,0
2020,8,62925,"NC",39,11,2,0,2,6,1,0,3,0,0.282,4,4,2,3,2,0,4,2,0,2,10,13,7,42,0,1,2
2020,8,65399,"WO",75,21,5,0,2,11,6,1,16,2,0.28,3,2,5,5,5,2,0,0,4,0,11,15,5,82,0,0,0
2020,8,50458,"SS",75,21,3,0,1,2,8,2,9,0,0.28,4,0,2,2,2,0,6,4,0,4,13,11,9,85,8,0,0
2020,8,50854,"SK",86,24,5,2,0,5,12,2,11,0,0.279,2,5,4,0,4,2,2,0,4,0,11,12,1,103,1,1,3
2020,8,78629,"HT",86,24,2,0,4,24,9,2,30,0,0.279,0,0,2,8,2,4,2,5,0,2,13,12,4,98,0,0,1
2020,8,69418,"SS",54,15,4,0,0,5,0,1,7,2,0.278,4,0,2,2,2,0,6,4,0,4,13,11,7,56,0,3,1
2020,8,63704,"HH",72,20,3,1,0,6,14,1,14,1,0.278,0,0,3,3,2,4,0,2,4,3,12,9,NA,88,2,2,1
2020,8,78288,"HH",54,15,2,0,1,5,2,5,7,1,0.278,0,0,3,3,2,4,0,2,4,3,12,9,8,62,0,0,1
2020,8,65506,"LT",18,5,1,0,0,0,3,0,8,0,0.278,2,2,0,0,0,2,6,4,2,5,8,15,7,22,3,0,1
2020,8,78224,"OB",76,21,3,0,5,14,16,0,21,3,0.276,0,2,3,2,6,4,0,2,6,0,13,12,4,92,3,0,0
2020,8,62802,"KT",40,11,1,0,1,3,4,1,12,0,0.275,3,2,0,2,0,2,3,4,2,5,15,8,6,46,2,0,1
2020,8,50600,"HT",40,11,1,0,0,6,0,0,7,0,0.275,0,0,2,8,2,4,2,5,0,2,13,12,3,41,0,1,1
2020,8,77248,"OB",11,3,0,0,0,2,1,0,5,0,0.273,0,2,3,2,6,4,0,2,6,0,13,12,7,13,3,1,1
2020,8,64704,"HH",11,3,0,1,0,1,0,0,4,0,0.273,0,0,3,3,2,4,0,2,4,3,12,9,3,11,0,0,0
2020,8,62556,"LT",22,6,0,0,1,6,4,0,2,1,0.273,2,2,0,0,0,2,6,4,2,5,8,15,9,28,1,0,2
2020,8,64213,"OB",37,10,0,1,0,7,0,0,7,2,0.27,0,2,3,2,6,4,0,2,6,0,13,12,NA,38,0,0,1
2020,8,50165,"LG",89,24,1,1,10,18,11,0,31,2,0.27,3,8,2,0,0,3,2,0,2,5,13,12,4,100,1,0,0
2020,8,64004,"KT",30,8,1,0,1,6,6,0,9,0,0.267,3,2,0,2,0,2,3,4,2,5,15,8,5,36,2,1,0
2020,8,61208,"HH",15,4,0,1,0,1,2,0,1,0,0.267,0,0,3,3,2,4,0,2,4,3,12,9,7,18,0,1,1
2020,8,74339,"KT",79,21,4,0,2,10,10,0,9,5,0.266,3,2,0,2,0,2,3,4,2,5,15,8,5,90,0,0,1
2020,8,62558,"LT",38,10,1,0,2,9,10,0,9,0,0.263,2,2,0,0,0,2,6,4,2,5,8,15,8,50,1,1,2
2020,8,77463,"SK",46,12,1,0,2,5,7,0,10,1,0.261,2,5,4,0,4,2,2,0,4,0,11,12,5,53,0,0,0
2020,8,78756,"HH",23,6,1,0,0,1,3,0,2,0,0.261,0,0,3,3,2,4,0,2,4,3,12,9,6,27,0,0,1
2020,8,71564,"LT",90,23,4,0,3,19,3,1,13,4,0.256,2,2,0,0,0,2,6,4,2,5,8,15,4,97,0,0,3
2020,8,65586,"WO",67,17,3,2,2,7,7,1,12,2,0.254,3,2,5,5,5,2,0,0,4,0,11,15,8,77,2,0,2
2020,8,66203,"OB",8,2,0,0,0,1,2,0,1,0,0.25,0,2,3,2,6,4,0,2,6,0,13,12,NA,11,0,0,1
2020,8,75847,"SK",76,19,3,0,6,23,16,3,18,1,0.25,2,5,4,0,4,2,2,0,4,0,11,12,3,98,2,1,3
2020,8,77564,"LG",52,13,3,0,0,7,2,1,16,3,0.25,3,8,2,0,0,3,2,0,2,5,13,12,5,57,0,0,2
2020,8,64153,"LG",12,3,0,0,0,1,0,0,2,0,0.25,3,8,2,0,0,3,2,0,2,5,13,12,NA,12,0,0,0
2020,8,79109,"LG",96,24,8,2,1,10,7,0,21,1,0.25,3,8,2,0,0,3,2,0,2,5,13,12,2,104,1,2,1
2020,8,79150,"LG",68,17,1,0,0,10,9,0,15,1,0.25,3,8,2,0,0,3,2,0,2,5,13,12,8,78,1,0,1
2020,8,62931,"NC",72,18,3,1,4,19,9,0,16,2,0.25,4,4,2,3,2,0,4,2,0,2,10,13,7,81,0,0,0
2020,8,66657,"HT",4,1,0,0,0,1,1,0,1,0,0.25,0,0,2,8,2,4,2,5,0,2,13,12,NA,5,0,0,0
2020,8,79402,"SS",32,8,1,0,0,3,1,2,3,0,0.25,4,0,2,2,2,0,6,4,0,4,13,11,1,35,0,0,0
2020,8,76313,"KT",86,21,9,1,1,14,13,1,16,2,0.244,3,2,0,2,0,2,3,4,2,5,15,8,2,100,3,2,0
2020,8,75125,"WO",37,9,1,0,3,8,10,2,14,1,0.243,3,2,5,5,5,2,0,0,4,0,11,15,4,51,0,0,2
2020,8,61102,"LG",74,18,3,0,6,16,7,1,20,3,0.243,3,8,2,0,0,3,2,0,2,5,13,12,7,82,0,0,0
2020,8,63257,"OB",29,7,3,0,1,7,5,0,5,1,0.241,0,2,3,2,6,4,0,2,6,0,13,12,NA,36,0,0,2
2020,8,63722,"HT",29,7,0,0,2,5,8,0,8,0,0.241,0,0,2,8,2,4,2,5,0,2,13,12,8,38,0,0,1
2020,8,62404,"SS",87,21,1,0,1,13,13,1,19,0,0.241,4,0,2,2,2,0,6,4,0,4,13,11,2,102,3,0,1
2020,8,79240,"OB",63,15,2,0,1,5,5,0,5,2,0.238,0,2,3,2,6,4,0,2,6,0,13,12,6,70,1,0,2
2020,8,66354,"WO",21,5,1,0,0,2,6,0,6,0,0.238,3,2,5,5,5,2,0,0,4,0,11,15,5,30,0,0,3
2020,8,61743,"SK",21,5,1,0,0,2,0,0,5,0,0.238,2,5,4,0,4,2,2,0,4,0,11,12,2,21,0,0,0
2020,8,69636,"HT",21,5,0,0,2,7,0,2,9,0,0.238,0,0,2,8,2,4,2,5,0,2,13,12,8,23,0,0,0
2020,8,64166,"KT",76,18,4,0,2,8,18,0,20,3,0.237,3,2,0,2,0,2,3,4,2,5,15,8,6,94,3,3,0
2020,8,62700,"HH",72,17,2,0,2,12,3,1,21,1,0.236,0,0,3,3,2,4,0,2,4,3,12,9,3,78,0,0,2
2020,8,62895,"SK",68,16,2,0,3,5,14,3,17,2,0.235,2,5,4,0,4,2,2,0,4,0,11,12,5,85,1,0,0
2020,8,62934,"NC",17,4,2,0,0,1,2,1,4,0,0.235,4,4,2,3,2,0,4,2,0,2,10,13,1,20,1,1,0
2020,8,64560,"HT",17,4,2,0,0,1,2,0,3,1,0.235,0,0,2,8,2,4,2,5,0,2,13,12,1,19,0,0,0
2020,8,64468,"SS",64,15,2,0,1,5,3,0,13,1,0.234,4,0,2,2,2,0,6,4,0,4,13,11,4,69,1,1,2
2020,8,75566,"SS",60,14,2,0,0,4,5,0,11,1,0.233,4,0,2,2,2,0,6,4,0,4,13,11,4,65,0,0,0
2020,8,63634,"KT",13,3,0,0,1,2,3,1,3,0,0.231,3,2,0,2,0,2,3,4,2,5,15,8,8,17,0,0,0
2020,8,63636,"HT",13,3,0,0,0,0,0,0,5,0,0.231,0,0,2,8,2,4,2,5,0,2,13,12,NA,13,0,0,0
2020,8,69442,"SS",13,3,2,0,0,5,1,0,5,0,0.231,4,0,2,2,2,0,6,4,0,4,13,11,NA,17,0,0,3
2020,8,50704,"HH",26,6,1,0,0,2,2,0,10,0,0.231,0,0,3,3,2,4,0,2,4,3,12,9,7,28,0,0,0
2020,8,64504,"LT",13,3,1,0,0,3,0,0,3,0,0.231,2,2,0,0,0,2,6,4,2,5,8,15,NA,13,0,0,0
2020,8,78603,"HT",31,7,1,0,0,1,3,0,6,0,0.226,0,0,2,8,2,4,2,5,0,2,13,12,1,34,0,0,0
2020,8,76753,"HH",31,7,1,0,2,7,3,0,4,5,0.226,0,0,3,3,2,4,0,2,4,3,12,9,8,35,0,0,1
2020,8,78168,"WO",81,18,4,0,0,7,20,0,6,2,0.222,3,2,5,5,5,2,0,0,4,0,11,15,1,105,4,2,4
2020,8,74729,"HH",45,10,1,0,1,4,4,2,12,2,0.222,0,0,3,3,2,4,0,2,4,3,12,9,4,52,0,0,1
2020,8,74465,"NC",50,11,1,0,0,7,15,4,10,1,0.22,4,4,2,3,2,0,4,2,0,2,10,13,5,69,0,1,0
2020,8,79608,"LT",73,16,4,0,0,5,7,1,8,1,0.219,2,2,0,0,0,2,6,4,2,5,8,15,7,81,3,0,0
2020,8,50730,"HH",55,12,3,0,1,8,7,2,17,0,0.218,0,0,3,3,2,4,0,2,4,3,12,9,4,64,0,0,0
2020,8,76249,"LT",51,11,0,0,0,6,3,2,13,0,0.216,2,2,0,0,0,2,6,4,2,5,8,15,9,57,0,1,1
2020,8,61700,"HH",42,9,1,0,1,6,7,1,16,0,0.214,0,0,3,3,2,4,0,2,4,3,12,9,6,53,0,1,3
2020,8,72133,"LG",24,5,0,0,0,2,1,0,6,1,0.208,3,8,2,0,0,3,2,0,2,5,13,12,NA,26,0,0,1
2020,8,62864,"HT",58,12,1,0,0,4,7,0,12,2,0.207,0,0,2,8,2,4,2,5,0,2,13,12,5,67,0,0,2
2020,8,67025,"KT",97,20,3,1,7,23,6,1,27,3,0.206,3,2,0,2,0,2,3,4,2,5,15,8,3,106,0,1,2
2020,8,63963,"NC",44,9,2,0,1,4,7,2,10,0,0.205,4,4,2,3,2,0,4,2,0,2,10,13,2,55,0,0,2
2020,8,64646,"HT",79,16,2,0,0,8,6,0,17,0,0.203,0,0,2,8,2,4,2,5,0,2,13,12,8,88,5,0,3
2020,8,50202,"OB",5,1,0,0,0,0,0,0,0,0,0.2,0,2,3,2,6,4,0,2,6,0,13,12,4,5,0,0,0
2020,8,62356,"WO",5,1,0,0,0,1,0,1,0,0,0.2,3,2,5,5,5,2,0,0,4,0,11,15,8,7,0,0,1
2020,8,76869,"SK",10,2,0,0,0,0,0,0,2,0,0.2,2,5,4,0,4,2,2,0,4,0,11,12,3,10,0,0,0
2020,8,65207,"LG",5,1,0,0,0,0,1,0,1,1,0.2,3,8,2,0,0,3,2,0,2,5,13,12,3,6,2,1,0
2020,8,78122,"NC",10,2,0,0,0,2,0,0,1,0,0.2,4,4,2,3,2,0,4,2,0,2,10,13,4,10,0,0,0
2020,8,60288,"SS",5,1,0,0,0,0,0,1,2,0,0.2,4,0,2,2,2,0,6,4,0,4,13,11,NA,6,0,0,0
2020,8,73306,"NC",51,10,4,0,0,3,6,1,13,3,0.196,4,4,2,3,2,0,4,2,0,2,10,13,9,59,1,0,1
2020,8,64006,"KT",67,13,1,1,1,6,8,1,14,2,0.194,3,2,0,2,0,2,3,4,2,5,15,8,9,80,3,1,4
2020,8,64115,"LG",31,6,1,0,1,4,4,0,4,1,0.194,3,8,2,0,0,3,2,0,2,5,13,12,9,37,0,0,2
2020,8,64266,"SS",26,5,1,0,0,3,2,0,5,0,0.192,4,0,2,2,2,0,6,4,0,4,13,11,5,28,0,0,0
2020,8,68743,"HH",26,5,0,0,0,0,4,1,11,0,0.192,0,0,3,3,2,4,0,2,4,3,12,9,2,32,0,0,1
2020,8,79365,"WO",37,7,1,0,0,2,4,1,9,2,0.189,3,2,5,5,5,2,0,0,4,0,11,15,5,42,0,0,0
2020,8,71184,"LG",16,3,0,0,0,1,1,0,3,0,0.188,3,8,2,0,0,3,2,0,2,5,13,12,8,18,0,0,1
2020,8,62265,"HT",86,16,5,0,2,19,14,2,20,2,0.186,0,0,2,8,2,4,2,5,0,2,13,12,5,103,0,0,1
2020,8,64407,"SS",27,5,1,0,0,1,1,2,6,0,0.185,4,0,2,2,2,0,6,4,0,4,13,11,4,30,0,0,0
2020,8,67207,"OB",33,6,1,0,0,1,5,1,10,2,0.182,0,2,3,2,6,4,0,2,6,0,13,12,2,40,7,0,1
2020,8,71842,"OB",11,2,1,0,0,2,1,0,3,0,0.182,0,2,3,2,6,4,0,2,6,0,13,12,8,13,0,0,1
2020,8,65653,"HT",22,4,1,0,1,5,3,0,10,1,0.182,0,0,2,8,2,4,2,5,0,2,13,12,6,25,0,0,0
2020,8,50469,"SS",22,4,0,0,1,1,3,0,6,1,0.182,4,0,2,2,2,0,6,4,0,4,13,11,NA,25,0,0,0
2020,8,60343,"HH",11,2,0,0,0,1,1,1,4,0,0.182,0,0,3,3,2,4,0,2,4,3,12,9,8,15,0,0,2
2020,8,61566,"LT",11,2,2,0,0,0,2,0,4,1,0.182,2,2,0,0,0,2,6,4,2,5,8,15,3,13,0,0,0
2020,8,75808,"LG",6,1,0,0,0,1,2,0,0,0,0.167,3,8,2,0,0,3,2,0,2,5,13,12,9,8,0,0,0
2020,8,68912,"NC",18,3,0,0,0,0,0,0,5,0,0.167,4,4,2,3,2,0,4,2,0,2,10,13,NA,18,0,0,0
2020,8,64906,"KT",12,2,0,0,0,0,1,0,4,0,0.167,3,2,0,2,0,2,3,4,2,5,15,8,8,15,0,0,2
2020,8,62244,"OB",38,6,1,0,1,3,5,2,4,1,0.158,0,2,3,2,6,4,0,2,6,0,13,12,8,45,1,0,0
2020,8,73113,"KT",32,5,1,0,1,4,5,0,14,0,0.156,3,2,0,2,0,2,3,4,2,5,15,8,7,37,0,0,0
2020,8,66614,"HT",41,6,0,0,1,1,3,1,10,0,0.146,0,0,2,8,2,4,2,5,0,2,13,12,9,47,0,1,2
2020,8,66409,"SS",42,6,2,0,2,4,1,0,12,0,0.143,4,0,2,2,2,0,6,4,0,4,13,11,6,43,1,0,0
2020,8,71752,"HH",32,4,0,0,0,4,1,0,5,1,0.125,0,0,3,3,2,4,0,2,4,3,12,9,4,34,0,0,1
2020,8,73136,"HH",16,2,0,0,2,4,3,1,3,0,0.125,0,0,3,3,2,4,0,2,4,3,12,9,7,20,0,0,0
2020,8,68868,"SK",26,3,0,0,0,1,2,0,7,1,0.115,2,5,4,0,4,2,2,0,4,0,11,12,6,31,0,0,3
2020,8,66928,"NC",26,3,3,0,0,3,1,1,9,2,0.115,4,4,2,3,2,0,4,2,0,2,10,13,NA,28,0,0,0
2020,8,78643,"HT",9,1,0,0,0,0,1,0,3,0,0.111,0,0,2,8,2,4,2,5,0,2,13,12,8,10,0,0,0
2020,8,64012,"KT",10,1,0,0,0,0,2,0,3,0,0.1,3,2,0,2,0,2,3,4,2,5,15,8,1,12,0,0,0
2020,8,69766,"HH",10,1,0,0,0,0,2,0,6,0,0.1,0,0,3,3,2,4,0,2,4,3,12,9,9,12,0,0,0
2020,8,76812,"SK",31,3,1,0,1,1,6,1,4,2,0.097,2,5,4,0,4,2,2,0,4,0,11,12,7,40,0,0,2
2020,8,68518,"LT",22,2,1,0,0,0,3,1,3,0,0.091,2,2,0,0,0,2,6,4,2,5,8,15,8,27,0,0,1
2020,8,50707,"HH",17,1,0,0,0,0,0,0,4,0,0.059,0,0,3,3,2,4,0,2,4,3,12,9,1,17,0,0,0
2020,8,68200,"OB",0,0,0,0,0,0,0,0,0,0,0,0,2,3,2,6,4,0,2,6,0,13,12,NA,0,0,0,0
2020,8,50204,"OB",1,0,0,0,0,0,0,0,1,0,0,0,2,3,2,6,4,0,2,6,0,13,12,6,1,0,0,0
2020,8,50208,"OB",2,0,0,0,0,0,0,0,1,0,0,0,2,3,2,6,4,0,2,6,0,13,12,NA,2,0,0,0
2020,8,68211,"OB",0,0,0,0,0,0,0,0,0,0,0,0,2,3,2,6,4,0,2,6,0,13,12,NA,0,0,0,0
2020,8,50360,"WO",0,0,0,0,0,0,0,0,0,0,0,3,2,5,5,5,2,0,0,4,0,11,15,NA,0,0,0,0
2020,8,76430,"WO",0,0,0,0,0,0,0,0,0,0,0,3,2,5,5,5,2,0,0,4,0,11,15,NA,0,0,0,0
2020,8,68346,"WO",0,0,0,0,0,0,1,0,0,0,0,3,2,5,5,5,2,0,0,4,0,11,15,NA,1,0,0,0
2020,8,65304,"WO",0,0,0,0,0,0,0,0,0,0,0,3,2,5,5,5,2,0,0,4,0,11,15,NA,0,0,0,0
2020,8,67391,"WO",0,0,0,0,0,0,0,0,0,0,0,3,2,5,5,5,2,0,0,4,0,11,15,NA,0,0,0,0
2020,8,69306,"WO",1,0,0,0,0,0,1,0,0,0,0,3,2,5,5,5,2,0,0,4,0,11,15,1,2,0,0,0
2020,8,50357,"WO",2,0,0,0,0,0,0,0,2,0,0,3,2,5,5,5,2,0,0,4,0,11,15,2,2,0,0,0
2020,8,65362,"WO",6,0,0,0,0,0,0,0,1,0,0,3,2,5,5,5,2,0,0,4,0,11,15,NA,6,0,0,0
2020,8,64346,"WO",1,0,0,0,0,0,0,0,1,0,0,3,2,5,5,5,2,0,0,4,0,11,15,NA,1,0,0,0
2020,8,63348,"WO",0,0,0,0,0,0,0,0,0,0,0,3,2,5,5,5,2,0,0,4,0,11,15,NA,0,0,0,0
2020,8,69360,"WO",0,0,0,0,0,0,0,0,0,0,0,3,2,5,5,5,2,0,0,4,0,11,15,NA,0,0,0,0
2020,8,63894,"SK",0,0,0,0,0,0,0,0,0,0,0,2,5,4,0,4,2,2,0,4,0,11,12,2,0,0,0,0
2020,8,79847,"SK",0,0,0,0,0,0,0,0,0,0,0,2,5,4,0,4,2,2,0,4,0,11,12,NA,0,0,0,0
2020,8,64893,"SK",0,0,0,0,0,0,0,0,0,0,0,2,5,4,0,4,2,2,0,4,0,11,12,8,0,0,0,0
2020,8,64896,"SK",0,0,0,0,0,0,0,0,0,0,0,2,5,4,0,4,2,2,0,4,0,11,12,NA,0,0,0,0
2020,8,61895,"SK",0,0,0,0,0,0,0,0,0,0,0,2,5,4,0,4,2,2,0,4,0,11,12,8,0,0,0,0
2020,8,50859,"SK",0,0,0,0,0,0,0,0,0,0,0,2,5,4,0,4,2,2,0,4,0,11,12,NA,0,0,0,0
2020,8,74215,"SK",4,0,0,0,0,0,0,0,2,0,0,2,5,4,0,4,2,2,0,4,0,11,12,5,4,0,0,0
2020,8,65869,"SK",2,0,0,0,0,0,0,0,1,0,0,2,5,4,0,4,2,2,0,4,0,11,12,8,2,0,0,0
2020,8,63450,"SK",3,0,0,0,0,0,0,0,0,0,0,2,5,4,0,4,2,2,0,4,0,11,12,9,3,0,1,0
2020,8,50802,"SK",5,0,0,0,0,0,0,1,0,0,0,2,5,4,0,4,2,2,0,4,0,11,12,NA,6,0,0,0
2020,8,66113,"LG",11,0,0,0,0,0,0,1,0,1,0,3,8,2,0,0,3,2,0,2,5,13,12,6,12,0,0,0
2020,8,64100,"LG",0,0,0,0,0,0,0,0,0,0,0,3,8,2,0,0,3,2,0,2,5,13,12,NA,0,0,0,0
2020,8,73801,"LG",0,0,0,0,0,0,0,0,0,0,0,3,8,2,0,0,3,2,0,2,5,13,12,NA,0,0,0,0
2020,8,68106,"LG",2,0,0,0,0,0,0,0,2,0,0,3,8,2,0,0,3,2,0,2,5,13,12,2,2,0,0,0
2020,8,69134,"LG",0,0,0,0,0,0,0,0,0,0,0,3,8,2,0,0,3,2,0,2,5,13,12,NA,0,0,0,0
2020,8,79140,"LG",0,0,0,0,0,0,0,0,0,0,0,3,8,2,0,0,3,2,0,2,5,13,12,NA,0,0,0,0
2020,8,62146,"LG",0,0,0,0,0,0,0,0,0,0,0,3,8,2,0,0,3,2,0,2,5,13,12,9,0,0,0,0
2020,8,63913,"LG",0,0,0,0,0,0,0,0,0,0,0,3,8,2,0,0,3,2,0,2,5,13,12,NA,0,0,0,0
2020,8,64101,"LG",0,0,0,0,0,0,0,0,0,0,0,3,8,2,0,0,3,2,0,2,5,13,12,3,0,0,0,0
2020,8,61295,"NC",0,0,0,0,0,0,0,0,0,0,0,4,4,2,3,2,0,4,2,0,2,10,13,NA,0,0,0,0
2020,8,60339,"NC",0,0,0,0,0,0,0,0,0,0,0,4,4,2,3,2,0,4,2,0,2,10,13,NA,0,0,0,0
2020,8,66917,"NC",1,0,0,0,0,0,0,0,1,0,0,4,4,2,3,2,0,4,2,0,2,10,13,7,1,0,0,0
2020,8,63914,"NC",0,0,0,0,0,0,0,0,0,0,0,4,4,2,3,2,0,4,2,0,2,10,13,NA,0,0,0,0
2020,8,63903,"NC",3,0,0,0,0,0,0,0,0,0,0,4,4,2,3,2,0,4,2,0,2,10,13,NA,3,0,0,0
2020,8,60566,"NC",9,0,0,0,0,0,0,0,1,0,0,4,4,2,3,2,0,4,2,0,2,10,13,6,9,0,1,0
2020,8,68043,"KT",0,0,0,0,0,0,0,0,0,0,0,3,2,0,2,0,2,3,4,2,5,15,8,NA,0,0,0,0
2020,8,64014,"KT",0,0,0,0,0,0,0,0,0,0,0,3,2,0,2,0,2,3,4,2,5,15,8,NA,0,0,0,0
2020,8,63448,"KT",3,0,0,0,0,0,0,0,2,0,0,3,2,0,2,0,2,3,4,2,5,15,8,NA,4,0,0,1
2020,8,65040,"KT",1,0,0,0,0,0,0,0,0,0,0,3,2,0,2,0,2,3,4,2,5,15,8,NA,1,0,0,0
2020,8,64724,"KT",0,0,0,0,0,0,0,0,0,0,0,3,2,0,2,0,2,3,4,2,5,15,8,NA,NA,NA,NA,NA
2020,8,65060,"KT",0,0,0,0,0,0,0,0,0,0,0,3,2,0,2,0,2,3,4,2,5,15,8,4,0,0,0,0
2020,8,50054,"KT",12,0,0,0,0,0,1,1,3,0,0,3,2,0,2,0,2,3,4,2,5,15,8,7,14,0,0,0
2020,8,67005,"KT",1,0,0,0,0,0,0,0,1,0,0,3,2,0,2,0,2,3,4,2,5,15,8,NA,1,0,0,0
2020,8,50657,"HT",1,0,0,0,0,0,1,0,1,0,0,0,0,2,8,2,4,2,5,0,2,13,12,NA,2,0,0,0
2020,8,62893,"HT",2,0,0,0,0,0,0,0,1,0,0,0,0,2,8,2,4,2,5,0,2,13,12,7,2,0,0,0
2020,8,65464,"HT",2,0,0,0,0,0,0,0,1,0,0,0,0,2,8,2,4,2,5,0,2,13,12,9,2,0,0,0
2020,8,64793,"SS",1,0,0,0,0,0,0,0,0,0,0,4,0,2,2,2,0,6,4,0,4,13,11,8,1,0,0,0
2020,8,64499,"SS",3,0,0,0,0,1,0,0,2,0,0,4,0,2,2,2,0,6,4,0,4,13,11,NA,4,0,0,1
2020,8,62409,"SS",2,0,0,0,0,0,2,0,2,0,0,4,0,2,2,2,0,6,4,0,4,13,11,2,4,0,0,0
2020,8,69403,"SS",6,0,0,0,0,0,1,0,2,0,0,4,0,2,2,2,0,6,4,0,4,13,11,NA,7,0,0,0
2020,8,69453,"SS",15,0,0,0,0,0,5,0,3,0,0,4,0,2,2,2,0,6,4,0,4,13,11,5,21,0,0,1
2020,8,68701,"HH",1,0,0,0,0,0,0,0,1,0,0,0,0,3,3,2,4,0,2,4,3,12,9,NA,1,0,0,0
2020,8,50709,"HH",3,0,0,0,0,0,0,0,2,0,0,0,0,3,3,2,4,0,2,4,3,12,9,8,3,0,0,0
2020,8,64209,"HH",7,0,0,0,0,0,1,1,4,0,0,0,0,3,3,2,4,0,2,4,3,12,9,NA,9,0,0,0
2020,8,65522,"LT",3,0,0,0,0,0,1,0,2,0,0,2,2,0,0,0,2,6,4,2,5,8,15,NA,4,0,0,0
2020,8,61204,"LT",5,0,0,0,0,0,1,0,0,1,0,2,2,0,0,0,2,6,4,2,5,8,15,6,6,2,0,0
2020,9,65304,"WO",2,2,0,0,0,0,0,0,0,0,1,4,4,2,2,2,2,5,4,2,0,13,14,NA,3,0,0,0
2020,9,64012,"KT",7,4,1,0,1,2,2,0,2,0,0.571,2,2,0,2,3,2,4,5,4,2,12,14,1,10,0,0,0
2020,9,68204,"OB",4,2,1,0,0,3,0,0,1,0,0.5,5,1,4,2,0,2,0,2,4,5,11,14,3,4,0,0,0
2020,9,66203,"OB",6,3,1,0,0,0,0,0,3,0,0.5,5,1,4,2,0,2,0,2,4,5,11,14,NA,6,0,0,0
2020,9,50293,"OB",2,1,0,0,0,0,0,0,0,0,0.5,5,1,4,2,0,2,0,2,4,5,11,14,NA,2,0,0,0
2020,9,64213,"OB",6,3,0,0,0,2,2,0,1,0,0.5,5,1,4,2,0,2,0,2,4,5,11,14,NA,8,0,0,0
2020,9,62356,"WO",2,1,0,0,0,0,0,0,1,0,0.5,4,4,2,2,2,2,5,4,2,0,13,14,8,3,0,0,0
2020,9,79192,"LG",12,6,0,0,1,6,0,1,2,0,0.5,2,1,2,0,6,4,2,3,2,2,12,12,5,22,0,0,0
2020,9,64469,"SS",2,1,0,0,0,0,0,0,0,0,0.5,3,3,4,2,2,3,4,2,0,2,11,14,7,3,0,0,0
2020,9,60343,"HH",25,12,3,0,1,1,1,1,3,1,0.48,0,4,2,2,2,2,5,2,3,4,10,16,8,28,0,2,0
2020,9,66606,"HT",63,28,5,1,0,7,6,3,7,0,0.444,4,0,2,1,5,2,1,2,3,4,13,11,4,82,2,1,0
2020,9,62907,"NC",79,33,6,2,0,14,3,5,12,1,0.418,2,2,2,4,5,0,2,4,3,2,14,12,1,98,5,1,2
2020,9,66838,"SS",60,25,3,0,5,18,2,0,7,2,0.417,3,3,4,2,2,3,4,2,0,2,11,14,6,71,0,1,1
2020,9,64007,"KT",17,7,0,1,2,5,2,0,3,0,0.412,2,2,0,2,3,2,4,5,4,2,12,14,1,21,0,0,0
2020,9,64610,"SS",32,13,0,0,0,3,6,0,7,1,0.406,3,3,4,2,2,3,4,2,0,2,11,14,NA,48,0,0,3
2020,9,76232,"NC",75,30,3,1,7,24,6,1,6,0,0.4,2,2,2,4,5,0,2,4,3,2,14,12,4,90,1,2,1
2020,9,78603,"HT",23,9,1,0,0,3,2,0,3,3,0.391,4,0,2,1,5,2,1,2,3,4,13,11,1,34,0,0,2
2020,9,76290,"LG",55,21,4,0,1,20,9,0,10,0,0.382,2,1,2,0,6,4,2,3,2,2,12,12,3,74,0,0,2
2020,9,63257,"OB",8,3,0,0,0,3,4,0,0,0,0.375,5,1,4,2,0,2,0,2,4,5,11,14,NA,13,0,0,0
2020,9,77564,"LG",8,3,0,0,1,2,0,0,2,0,0.375,2,1,2,0,6,4,2,3,2,2,12,12,5,15,1,0,0
2020,9,76313,"KT",72,27,3,2,3,15,9,1,16,1,0.375,2,2,0,2,3,2,4,5,4,2,12,14,2,92,4,1,1
2020,9,64407,"SS",8,3,0,0,0,0,0,0,1,0,0.375,3,3,4,2,2,3,4,2,0,2,11,14,4,8,0,0,0
2020,9,67025,"KT",67,25,3,0,5,16,12,1,14,3,0.373,2,2,0,2,3,2,4,5,4,2,12,14,3,91,0,0,2
2020,9,66614,"HT",19,7,0,0,1,5,0,0,4,0,0.368,4,0,2,1,5,2,1,2,3,4,13,11,9,22,0,0,1
2020,9,66928,"NC",11,4,1,0,0,0,0,1,4,0,0.364,2,2,2,4,5,0,2,4,3,2,14,12,NA,13,1,0,0
2020,9,79608,"LT",55,20,4,0,2,15,5,2,5,2,0.364,2,5,3,6,0,5,0,2,2,2,15,12,7,67,0,0,1
2020,9,79402,"SS",64,23,0,1,1,12,9,0,8,0,0.359,3,3,4,2,2,3,4,2,0,2,11,14,1,82,2,0,0
2020,9,72443,"HT",68,24,8,0,5,20,7,0,13,1,0.353,4,0,2,1,5,2,1,2,3,4,13,11,3,84,0,0,1
2020,9,77532,"LT",63,22,4,0,0,6,1,0,4,3,0.349,2,5,3,6,0,5,0,2,2,2,15,12,2,74,1,0,0
2020,9,75566,"SS",58,20,2,0,3,9,1,0,12,0,0.345,3,3,4,2,2,3,4,2,0,2,11,14,4,69,0,0,2
2020,9,62404,"SS",71,24,5,1,3,17,7,0,13,2,0.338,3,3,4,2,2,3,4,2,0,2,11,14,2,88,2,0,1
2020,9,67207,"OB",6,2,0,0,0,1,2,1,3,0,0.333,5,1,4,2,0,2,0,2,4,5,11,14,2,9,0,2,0
2020,9,78217,"LG",3,1,0,0,0,1,1,0,1,0,0.333,2,1,2,0,6,4,2,3,2,2,12,12,4,5,0,0,1
2020,9,66113,"LG",9,3,1,0,0,2,1,0,3,0,0.333,2,1,2,0,6,4,2,3,2,2,12,12,6,10,0,0,0
2020,9,72133,"LG",42,14,3,0,2,6,4,0,4,0,0.333,2,1,2,0,6,4,2,3,2,2,12,12,NA,46,0,0,0
2020,9,64100,"LG",6,2,0,0,0,0,0,0,2,1,0.333,2,1,2,0,6,4,2,3,2,2,12,12,NA,7,0,0,1
2020,9,71184,"LG",6,2,0,0,0,0,0,0,0,0,0.333,2,1,2,0,6,4,2,3,2,2,12,12,8,6,0,0,0
2020,9,73113,"KT",54,18,5,0,1,8,5,4,18,1,0.333,2,2,0,2,3,2,4,5,4,2,12,14,7,72,0,0,1
2020,9,62802,"KT",15,5,1,0,0,2,1,1,8,0,0.333,2,2,0,2,3,2,4,5,4,2,12,14,6,19,1,0,1
2020,9,64984,"HT",51,17,1,0,0,7,1,1,5,1,0.333,4,0,2,1,5,2,1,2,3,4,13,11,9,61,0,1,0
2020,9,60288,"SS",12,4,0,0,0,0,0,0,2,0,0.333,3,3,4,2,2,3,4,2,0,2,11,14,NA,13,0,0,1
2020,9,50707,"HH",30,10,0,0,0,3,3,0,8,0,0.333,0,4,2,2,2,2,5,2,3,4,10,16,1,39,0,0,2
2020,9,65506,"LT",33,11,0,0,1,4,5,1,8,0,0.333,2,5,3,6,0,5,0,2,2,2,15,12,7,39,4,0,0
2020,9,50923,"NC",70,23,4,1,4,16,8,2,18,1,0.329,2,2,2,4,5,0,2,4,3,2,14,12,5,89,4,0,2
2020,9,68050,"KT",70,23,3,0,2,14,10,2,12,0,0.329,2,2,0,2,3,2,4,5,4,2,12,14,4,91,1,0,0
2020,9,78168,"WO",58,19,7,0,0,2,12,1,6,0,0.328,4,4,2,2,2,2,5,4,2,0,13,14,1,80,3,1,2
2020,9,68525,"LT",68,22,4,0,0,7,12,0,15,2,0.324,2,5,3,6,0,5,0,2,2,2,15,12,6,89,0,0,0
2020,9,69209,"OB",72,23,3,0,2,8,5,1,7,3,0.319,5,1,4,2,0,2,0,2,4,5,11,14,2,86,0,0,0
2020,9,66108,"LG",70,22,4,1,0,5,11,0,12,0,0.314,2,1,2,0,6,4,2,3,2,2,12,12,1,92,3,1,2
2020,9,78629,"HT",51,16,3,0,2,11,13,4,15,1,0.314,4,0,2,1,5,2,1,2,3,4,13,11,4,77,0,0,1
2020,9,64300,"WO",68,21,3,0,2,12,8,1,12,1,0.309,4,4,2,2,2,2,5,4,2,0,13,14,2,86,3,0,0
2020,9,65207,"LG",13,4,1,0,0,1,1,0,2,0,0.308,2,1,2,0,6,4,2,3,2,2,12,12,3,15,0,0,1
2020,9,50704,"HH",26,8,0,0,1,6,1,1,9,0,0.308,0,4,2,2,2,2,5,2,3,4,10,16,7,35,0,1,1
2020,9,78513,"LT",72,22,4,0,3,16,9,2,13,1,0.306,2,5,3,6,0,5,0,2,2,2,15,12,3,93,0,1,1
2020,9,74206,"OB",53,16,0,0,0,2,4,0,11,0,0.302,5,1,4,2,0,2,0,2,4,5,11,14,7,65,2,0,0
2020,9,60558,"SK",60,18,3,0,2,7,2,1,8,1,0.3,2,2,5,3,2,4,2,0,2,4,17,9,7,68,5,3,1
2020,9,61186,"LG",47,14,4,1,2,7,4,0,9,4,0.298,2,1,2,0,6,4,2,3,2,2,12,12,1,55,1,0,0
2020,9,69652,"HT",64,19,7,0,5,20,12,1,9,1,0.297,4,0,2,1,5,2,1,2,3,4,13,11,2,87,0,0,2
2020,9,67341,"WO",71,21,4,0,1,17,13,0,11,0,0.296,4,4,2,2,2,2,5,4,2,0,13,14,3,95,3,0,2
2020,9,62700,"HH",62,18,2,0,0,5,6,1,17,1,0.29,0,4,2,2,2,2,5,2,3,4,10,16,3,79,1,0,1
2020,9,79215,"OB",69,20,9,0,0,11,3,0,8,2,0.29,5,1,4,2,0,2,0,2,4,5,11,14,1,81,0,0,1
2020,9,67872,"SK",69,20,1,0,7,18,8,2,14,0,0.29,2,2,5,3,2,4,2,0,2,4,17,9,4,87,0,1,0
2020,9,65399,"WO",59,17,2,0,0,9,9,0,14,0,0.288,4,4,2,2,2,2,5,4,2,0,13,14,5,70,0,0,1
2020,9,79109,"LG",66,19,4,0,1,7,9,1,18,0,0.288,2,1,2,0,6,4,2,3,2,2,12,12,2,86,5,0,1
2020,9,50854,"SK",63,18,2,0,0,4,3,0,13,1,0.286,2,2,5,3,2,4,2,0,2,4,17,9,1,75,4,0,3
2020,9,62947,"NC",42,12,1,0,2,9,4,0,13,0,0.286,2,2,2,4,5,0,2,4,3,2,14,12,3,47,2,1,0
2020,9,62864,"HT",42,12,2,0,2,6,2,0,4,1,0.286,4,0,2,1,5,2,1,2,3,4,13,11,5,49,0,0,2
2020,9,74163,"HH",42,12,3,1,0,2,4,0,3,0,0.286,0,4,2,2,2,2,5,2,3,4,10,16,1,46,0,0,0
2020,9,78288,"HH",35,10,0,0,0,4,2,2,5,0,0.286,0,4,2,2,2,2,5,2,3,4,10,16,8,48,0,0,2
2020,9,76267,"OB",60,17,2,0,1,6,4,1,8,0,0.283,5,1,4,2,0,2,0,2,4,5,11,14,5,76,0,0,2
2020,9,62884,"SK",39,11,1,0,2,7,8,0,4,0,0.282,2,2,5,3,2,4,2,0,2,4,17,9,8,47,0,0,0
2020,9,76802,"SK",54,15,3,0,1,8,3,0,3,3,0.278,2,2,5,3,2,4,2,0,2,4,17,9,9,65,0,0,2
2020,9,61743,"SK",11,3,0,0,0,0,1,0,2,1,0.273,2,2,5,3,2,4,2,0,2,4,17,9,2,12,0,1,0
2020,9,63963,"NC",44,12,3,0,0,6,2,1,8,0,0.273,2,2,2,4,5,0,2,4,3,2,14,12,2,57,1,0,1
2020,9,76753,"HH",33,9,0,0,2,11,1,1,9,0,0.273,0,4,2,2,2,2,5,2,3,4,10,16,8,43,0,0,0
2020,9,61208,"HH",33,9,2,0,0,1,3,2,10,1,0.273,0,4,2,2,2,2,5,2,3,4,10,16,7,43,1,1,3
2020,9,76100,"LT",59,16,2,0,4,15,11,0,16,3,0.271,2,5,3,6,0,5,0,2,2,2,15,12,NA,78,0,0,0
2020,9,71564,"LT",74,20,4,0,1,11,7,0,11,4,0.27,2,5,3,6,0,5,0,2,2,2,15,12,4,91,0,0,1
2020,9,67893,"SK",15,4,1,0,0,2,2,0,3,0,0.267,2,2,5,3,2,4,2,0,2,4,17,9,NA,21,0,0,0
2020,9,64266,"SS",15,4,2,0,0,1,2,0,6,1,0.267,3,3,4,2,2,3,4,2,0,2,11,14,5,17,0,0,0
2020,9,62025,"NC",19,5,0,0,2,4,2,0,4,2,0.263,2,2,2,4,5,0,2,4,3,2,14,12,NA,27,0,0,1
2020,9,67304,"WO",73,19,4,1,0,6,3,1,13,1,0.26,4,4,2,2,2,2,5,4,2,0,13,14,7,86,1,3,0
2020,9,76249,"LT",27,7,0,0,0,4,4,0,5,2,0.259,2,5,3,6,0,5,0,2,2,2,15,12,9,32,1,0,1
2020,9,65898,"WO",62,16,3,0,4,12,8,1,21,3,0.258,4,4,2,2,2,2,5,4,2,0,13,14,NA,81,1,0,1
2020,9,78135,"LG",35,9,4,0,1,3,2,1,10,1,0.257,2,1,2,0,6,4,2,3,2,2,12,12,3,44,0,0,1
2020,9,74465,"NC",51,13,4,0,0,6,7,2,13,3,0.255,2,2,2,4,5,0,2,4,3,2,14,12,5,69,0,0,1
2020,9,79231,"OB",59,15,3,1,0,2,7,0,9,2,0.254,5,1,4,2,0,2,0,2,4,5,11,14,9,76,2,0,2
2020,9,64166,"KT",67,17,1,0,3,13,9,0,19,1,0.254,2,2,0,2,3,2,4,5,4,2,12,14,6,90,2,2,3
2020,9,69825,"SK",4,1,1,0,0,0,0,0,0,1,0.25,2,2,5,3,2,4,2,0,2,4,17,9,NA,5,0,0,0
2020,9,79150,"LG",48,12,2,0,0,0,2,0,8,2,0.25,2,1,2,0,6,4,2,3,2,2,12,12,8,59,2,1,2
2020,9,62925,"NC",60,15,2,0,0,5,3,1,6,2,0.25,2,2,2,4,5,0,2,4,3,2,14,12,7,64,3,0,0
2020,9,78122,"NC",8,2,0,0,0,0,1,0,0,1,0.25,2,2,2,4,5,0,2,4,3,2,14,12,4,13,0,0,1
2020,9,64499,"SS",4,1,0,0,0,1,2,0,1,0,0.25,3,3,4,2,2,3,4,2,0,2,11,14,NA,6,0,0,0
2020,9,62415,"SS",60,15,3,1,1,5,11,2,5,0,0.25,3,3,4,2,2,3,4,2,0,2,11,14,2,85,5,1,3
2020,9,64209,"HH",4,1,0,0,0,0,0,0,2,0,0.25,0,4,2,2,2,2,5,2,3,4,10,16,NA,4,0,0,0
2020,9,74729,"HH",24,6,0,0,1,3,2,2,8,0,0.25,0,4,2,2,2,2,5,2,3,4,10,16,4,34,0,0,0
2020,9,65514,"LT",4,1,0,0,0,0,3,0,1,0,0.25,2,5,3,6,0,5,0,2,2,2,15,12,NA,7,0,0,0
2020,9,64504,"LT",12,3,1,0,0,1,3,0,3,0,0.25,2,5,3,6,0,5,0,2,2,2,15,12,NA,19,1,0,0
2020,9,78548,"KT",57,14,2,0,1,8,2,0,11,3,0.246,2,2,0,2,3,2,4,5,4,2,12,14,8,70,0,0,2
2020,9,61404,"SS",53,13,1,0,1,10,4,0,5,3,0.245,3,3,4,2,2,3,4,2,0,2,11,14,5,61,2,0,1
2020,9,64646,"HT",49,12,3,0,0,5,8,0,6,1,0.245,4,0,2,1,5,2,1,2,3,4,13,11,8,67,0,3,5
2020,9,60523,"LT",49,12,1,0,1,5,9,1,7,1,0.245,2,5,3,6,0,5,0,2,2,2,15,12,1,70,0,0,2
2020,9,62244,"OB",45,11,2,0,0,7,7,2,9,1,0.244,5,1,4,2,0,2,0,2,4,5,11,14,8,62,0,0,3
2020,9,76849,"NC",70,17,3,0,1,5,12,1,13,2,0.243,2,2,2,4,5,0,2,4,3,2,14,12,2,94,3,1,3
2020,9,74540,"SS",42,10,1,0,1,3,5,0,5,4,0.238,3,3,4,2,2,3,4,2,0,2,11,14,8,50,0,0,0
2020,9,64868,"KT",47,11,2,0,0,3,6,0,13,1,0.234,2,2,0,2,3,2,4,5,4,2,12,14,1,60,2,1,0
2020,9,74339,"KT",56,13,0,0,1,9,5,0,6,0,0.232,2,2,0,2,3,2,4,5,4,2,12,14,5,68,0,0,0
2020,9,64657,"WO",39,9,1,0,2,6,8,1,11,0,0.231,4,4,2,2,2,2,5,4,2,0,13,14,9,58,1,0,1
2020,9,64153,"LG",48,11,2,0,3,7,4,1,12,0,0.229,2,1,2,0,6,4,2,3,2,2,12,12,NA,54,0,0,1
2020,9,79240,"OB",57,13,3,0,1,6,5,0,2,3,0.228,5,1,4,2,0,2,0,2,4,5,11,14,6,71,1,1,1
2020,9,61353,"SK",66,15,2,0,1,1,3,0,12,0,0.227,2,2,5,3,2,4,2,0,2,4,17,9,6,70,0,1,0
2020,9,50469,"SS",66,15,3,0,3,12,7,0,18,0,0.227,3,3,4,2,2,3,4,2,0,2,11,14,NA,83,1,0,2
2020,9,50165,"LG",67,15,4,1,5,16,11,0,28,1,0.224,2,1,2,0,6,4,2,3,2,2,12,12,4,87,1,0,0
2020,9,50506,"LT",67,15,3,0,1,7,9,1,9,5,0.224,2,5,3,6,0,5,0,2,2,2,15,12,5,86,2,0,1
2020,9,65610,"HT",9,2,0,0,0,0,2,0,3,0,0.222,4,0,2,1,5,2,1,2,3,4,13,11,5,15,0,0,0
2020,9,69442,"SS",9,2,0,0,0,2,0,0,3,0,0.222,3,3,4,2,2,3,4,2,0,2,11,14,NA,12,0,0,0
2020,9,73136,"HH",45,10,2,0,2,7,2,1,17,1,0.222,0,4,2,2,2,2,5,2,3,4,10,16,7,48,0,0,0
2020,9,61204,"LT",9,2,1,0,0,0,0,0,3,0,0.222,2,5,3,6,0,5,0,2,2,2,15,12,6,9,0,2,0
2020,9,79365,"WO",37,8,2,0,0,3,8,2,13,2,0.216,4,4,2,2,2,2,5,4,2,0,13,14,5,47,0,0,0
2020,9,63634,"KT",14,3,1,0,0,1,0,1,5,0,0.214,2,2,0,2,3,2,4,5,4,2,12,14,8,16,0,0,1
2020,9,75334,"OB",61,13,3,0,3,12,11,0,16,5,0.213,5,1,4,2,0,2,0,2,4,5,11,14,3,79,1,0,1
2020,9,64006,"KT",61,13,3,0,0,6,4,0,16,0,0.213,2,2,0,2,3,2,4,5,4,2,12,14,9,78,6,2,4
2020,9,50350,"WO",66,14,3,0,0,6,6,1,9,1,0.212,4,4,2,2,2,2,5,4,2,0,13,14,NA,84,2,0,2
2020,9,75151,"SK",19,4,2,0,0,3,0,0,5,0,0.211,2,2,5,3,2,4,2,0,2,4,17,9,5,24,0,0,1
2020,9,62934,"NC",29,6,0,0,2,2,5,0,6,0,0.207,2,2,2,4,5,0,2,4,3,2,14,12,1,43,2,1,3
2020,9,50458,"SS",29,6,0,0,0,1,6,0,9,0,0.207,3,3,4,2,2,3,4,2,0,2,11,14,9,36,2,2,1
2020,9,50600,"HT",34,7,2,0,0,1,1,0,5,1,0.206,4,0,2,1,5,2,1,2,3,4,13,11,3,39,0,1,3
2020,9,69737,"HH",68,14,3,0,1,8,9,0,29,2,0.206,0,4,2,2,2,2,5,2,3,4,10,16,NA,86,0,1,0
2020,9,62265,"HT",59,12,4,0,1,9,6,1,11,2,0.203,4,0,2,1,5,2,1,2,3,4,13,11,5,70,0,0,0
2020,9,62931,"NC",64,13,2,0,1,6,8,2,21,0,0.203,2,2,2,4,5,0,2,4,3,2,14,12,7,85,0,2,2
2020,9,79456,"WO",30,6,1,0,0,3,2,1,2,2,0.2,4,4,2,2,2,2,5,4,2,0,13,14,5,37,0,0,0
2020,9,61700,"HH",40,8,1,0,2,7,7,2,15,1,0.2,0,4,2,2,2,2,5,2,3,4,10,16,6,55,0,0,2
2020,9,65586,"WO",52,10,1,0,2,9,10,0,21,0,0.192,4,4,2,2,2,2,5,4,2,0,13,14,8,69,2,0,0
2020,9,61102,"LG",53,10,3,0,0,5,3,1,10,3,0.189,2,1,2,0,6,4,2,3,2,2,12,12,7,64,0,0,0
2020,9,78224,"OB",64,12,2,0,4,13,9,1,15,1,0.188,5,1,4,2,0,2,0,2,4,5,11,14,4,83,0,0,0
2020,9,66965,"NC",11,2,0,0,0,1,2,0,3,0,0.182,2,2,2,4,5,0,2,4,3,2,14,12,NA,13,0,0,0
2020,9,64906,"KT",11,2,0,0,0,1,1,0,1,0,0.182,2,2,0,2,3,2,4,5,4,2,12,14,8,12,0,0,0
2020,9,61566,"LT",11,2,1,0,0,1,1,0,3,0,0.182,2,5,3,6,0,5,0,2,2,2,15,12,3,12,0,0,0
2020,9,50730,"HH",67,12,1,0,1,8,7,1,29,1,0.179,0,4,2,2,2,2,5,2,3,4,10,16,4,86,0,1,2
2020,9,50802,"SK",17,3,1,0,1,4,6,1,1,0,0.176,2,2,5,3,2,4,2,0,2,4,17,9,NA,24,0,0,0
2020,9,64704,"HH",17,3,0,0,0,0,0,0,3,0,0.176,0,4,2,2,2,2,5,2,3,4,10,16,3,20,0,0,0
2020,9,71837,"SK",29,5,0,0,0,2,3,1,7,2,0.172,2,2,5,3,2,4,2,0,2,4,17,9,2,39,0,0,0
2020,9,69100,"LG",12,2,0,0,0,1,0,0,2,0,0.167,2,1,2,0,6,4,2,3,2,2,12,12,9,12,0,0,0
2020,9,75808,"LG",6,1,0,0,0,1,1,0,1,0,0.167,2,1,2,0,6,4,2,3,2,2,12,12,9,8,0,0,1
2020,9,62558,"LT",42,7,2,0,0,8,10,1,6,2,0.167,2,5,3,6,0,5,0,2,2,2,15,12,8,63,1,1,2
2020,9,63704,"HH",61,10,1,0,0,6,4,0,13,1,0.164,0,4,2,2,2,2,5,2,3,4,10,16,NA,74,4,0,1
2020,9,78756,"HH",25,4,0,0,0,2,3,2,6,1,0.16,0,4,2,2,2,2,5,2,3,4,10,16,6,34,0,0,3
2020,9,68305,"WO",19,3,1,0,0,6,0,0,7,1,0.158,4,4,2,2,2,2,5,4,2,0,13,14,NA,21,0,0,1
2020,9,76812,"SK",38,6,0,0,0,3,7,2,4,3,0.158,2,2,5,3,2,4,2,0,2,4,17,9,7,54,0,0,2
2020,9,62895,"SK",19,3,0,0,2,5,5,0,4,0,0.158,2,2,5,3,2,4,2,0,2,4,17,9,5,24,0,0,0
2020,9,64468,"SS",32,5,2,0,0,3,1,0,7,1,0.156,3,3,4,2,2,3,4,2,0,2,11,14,4,34,1,0,1
2020,9,68912,"NC",13,2,0,0,0,0,2,0,6,0,0.154,2,2,2,4,5,0,2,4,3,2,14,12,NA,19,0,0,0
2020,9,75847,"SK",61,9,3,0,2,7,4,0,18,3,0.148,2,2,5,3,2,4,2,0,2,4,17,9,3,73,0,0,1
2020,9,77248,"OB",7,1,0,0,0,0,2,0,3,0,0.143,5,1,4,2,0,2,0,2,4,5,11,14,7,12,0,0,0
2020,9,77463,"SK",21,3,1,0,0,2,5,0,4,1,0.143,2,2,5,3,2,4,2,0,2,4,17,9,5,31,0,0,0
2020,9,64004,"KT",21,3,0,0,0,0,2,0,4,1,0.143,2,2,0,2,3,2,4,5,4,2,12,14,5,24,0,0,0
2020,9,63920,"NC",15,2,1,0,0,0,1,0,1,0,0.133,2,2,2,4,5,0,2,4,3,2,14,12,2,16,0,0,0
2020,9,63440,"SK",17,2,0,0,0,0,2,0,2,1,0.118,2,2,5,3,2,4,2,0,2,4,17,9,NA,21,0,0,0
2020,9,62556,"LT",17,2,0,0,0,1,4,0,5,1,0.118,2,5,3,6,0,5,0,2,2,2,15,12,9,21,0,0,0
2020,9,68868,"SK",10,1,0,0,0,0,1,0,1,0,0.1,2,2,5,3,2,4,2,0,2,4,17,9,6,11,0,0,0
2020,9,63722,"HT",23,2,1,0,0,2,1,0,7,0,0.087,4,0,2,1,5,2,1,2,3,4,13,11,8,29,0,0,1
2020,9,66354,"WO",12,1,1,0,0,1,2,0,6,0,0.083,4,4,2,2,2,2,5,4,2,0,13,14,5,19,0,0,0
2020,9,68518,"LT",12,1,0,0,0,0,0,0,3,0,0.083,2,5,3,6,0,5,0,2,2,2,15,12,8,12,0,0,0
2020,9,66409,"SS",15,1,0,0,0,0,2,0,6,0,0.067,3,3,4,2,2,3,4,2,0,2,11,14,6,18,0,0,1
2020,9,79290,"OB",6,0,0,0,0,0,0,0,1,0,0,5,1,4,2,0,2,0,2,4,5,11,14,9,6,0,0,0
2020,9,50203,"OB",0,0,0,0,0,0,0,0,0,0,0,5,1,4,2,0,2,0,2,4,5,11,14,NA,0,0,0,0
2020,9,64086,"OB",1,0,0,0,0,0,2,0,1,0,0,5,1,4,2,0,2,0,2,4,5,11,14,NA,3,0,0,0
2020,9,68211,"OB",1,0,0,0,0,0,0,0,1,0,0,5,1,4,2,0,2,0,2,4,5,11,14,NA,1,0,0,0
2020,9,66209,"OB",5,0,0,0,0,0,0,0,2,0,0,5,1,4,2,0,2,0,2,4,5,11,14,NA,5,0,1,0
2020,9,67828,"WO",0,0,0,0,0,0,0,0,0,0,0,4,4,2,2,2,2,5,4,2,0,13,14,NA,0,0,0,0
2020,9,68346,"WO",1,0,0,0,0,0,0,0,0,0,0,4,4,2,2,2,2,5,4,2,0,13,14,NA,1,0,0,0
2020,9,62332,"WO",1,0,0,0,0,0,0,0,0,0,0,4,4,2,2,2,2,5,4,2,0,13,14,NA,2,0,0,0
2020,9,50365,"WO",1,0,0,0,0,0,0,0,0,0,0,4,4,2,2,2,2,5,4,2,0,13,14,NA,1,0,0,0
2020,9,62353,"WO",2,0,0,0,0,0,0,0,0,0,0,4,4,2,2,2,2,5,4,2,0,13,14,3,2,1,0,0
2020,9,65362,"WO",4,0,0,0,0,0,2,1,3,0,0,4,4,2,2,2,2,5,4,2,0,13,14,NA,7,0,0,0
2020,9,67365,"WO",0,0,0,0,0,0,0,0,0,0,0,4,4,2,2,2,2,5,4,2,0,13,14,NA,0,0,0,0
2020,9,65398,"WO",0,0,0,0,0,0,0,0,0,0,0,4,4,2,2,2,2,5,4,2,0,13,14,NA,0,0,0,0
2020,9,63342,"WO",0,0,0,0,0,0,0,0,0,0,0,4,4,2,2,2,2,5,4,2,0,13,14,6,0,0,0,0
2020,9,64260,"SK",4,0,0,0,0,0,0,0,0,0,0,2,2,5,3,2,4,2,0,2,4,17,9,5,4,0,1,0
2020,9,50848,"SK",0,0,0,0,0,0,0,0,0,0,0,2,2,5,3,2,4,2,0,2,4,17,9,NA,0,0,0,0
2020,9,69860,"SK",0,0,0,0,0,0,0,0,0,0,0,2,2,5,3,2,4,2,0,2,4,17,9,NA,NA,NA,NA,NA
2020,9,79847,"SK",0,0,0,0,0,0,0,0,0,0,0,2,2,5,3,2,4,2,0,2,4,17,9,NA,0,0,0,0
2020,9,66052,"SK",4,0,0,0,0,0,1,0,1,0,0,2,2,5,3,2,4,2,0,2,4,17,9,1,5,0,0,0
2020,9,60841,"SK",0,0,0,0,0,0,0,0,0,0,0,2,2,5,3,2,4,2,0,2,4,17,9,NA,0,0,0,0
2020,9,61895,"SK",0,0,0,0,0,0,0,0,0,0,0,2,2,5,3,2,4,2,0,2,4,17,9,8,0,0,0,0
2020,9,50859,"SK",0,0,0,0,0,0,0,0,0,0,0,2,2,5,3,2,4,2,0,2,4,17,9,NA,0,0,0,0
2020,9,64890,"SK",1,0,0,0,0,0,0,0,1,0,0,2,2,5,3,2,4,2,0,2,4,17,9,8,1,0,0,0
2020,9,65869,"SK",0,0,0,0,0,0,0,0,0,0,0,2,2,5,3,2,4,2,0,2,4,17,9,8,0,0,0,0
2020,9,63450,"SK",3,0,0,0,0,0,0,0,1,0,0,2,2,5,3,2,4,2,0,2,4,17,9,9,3,0,0,0
2020,9,69804,"SK",2,0,0,0,0,0,0,0,0,0,0,2,2,5,3,2,4,2,0,2,4,17,9,NA,10,1,0,0
2020,9,69104,"LG",0,0,0,0,0,0,0,0,0,0,0,2,1,2,0,6,4,2,3,2,2,12,12,NA,0,0,0,0
2020,9,50150,"LG",0,0,0,0,0,0,0,0,0,0,0,2,1,2,0,6,4,2,3,2,2,12,12,7,0,1,0,0
2020,9,68106,"LG",6,0,0,0,0,0,1,0,3,0,0,2,1,2,0,6,4,2,3,2,2,12,12,2,7,0,0,0
2020,9,64115,"LG",3,0,0,0,0,0,0,0,0,1,0,2,1,2,0,6,4,2,3,2,2,12,12,9,3,0,0,0
2020,9,79140,"LG",0,0,0,0,0,0,0,0,0,0,0,2,1,2,0,6,4,2,3,2,2,12,12,NA,0,0,0,0
2020,9,60339,"NC",0,0,0,0,0,0,0,0,0,0,0,2,2,2,4,5,0,2,4,3,2,14,12,NA,0,0,0,0
2020,9,78813,"NC",1,0,0,0,0,0,0,0,0,0,0,2,2,2,4,5,0,2,4,3,2,14,12,8,1,0,0,0
2020,9,76118,"NC",0,0,0,0,0,0,0,0,0,0,0,2,2,2,4,5,0,2,4,3,2,14,12,NA,0,0,0,0
2020,9,60566,"NC",0,0,0,0,0,0,0,0,0,0,0,2,2,2,4,5,0,2,4,3,2,14,12,6,2,0,0,0
2020,9,73306,"NC",7,0,0,0,0,0,0,0,5,0,0,2,2,2,4,5,0,2,4,3,2,14,12,9,8,0,0,1
2020,9,69992,"NC",3,0,0,0,0,0,0,0,3,0,0,2,2,2,4,5,0,2,4,3,2,14,12,6,3,2,0,0
2020,9,68043,"KT",0,0,0,0,0,0,0,0,0,0,0,2,2,0,2,3,2,4,5,4,2,12,14,NA,0,0,0,0
2020,9,64014,"KT",4,0,0,0,0,0,0,0,2,0,0,2,2,0,2,3,2,4,5,4,2,12,14,NA,4,0,0,0
2020,9,63448,"KT",0,0,0,0,0,0,0,0,0,0,0,2,2,0,2,3,2,4,5,4,2,12,14,NA,0,0,0,0
2020,9,67063,"KT",1,0,0,0,0,0,0,0,0,0,0,2,2,0,2,3,2,4,5,4,2,12,14,NA,1,0,0,0
2020,9,64724,"KT",2,0,0,0,0,0,0,0,1,0,0,2,2,0,2,3,2,4,5,4,2,12,14,NA,NA,NA,NA,NA
2020,9,64041,"KT",0,0,0,0,0,0,0,0,0,0,0,2,2,0,2,3,2,4,5,4,2,12,14,NA,0,0,0,0
2020,9,76757,"KT",0,0,0,0,0,0,0,0,0,0,0,2,2,0,2,3,2,4,5,4,2,12,14,NA,0,0,0,0
2020,9,67008,"KT",0,0,0,0,0,0,0,0,0,0,0,2,2,0,2,3,2,4,5,4,2,12,14,NA,0,0,0,0
2020,9,65057,"KT",0,0,0,0,0,0,0,0,0,0,0,2,2,0,2,3,2,4,5,4,2,12,14,NA,0,0,0,0
2020,9,75340,"KT",0,0,0,0,0,0,0,0,0,0,0,2,2,0,2,3,2,4,5,4,2,12,14,NA,0,0,0,0
2020,9,50054,"KT",4,0,0,0,0,0,0,0,1,0,0,2,2,0,2,3,2,4,5,4,2,12,14,7,4,0,0,0
2020,9,77243,"KT",4,0,0,0,0,0,1,0,3,0,0,2,2,0,2,3,2,4,5,4,2,12,14,8,6,0,0,1
2020,9,67005,"KT",10,0,0,0,0,1,3,0,2,0,0,2,2,0,2,3,2,4,5,4,2,12,14,NA,13,0,1,0
2020,9,63636,"HT",0,0,0,0,0,0,0,0,0,0,0,4,0,2,1,5,2,1,2,3,4,13,11,NA,0,0,0,0
2020,9,65653,"HT",5,0,0,0,0,0,1,0,4,0,0,4,0,2,1,5,2,1,2,3,4,13,11,6,7,0,1,0
2020,9,78643,"HT",1,0,0,0,0,0,2,0,1,0,0,4,0,2,1,5,2,1,2,3,4,13,11,8,6,0,0,0
2020,9,69636,"HT",7,0,0,0,0,0,1,0,3,0,0,4,0,2,1,5,2,1,2,3,4,13,11,8,9,0,0,0
2020,9,66657,"HT",8,0,0,0,0,1,0,0,4,1,0,4,0,2,1,5,2,1,2,3,4,13,11,NA,9,0,0,0
2020,9,62893,"HT",0,0,0,0,0,0,1,0,0,0,0,4,0,2,1,5,2,1,2,3,4,13,11,7,2,0,0,0
2020,9,62908,"HT",2,0,0,0,0,0,2,0,2,0,0,4,0,2,1,5,2,1,2,3,4,13,11,NA,4,0,0,0
2020,9,67449,"SS",1,0,0,0,0,0,0,0,0,0,0,3,3,4,2,2,3,4,2,0,2,11,14,NA,5,0,0,0
2020,9,63435,"SS",4,0,0,0,0,0,0,0,1,0,0,3,3,4,2,2,3,4,2,0,2,11,14,NA,4,0,0,0
2020,9,69418,"SS",0,0,0,0,0,0,0,0,0,0,0,3,3,4,2,2,3,4,2,0,2,11,14,7,0,0,0,0
2020,9,61457,"SS",0,0,0,0,0,0,0,0,0,0,0,3,3,4,2,2,3,4,2,0,2,11,14,NA,0,0,0,0
2020,9,66707,"HH",7,0,0,0,0,0,0,0,4,0,0,0,4,2,2,2,2,5,2,3,4,10,16,8,7,0,0,0
2020,9,65522,"LT",0,0,0,0,0,0,0,0,0,0,0,2,5,3,6,0,5,0,2,2,2,15,12,NA,0,0,0,0
