"year","month","P_ID","T_ID","AB","HIT","H2","H3","HR","BB","HP","KK","BK","AVG","VS_T_ID_HH","VS_T_ID_HT","VS_T_ID_KT","VS_T_ID_LG","VS_T_ID_LT","VS_T_ID_NC","VS_T_ID_OB","VS_T_ID_SK","VS_T_ID_SS","VS_T_ID_WO","H_A_AWAY","H_A_HOME","PA","R","ER"
2020,7,65057,"KT",0,0,0,0,0,0,0,0,0,0,3,4,0,3,0,6,0,1,2,3,9,13,3,0,0
2020,7,63961,"HH",0,0,0,0,0,2,0,1,0,0,0,4,3,4,3,0,3,6,2,0,14,11,4,1,0
2020,7,72447,"OB",1,1,0,1,0,0,0,0,0,1,3,3,0,6,2,1,0,3,0,5,8,15,1,1,1
2020,7,64805,"OB",2,1,0,0,0,0,0,0,0,0.5,3,3,0,6,2,1,0,3,0,5,8,15,2,0,0
2020,7,61145,"LG",1,1,0,0,0,1,0,0,0,1,4,0,3,0,3,2,6,3,3,0,16,8,2,0,0
2020,7,79617,"LG",5,1,0,0,0,0,0,2,0,0.2,4,0,3,0,3,2,6,3,3,0,16,8,5,0,0
2020,7,73738,"HH",6,1,0,0,0,0,2,2,0,0.167,0,4,3,4,3,0,3,6,2,0,14,11,8,0,0
2020,7,68200,"OB",9,2,1,0,0,1,0,0,0,0.222,3,3,0,6,2,1,0,3,0,5,8,15,10,1,1
2020,7,66018,"WO",5,2,0,0,0,1,1,0,0,0.4,0,3,3,0,3,3,5,3,4,0,13,11,7,1,1
2020,7,69328,"WO",8,2,0,0,0,3,0,1,0,0.25,0,3,3,0,3,3,5,3,4,0,13,11,11,1,1
2020,7,66801,"SK",4,2,0,0,0,1,0,1,0,0.5,6,0,1,3,4,3,3,0,2,3,15,10,5,1,1
2020,7,50157,"LG",9,2,1,0,0,0,0,2,0,0.222,4,0,3,0,3,2,6,3,3,0,16,8,9,1,1
2020,7,67164,"LG",6,2,0,0,1,2,1,0,0,0.333,4,0,3,0,3,2,6,3,3,0,16,8,9,2,2
2020,7,68902,"NC",9,2,0,0,1,0,0,2,0,0.222,0,3,6,2,3,0,1,3,1,3,12,10,9,1,1
2020,7,78352,"NC",4,2,1,0,0,2,0,1,0,0.5,0,3,6,2,3,0,1,3,1,3,12,10,7,3,3
2020,7,68043,"KT",14,2,0,0,0,1,0,3,0,0.143,3,4,0,3,0,6,0,1,2,3,9,13,15,0,0
2020,7,69041,"KT",10,2,0,0,1,2,0,2,0,0.2,3,4,0,3,0,6,0,1,2,3,9,13,12,2,2
2020,7,99445,"SS",5,2,0,0,1,0,0,1,0,0.4,2,5,2,3,3,1,0,2,0,4,8,14,5,2,2
2020,7,62611,"HH",5,2,0,0,0,1,0,0,0,0.4,0,4,3,4,3,0,3,6,2,0,14,11,6,1,1
2020,7,76225,"LT",8,2,1,0,0,0,0,1,0,0.25,3,1,0,3,0,3,2,4,3,3,12,10,8,1,1
2020,7,78536,"LT",17,2,0,0,0,4,0,7,0,0.118,3,1,0,3,0,3,2,4,3,3,12,10,21,2,2
2020,7,67259,"OB",6,3,0,0,2,1,0,0,0,0.5,3,3,0,6,2,1,0,3,0,5,8,15,7,4,4
2020,7,69360,"WO",8,3,1,0,0,1,1,1,0,0.375,0,3,3,0,3,3,5,3,4,0,13,11,10,3,3
2020,7,64896,"SK",7,3,0,0,1,0,0,0,0,0.429,6,0,1,3,4,3,3,0,2,3,15,10,7,2,2
2020,7,73801,"LG",7,3,0,0,0,3,0,2,0,0.429,4,0,3,0,3,2,6,3,3,0,16,8,10,1,1
2020,7,69134,"LG",17,3,0,0,1,1,1,4,0,0.176,4,0,3,0,3,2,6,3,3,0,16,8,19,2,2
2020,7,65643,"NC",11,3,0,1,1,2,1,3,0,0.273,0,3,6,2,3,0,1,3,1,3,12,10,14,3,3
2020,7,63959,"NC",24,3,0,0,0,1,1,2,0,0.125,0,3,6,2,3,0,1,3,1,3,12,10,26,3,3
2020,7,65496,"SS",18,3,0,0,0,1,0,4,0,0.167,2,5,2,3,3,1,0,2,0,4,8,14,19,1,1
2020,7,64596,"LT",13,3,0,0,0,5,0,3,0,0.231,3,1,0,3,0,3,2,4,3,3,12,10,18,3,3
2020,7,67246,"OB",8,4,1,0,0,1,0,2,0,0.5,3,3,0,6,2,1,0,3,0,5,8,15,9,1,1
2020,7,50360,"WO",14,4,0,1,0,1,0,5,0,0.286,0,3,3,0,3,3,5,3,4,0,13,11,15,2,2
2020,7,62937,"WO",7,4,1,0,1,0,0,0,0,0.571,0,3,3,0,3,3,5,3,4,0,13,11,7,3,3
2020,7,79847,"SK",8,4,1,0,0,3,0,0,0,0.5,6,0,1,3,4,3,3,0,2,3,15,10,11,2,2
2020,7,65343,"SK",14,4,0,0,1,1,0,4,0,0.286,6,0,1,3,4,3,3,0,2,3,15,10,15,2,2
2020,7,78819,"LG",7,4,1,0,1,0,0,0,0,0.571,4,0,3,0,3,2,6,3,3,0,16,8,8,3,3
2020,7,65639,"NC",19,4,2,1,0,4,1,4,0,0.211,0,3,6,2,3,0,1,3,1,3,12,10,24,2,2
2020,7,77563,"KT",16,4,1,0,1,5,0,1,0,0.25,3,4,0,3,0,6,0,1,2,3,9,13,22,5,5
2020,7,64047,"KT",30,4,1,0,0,4,1,5,0,0.133,3,4,0,3,0,6,0,1,2,3,9,13,36,3,3
2020,7,66039,"KT",4,4,1,0,0,1,1,0,0,1,3,4,0,3,0,6,0,1,2,3,9,13,6,4,4
2020,7,66663,"HT",15,4,0,0,1,2,1,2,0,0.267,4,0,4,0,1,3,3,0,5,3,9,14,18,2,2
2020,7,62920,"SS",23,4,0,0,1,5,0,6,0,0.174,2,5,2,3,3,1,0,2,0,4,8,14,30,4,4
2020,7,63492,"SS",6,4,1,0,2,1,0,1,0,0.667,2,5,2,3,3,1,0,2,0,4,8,14,7,5,5
2020,7,61156,"HH",25,4,1,0,0,2,1,8,0,0.16,0,4,3,4,3,0,3,6,2,0,14,11,28,0,0
2020,7,79293,"LT",16,4,2,0,0,4,0,2,0,0.25,3,1,0,3,0,3,2,4,3,3,12,10,20,1,1
2020,7,62595,"LT",8,4,1,0,1,2,0,1,0,0.5,3,1,0,3,0,3,2,4,3,3,12,10,11,4,4
2020,7,62951,"OB",31,5,1,0,0,4,1,6,0,0.161,3,3,0,6,2,1,0,3,0,5,8,15,37,3,3
2020,7,76430,"WO",33,5,2,0,0,3,0,5,0,0.152,0,3,3,0,3,3,5,3,4,0,13,11,37,2,0
2020,7,66305,"WO",10,5,0,0,0,3,0,1,0,0.5,0,3,3,0,3,3,5,3,4,0,13,11,13,5,5
2020,7,64893,"SK",21,5,1,0,0,4,0,6,0,0.238,6,0,1,3,4,3,3,0,2,3,15,10,27,1,1
2020,7,61295,"NC",30,5,1,0,1,4,1,9,0,0.167,0,3,6,2,3,0,1,3,1,3,12,10,36,5,5
2020,7,63991,"NC",30,5,0,0,0,2,2,3,0,0.167,0,3,6,2,3,0,1,3,1,3,12,10,35,1,1
2020,7,66609,"HT",30,5,0,0,1,6,0,13,0,0.167,4,0,4,0,1,3,3,0,5,3,9,14,37,4,3
2020,7,77927,"SS",16,5,0,0,1,1,0,0,0,0.313,2,5,2,3,3,1,0,2,0,4,8,14,17,4,4
2020,7,67737,"HH",6,5,0,0,1,2,0,0,0,0.833,0,4,3,4,3,0,3,6,2,0,14,11,9,4,4
2020,7,64554,"HH",28,5,0,0,0,11,0,5,0,0.179,0,4,3,4,3,0,3,6,2,0,14,11,40,3,2
2020,7,77263,"OB",16,6,1,0,0,4,1,1,0,0.375,3,3,0,6,2,1,0,3,0,5,8,15,21,5,3
2020,7,75867,"NC",23,6,1,0,1,1,0,7,0,0.261,0,3,6,2,3,0,1,3,1,3,12,10,24,2,2
2020,7,75258,"KT",11,6,1,0,0,1,2,2,0,0.545,3,4,0,3,0,6,0,1,2,3,9,13,15,4,4
2020,7,75342,"KT",41,6,1,0,0,1,0,4,0,0.146,3,4,0,3,0,6,0,1,2,3,9,13,42,0,0
2020,7,78247,"HT",34,6,2,0,0,15,1,13,0,0.176,4,0,4,0,1,3,3,0,5,3,9,14,51,3,3
2020,7,77591,"LT",21,6,1,1,0,3,0,9,0,0.286,3,1,0,3,0,3,2,4,3,3,12,10,24,4,4
2020,7,50556,"LT",17,6,1,0,0,0,0,2,0,0.353,3,1,0,3,0,3,2,4,3,3,12,10,17,2,2
2020,7,76329,"OB",28,7,0,0,0,0,2,7,0,0.25,3,3,0,6,2,1,0,3,0,5,8,15,32,4,4
2020,7,61962,"WO",15,7,0,0,1,4,0,3,0,0.467,0,3,3,0,3,3,5,3,4,0,13,11,20,4,4
2020,7,67313,"WO",36,7,0,0,1,2,0,9,0,0.194,0,3,3,0,3,3,5,3,4,0,13,11,38,1,1
2020,7,63348,"WO",35,7,3,0,1,1,1,3,0,0.2,0,3,3,0,3,3,5,3,4,0,13,11,37,4,4
2020,7,61895,"SK",37,7,0,0,1,5,0,10,0,0.189,6,0,1,3,4,3,3,0,2,3,15,10,42,3,3
2020,7,62056,"SK",27,7,1,0,1,1,1,7,0,0.259,6,0,1,3,4,3,3,0,2,3,15,10,29,4,4
2020,7,62146,"LG",27,7,2,1,0,2,1,8,0,0.259,4,0,3,0,3,2,6,3,3,0,16,8,30,4,4
2020,7,68900,"NC",15,7,2,0,0,0,0,3,0,0.467,0,3,6,2,3,0,1,3,1,3,12,10,15,3,3
2020,7,64995,"NC",29,7,1,0,0,7,0,7,0,0.241,0,3,6,2,3,0,1,3,1,3,12,10,36,3,1
2020,7,75340,"KT",30,7,1,0,1,5,0,3,0,0.233,3,4,0,3,0,6,0,1,2,3,9,13,35,5,5
2020,7,69516,"HT",18,7,0,0,1,7,1,0,0,0.389,4,0,4,0,1,3,3,0,5,3,9,14,27,3,3
2020,7,68403,"SS",38,7,2,0,0,8,0,4,0,0.184,2,5,2,3,3,1,0,2,0,4,8,14,49,4,4
2020,7,67443,"SS",19,7,1,0,2,4,2,4,0,0.368,2,5,2,3,3,1,0,2,0,4,8,14,25,12,12
2020,7,50449,"SS",26,7,1,0,0,7,1,6,1,0.269,2,5,2,3,3,1,0,2,0,4,8,14,35,8,7
2020,7,74857,"HH",34,7,2,0,0,2,2,9,0,0.206,0,4,3,4,3,0,3,6,2,0,14,11,39,4,4
2020,7,67591,"LT",23,7,1,0,1,2,0,3,0,0.304,3,1,0,3,0,3,2,4,3,3,12,10,25,3,3
2020,7,63543,"LT",35,7,1,0,1,5,0,13,0,0.2,3,1,0,3,0,3,2,4,3,3,12,10,41,3,3
2020,7,79545,"LT",17,7,2,0,0,4,0,3,0,0.412,3,1,0,3,0,3,2,4,3,3,12,10,23,6,6
2020,7,62242,"OB",27,8,0,0,3,1,0,3,0,0.296,3,3,0,6,2,1,0,3,0,5,8,15,29,5,5
2020,7,68341,"WO",44,8,0,0,1,9,0,15,0,0.182,0,3,3,0,3,3,5,3,4,0,13,11,53,8,8
2020,7,63342,"WO",35,8,1,0,0,2,0,10,0,0.229,0,3,3,0,3,3,5,3,4,0,13,11,38,1,1
2020,7,63894,"SK",33,8,2,0,1,13,1,9,0,0.242,6,0,1,3,4,3,3,0,2,3,15,10,48,14,11
2020,7,75138,"SK",17,8,2,1,2,3,0,4,0,0.471,6,0,1,3,4,3,3,0,2,3,15,10,20,5,5
2020,7,79140,"LG",28,8,2,0,3,2,0,4,0,0.286,4,0,3,0,3,2,6,3,3,0,16,8,31,4,4
2020,7,65062,"KT",35,8,0,0,1,1,0,16,0,0.229,3,4,0,3,0,6,0,1,2,3,9,13,36,3,3
2020,7,76757,"KT",33,8,1,0,1,5,0,7,0,0.242,3,4,0,3,0,6,0,1,2,3,9,13,39,5,5
2020,7,63638,"HT",36,8,0,0,1,1,0,7,0,0.222,4,0,4,0,1,3,3,0,5,3,9,14,38,2,2
2020,7,50662,"HT",35,8,2,0,1,2,0,8,0,0.229,4,0,4,0,1,3,3,0,5,3,9,14,38,2,2
2020,7,60146,"SS",29,8,1,0,1,3,0,10,0,0.276,2,5,2,3,3,1,0,2,0,4,8,14,33,3,3
2020,7,67421,"SS",29,8,3,0,0,7,2,7,0,0.276,2,5,2,3,3,1,0,2,0,4,8,14,41,3,3
2020,7,79764,"HH",16,8,1,0,1,2,0,2,0,0.5,0,4,3,4,3,0,3,6,2,0,14,11,18,3,3
2020,7,60559,"LT",20,8,0,0,2,5,0,2,0,0.4,3,1,0,3,0,3,2,4,3,3,12,10,27,7,7
2020,7,63248,"OB",32,9,0,0,0,3,0,12,0,0.281,3,3,0,6,2,1,0,3,0,5,8,15,35,4,4
2020,7,60336,"WO",32,9,1,0,1,10,0,8,0,0.281,0,3,3,0,3,3,5,3,4,0,13,11,42,7,7
2020,7,69399,"WO",17,9,1,0,0,2,0,0,0,0.529,0,3,3,0,3,3,5,3,4,0,13,11,20,7,7
2020,7,64051,"WO",33,9,1,0,1,5,0,8,0,0.273,0,3,3,0,3,3,5,3,4,0,13,11,38,1,1
2020,7,65411,"SK",22,9,1,0,1,2,1,4,0,0.409,6,0,1,3,4,3,3,0,2,3,15,10,25,6,6
2020,7,64768,"SK",33,9,1,0,1,2,1,4,0,0.273,6,0,1,3,4,3,3,0,2,3,15,10,36,6,6
2020,7,50126,"LG",43,9,0,0,1,7,2,8,1,0.209,4,0,3,0,3,2,6,3,3,0,16,8,52,5,4
2020,7,65060,"KT",35,9,2,0,0,5,0,5,0,0.257,3,4,0,3,0,6,0,1,2,3,9,13,41,6,6
2020,7,62528,"LT",34,9,1,0,3,4,0,9,0,0.265,3,1,0,3,0,3,2,4,3,3,12,10,38,6,4
2020,7,61268,"WO",45,10,0,0,0,3,1,7,0,0.222,0,3,3,0,3,3,5,3,4,0,13,11,51,2,2
2020,7,69839,"SK",29,10,2,0,2,5,0,7,0,0.345,6,0,1,3,4,3,3,0,2,3,15,10,35,8,8
2020,7,50030,"KT",44,10,3,0,0,4,1,6,0,0.227,3,4,0,3,0,6,0,1,2,3,9,13,49,5,4
2020,7,63464,"HH",35,10,2,0,1,6,1,6,0,0.286,0,4,3,4,3,0,3,6,2,0,14,11,44,4,3
2020,7,67266,"OB",42,11,1,1,0,3,0,7,0,0.262,3,3,0,6,2,1,0,3,0,5,8,15,45,3,2
2020,7,76858,"SK",24,11,3,0,0,4,0,4,0,0.458,6,0,1,3,4,3,3,0,2,3,15,10,28,6,6
2020,7,60768,"SK",27,11,3,0,2,4,0,5,0,0.407,6,0,1,3,4,3,3,0,2,3,15,10,32,12,12
2020,7,67119,"LG",26,11,4,0,1,2,0,1,0,0.423,4,0,3,0,3,2,6,3,3,0,16,8,28,8,6
2020,7,69159,"LG",49,11,0,0,0,3,0,10,0,0.224,4,0,3,0,3,2,6,3,3,0,16,8,53,4,4
2020,7,79358,"NC",33,11,5,0,1,2,0,6,0,0.333,0,3,6,2,3,0,1,3,1,3,12,10,35,5,5
2020,7,69962,"NC",43,11,1,0,2,2,0,12,0,0.256,0,3,6,2,3,0,1,3,1,3,12,10,47,6,6
2020,7,63512,"LT",31,11,1,0,3,1,0,5,0,0.355,3,1,0,3,0,3,2,4,3,3,12,10,33,6,6
2020,7,65241,"OB",44,12,2,1,0,7,3,8,0,0.273,3,3,0,6,2,1,0,3,0,5,8,15,54,6,6
2020,7,76350,"SK",38,12,3,0,3,4,0,7,0,0.316,6,0,1,3,4,3,3,0,2,3,15,10,42,10,10
2020,7,79825,"LG",27,12,4,0,3,0,0,2,0,0.444,4,0,3,0,3,2,6,3,3,0,16,8,28,10,9
2020,7,65117,"LG",27,12,1,0,1,3,0,1,0,0.444,4,0,3,0,3,2,6,3,3,0,16,8,31,7,7
2020,7,76650,"LG",39,12,1,0,1,4,0,9,0,0.308,4,0,3,0,3,2,6,3,3,0,16,8,44,6,6
2020,7,69620,"HT",38,12,1,0,1,3,1,11,0,0.316,4,0,4,0,1,3,3,0,5,3,9,14,45,7,7
2020,7,73117,"SS",38,12,1,0,1,2,0,4,0,0.316,2,5,2,3,3,1,0,2,0,4,8,14,41,6,6
2020,7,50705,"HH",52,12,4,0,0,5,0,20,0,0.231,0,4,3,4,3,0,3,6,2,0,14,11,59,6,4
2020,7,63765,"HH",48,12,2,0,1,2,1,10,0,0.25,0,4,3,4,3,0,3,6,2,0,14,11,53,6,5
2020,7,64760,"HH",32,12,3,0,3,3,2,7,0,0.375,0,4,3,4,3,0,3,6,2,0,14,11,37,8,8
2020,7,64565,"LT",38,12,1,0,0,3,0,3,0,0.316,3,1,0,3,0,3,2,4,3,3,12,10,42,4,4
2020,7,50234,"OB",47,13,5,0,0,4,0,9,0,0.277,3,3,0,6,2,1,0,3,0,5,8,15,52,7,7
2020,7,67863,"SK",35,13,0,2,1,7,0,7,0,0.371,6,0,1,3,4,3,3,0,2,3,15,10,42,8,8
2020,7,76118,"NC",42,13,0,0,2,4,1,11,0,0.31,0,3,6,2,3,0,1,3,1,3,12,10,47,9,9
2020,7,69439,"SS",59,13,3,0,1,8,0,12,0,0.22,2,5,2,3,3,1,0,2,0,4,8,14,67,7,7
2020,7,73211,"LT",28,13,3,0,1,3,0,0,0,0.464,3,1,0,3,0,3,2,4,3,3,12,10,33,8,7
2020,7,61643,"OB",49,14,3,1,2,6,1,15,0,0.286,3,3,0,6,2,1,0,3,0,5,8,15,56,8,8
2020,7,65398,"WO",35,14,1,0,5,0,0,7,0,0.4,0,3,3,0,3,3,5,3,4,0,13,11,35,6,6
2020,7,66145,"LG",35,14,3,0,3,2,0,8,0,0.4,4,0,3,0,3,2,6,3,3,0,16,8,38,8,8
2020,7,68701,"HH",43,14,2,0,3,8,2,12,0,0.326,0,4,3,4,3,0,3,6,2,0,14,11,54,6,6
2020,7,75421,"SS",43,15,1,0,1,4,1,5,0,0.349,2,5,2,3,3,1,0,2,0,4,8,14,48,7,7
2020,7,67703,"HH",43,15,2,0,2,6,0,10,0,0.349,0,4,3,4,3,0,3,6,2,0,14,11,50,8,7
2020,7,69748,"HH",42,15,1,0,2,3,0,5,0,0.357,0,4,3,4,3,0,3,6,2,0,14,11,46,7,7
2020,7,63292,"OB",41,16,4,0,2,10,0,4,0,0.39,3,3,0,6,2,1,0,3,0,5,8,15,52,10,10
2020,7,62360,"WO",57,16,3,0,1,7,0,14,0,0.281,0,3,3,0,3,3,5,3,4,0,13,11,65,9,8
2020,7,67603,"WO",41,16,1,0,3,5,0,7,0,0.39,0,3,3,0,3,3,5,3,4,0,13,11,46,16,15
2020,7,67045,"KT",54,16,3,0,3,6,0,6,0,0.296,3,4,0,3,0,6,0,1,2,3,9,13,60,11,11
2020,7,67263,"OB",65,17,5,0,1,4,0,10,0,0.262,3,3,0,6,2,1,0,3,0,5,8,15,69,5,5
2020,7,64861,"SK",78,17,2,0,1,10,0,17,0,0.218,6,0,1,3,4,3,3,0,2,3,15,10,88,10,10
2020,7,66920,"NC",74,17,3,0,4,12,0,8,0,0.23,0,3,6,2,3,0,1,3,1,3,12,10,88,11,11
2020,7,61365,"SS",53,17,4,0,1,4,2,12,0,0.321,2,5,2,3,3,1,0,2,0,4,8,14,60,8,4
2020,7,67391,"WO",56,18,6,0,0,6,0,6,0,0.321,0,3,3,0,3,3,5,3,4,0,13,11,62,7,4
2020,7,50912,"NC",73,18,6,0,1,11,1,16,0,0.247,0,3,6,2,3,0,1,3,1,3,12,10,86,11,11
2020,7,65516,"KT",65,18,5,0,1,10,0,15,1,0.277,3,4,0,3,0,6,0,1,2,3,9,13,76,9,9
2020,7,50640,"HT",84,18,1,1,1,10,0,22,0,0.214,4,0,4,0,1,3,3,0,5,3,9,14,95,8,7
2020,7,63628,"HT",57,18,3,0,1,2,0,5,0,0.316,4,0,4,0,1,3,3,0,5,3,9,14,61,5,5
2020,7,68419,"SS",83,19,3,0,1,7,3,18,1,0.229,2,5,2,3,3,1,0,2,0,4,8,14,94,13,9
2020,7,76355,"LT",71,19,4,0,4,5,1,7,0,0.268,3,1,0,3,0,3,2,4,3,3,12,10,79,16,13
2020,7,66859,"SK",55,20,3,0,2,6,3,5,0,0.364,6,0,1,3,4,3,3,0,2,3,15,10,65,14,13
2020,7,64021,"LT",79,20,3,0,3,10,1,18,0,0.253,3,1,0,3,0,3,2,4,3,3,12,10,92,9,7
2020,7,65933,"NC",99,21,3,0,4,5,0,34,0,0.212,0,3,6,2,3,0,1,3,1,3,12,10,105,6,6
2020,7,69032,"KT",102,21,4,1,2,10,0,27,0,0.206,3,4,0,3,0,6,0,1,2,3,9,13,114,8,8
2020,7,62754,"HT",74,22,4,0,3,8,0,15,1,0.297,4,0,4,0,1,3,3,0,5,3,9,14,87,15,13
2020,7,69446,"SS",61,22,3,0,2,6,1,10,0,0.361,2,5,2,3,3,1,0,2,0,4,8,14,68,12,9
2020,7,77318,"HH",125,22,2,0,3,15,1,36,0,0.176,0,4,3,4,3,0,3,6,2,0,14,11,143,11,11
2020,7,69045,"OB",119,23,2,0,0,3,0,34,0,0.193,3,3,0,6,2,1,0,3,0,5,8,15,124,5,4
2020,7,65048,"KT",70,23,2,0,3,8,0,10,0,0.329,3,4,0,3,0,6,0,1,2,3,9,13,79,13,13
2020,7,61101,"LG",103,24,10,0,1,11,1,20,0,0.233,4,0,3,0,3,2,6,3,3,0,16,8,115,9,9
2020,7,76455,"LG",69,24,5,0,2,6,1,7,0,0.348,4,0,3,0,3,2,6,3,3,0,16,8,78,13,12
2020,7,77446,"SS",84,24,3,2,6,7,1,16,0,0.286,2,5,2,3,3,1,0,2,0,4,8,14,94,16,15
2020,7,65764,"HH",99,24,3,0,1,13,2,22,1,0.242,0,4,3,4,3,0,3,6,2,0,14,11,116,8,8
2020,7,65769,"HH",89,24,4,0,5,17,2,22,0,0.27,0,4,3,4,3,0,3,6,2,0,14,11,109,17,17
2020,7,60841,"SK",104,25,4,0,2,16,1,25,0,0.24,6,0,1,3,4,3,3,0,2,3,15,10,121,12,12
2020,7,50558,"LT",138,25,3,0,2,7,2,42,0,0.181,3,1,0,3,0,3,2,4,3,3,12,10,148,9,5
2020,7,65320,"WO",73,26,3,0,5,9,3,9,0,0.356,0,3,3,0,3,3,5,3,4,0,13,11,86,20,20
2020,7,78148,"LG",75,26,5,0,5,5,1,16,0,0.347,4,0,3,0,3,2,6,3,3,0,16,8,81,17,12
2020,7,69940,"NC",115,26,3,0,1,12,3,27,0,0.226,0,3,6,2,3,0,1,3,1,3,12,10,131,9,8
2020,7,65616,"HT",84,26,3,0,3,7,1,11,0,0.31,4,0,4,0,1,3,3,0,5,3,9,14,94,13,13
2020,7,69539,"LT",75,27,5,0,3,5,2,11,0,0.36,3,1,0,3,0,3,2,4,3,3,12,10,82,20,17
2020,7,50404,"SS",125,30,3,1,2,6,0,22,0,0.24,2,5,2,3,3,1,0,2,0,4,8,14,132,10,8
2020,7,60263,"NC",102,31,3,0,6,12,1,18,1,0.304,0,3,6,2,3,0,1,3,1,3,12,10,117,19,19
2020,7,50524,"LT",85,31,4,1,3,4,0,12,0,0.365,3,1,0,3,0,3,2,4,3,3,12,10,90,17,13
2020,7,50636,"HT",134,32,6,0,1,7,0,20,0,0.239,4,0,4,0,1,3,3,0,5,3,9,14,141,9,9
2020,7,62363,"WO",97,33,7,1,2,8,4,21,1,0.34,0,3,3,0,3,3,5,3,4,0,13,11,109,25,25
2020,7,66291,"OB",115,34,1,1,2,12,0,16,0,0.296,3,3,0,6,2,1,0,3,0,5,8,15,128,18,15
2020,7,68135,"LG",116,34,4,1,3,9,1,23,1,0.293,4,0,3,0,3,2,6,3,3,0,16,8,128,17,12
2020,7,62869,"SK",139,35,8,0,5,10,2,23,0,0.252,6,0,1,3,4,3,3,0,2,3,15,10,151,20,18
2020,7,50835,"SK",110,35,7,0,3,17,2,10,0,0.318,6,0,1,3,4,3,3,0,2,3,15,10,131,21,21
2020,7,69744,"HH",123,36,8,1,4,6,3,13,0,0.293,0,4,3,4,3,0,3,6,2,0,14,11,133,26,24
2020,7,69343,"WO",122,37,4,2,3,3,1,15,1,0.303,0,3,3,0,3,3,5,3,4,0,13,11,126,14,13
2020,7,77637,"HT",100,38,9,1,5,10,1,23,0,0.38,4,0,4,0,1,3,3,0,5,3,9,14,117,24,23
2020,7,79229,"OB",116,40,9,0,4,7,1,11,0,0.345,3,3,0,6,2,1,0,3,0,5,8,15,126,24,22
2020,7,50040,"KT",152,43,7,1,3,10,2,34,0,0.283,3,4,0,3,0,6,0,1,2,3,9,13,167,15,15
2020,7,69103,"LG",146,44,7,0,3,6,2,33,0,0.301,4,0,3,0,3,2,6,3,3,0,16,8,158,14,14
2020,8,50360,"WO",0,0,0,0,0,0,1,0,0,0,3,2,5,5,5,2,0,0,4,0,11,15,1,1,1
2020,8,63638,"HT",0,0,0,0,0,0,0,1,0,0,0,0,2,8,2,4,2,5,0,2,13,12,3,0,0
2020,8,61411,"SS",0,0,0,0,0,0,0,0,0,0,4,0,2,2,2,0,6,4,0,4,13,11,3,0,0
2020,8,63960,"SS",0,0,0,0,0,0,0,1,0,0,4,0,2,2,2,0,6,4,0,4,13,11,3,0,0
2020,8,64554,"HH",0,0,0,0,0,2,1,0,0,0,0,0,3,3,2,4,0,2,4,3,12,9,8,2,2
2020,8,60559,"LT",0,0,0,0,0,2,0,1,0,0,2,2,0,0,0,2,6,4,2,5,8,15,11,0,0
2020,8,77591,"LT",0,0,0,0,0,0,0,3,0,0,2,2,0,0,0,2,6,4,2,5,8,15,6,0,0
2020,8,72447,"OB",3,1,0,0,0,1,0,1,0,0.333,0,2,3,2,6,4,0,2,6,0,13,12,4,0,0
2020,8,50397,"WO",2,1,0,0,0,1,0,1,0,0.5,3,2,5,5,5,2,0,0,4,0,11,15,3,1,1
2020,8,76858,"SK",8,1,0,0,0,0,0,0,0,0.125,2,5,4,0,4,2,2,0,4,0,11,12,8,0,0
2020,8,62920,"SS",3,1,0,0,0,2,0,1,0,0.333,4,0,2,2,2,0,6,4,0,4,13,11,5,1,1
2020,8,67443,"SS",4,1,0,0,1,3,1,0,0,0.25,4,0,2,2,2,0,6,4,0,4,13,11,8,3,3
2020,8,67703,"HH",15,1,0,0,0,0,1,6,0,0.067,0,0,3,3,2,4,0,2,4,3,12,9,16,0,0
2020,8,63961,"HH",6,1,0,0,1,0,0,0,0,0.167,0,0,3,3,2,4,0,2,4,3,12,9,6,1,1
2020,8,62611,"HH",3,1,0,0,0,0,0,1,0,0.333,0,0,3,3,2,4,0,2,4,3,12,9,3,0,0
2020,8,77263,"OB",17,2,0,0,0,1,1,5,0,0.118,0,2,3,2,6,4,0,2,6,0,13,12,19,0,0
2020,8,50262,"OB",9,2,0,0,0,3,0,2,0,0.222,0,2,3,2,6,4,0,2,6,0,13,12,12,1,1
2020,8,66018,"WO",8,2,0,0,1,0,0,2,0,0.25,3,2,5,5,5,2,0,0,4,0,11,15,8,2,2
2020,8,62937,"WO",4,2,2,0,0,2,0,0,0,0.5,3,2,5,5,5,2,0,0,4,0,11,15,7,2,2
2020,8,65398,"WO",8,2,0,0,0,1,0,0,0,0.25,3,2,5,5,5,2,0,0,4,0,11,15,10,1,1
2020,8,66801,"SK",5,2,0,0,1,1,0,0,0,0.4,2,5,4,0,4,2,2,0,4,0,11,12,6,2,2
2020,8,64896,"SK",14,2,0,0,1,2,0,5,0,0.143,2,5,4,0,4,2,2,0,4,0,11,12,16,1,1
2020,8,75138,"SK",8,2,0,0,1,2,0,2,0,0.25,2,5,4,0,4,2,2,0,4,0,11,12,10,2,2
2020,8,79617,"LG",3,2,1,0,0,1,0,1,0,0.667,3,8,2,0,0,3,2,0,2,5,13,12,4,3,3
2020,8,68900,"NC",5,2,0,0,0,0,0,0,0,0.4,4,4,2,3,2,0,4,2,0,2,10,13,5,0,0
2020,8,66663,"HT",13,2,1,0,1,0,0,1,0,0.154,0,0,2,8,2,4,2,5,0,2,13,12,13,1,1
2020,8,79764,"HH",8,2,1,0,0,1,0,0,0,0.25,0,0,3,3,2,4,0,2,4,3,12,9,9,1,1
2020,8,67246,"OB",9,3,1,0,0,0,0,2,0,0.333,0,2,3,2,6,4,0,2,6,0,13,12,9,1,1
2020,8,69205,"OB",9,3,1,0,0,1,0,2,0,0.333,0,2,3,2,6,4,0,2,6,0,13,12,10,1,1
2020,8,63248,"OB",6,3,1,0,0,2,0,0,0,0.5,0,2,3,2,6,4,0,2,6,0,13,12,8,2,2
2020,8,63894,"SK",27,3,0,1,0,13,2,3,0,0.111,2,5,4,0,4,2,2,0,4,0,11,12,42,5,5
2020,8,67119,"LG",36,3,1,0,0,4,0,14,0,0.083,3,8,2,0,0,3,2,0,2,5,13,12,40,1,1
2020,8,66145,"LG",14,3,0,2,0,1,0,3,0,0.214,3,8,2,0,0,3,2,0,2,5,13,12,15,1,1
2020,8,79140,"LG",22,3,2,0,0,2,0,7,0,0.136,3,8,2,0,0,3,2,0,2,5,13,12,24,4,4
2020,8,65639,"NC",25,3,0,0,1,8,1,6,0,0.12,4,4,2,3,2,0,4,2,0,2,10,13,34,1,1
2020,8,63914,"NC",13,3,1,0,0,2,1,1,0,0.231,4,4,2,3,2,0,4,2,0,2,10,13,16,2,2
2020,8,68910,"NC",6,3,0,0,1,1,1,2,0,0.5,4,4,2,3,2,0,4,2,0,2,10,13,8,2,2
2020,8,78352,"NC",22,3,1,0,0,2,0,6,0,0.136,4,4,2,3,2,0,4,2,0,2,10,13,25,0,0
2020,8,64615,"HT",4,3,0,0,0,0,2,0,0,0.75,0,0,2,8,2,4,2,5,0,2,13,12,6,5,5
2020,8,67828,"WO",8,4,2,0,0,2,0,4,0,0.5,3,2,5,5,5,2,0,0,4,0,11,15,11,3,3
2020,8,68341,"WO",25,4,1,0,0,3,0,10,0,0.16,3,2,5,5,5,2,0,0,4,0,11,15,28,0,0
2020,8,62056,"SK",14,4,0,0,0,2,1,2,1,0.286,2,5,4,0,4,2,2,0,4,0,11,12,17,2,2
2020,8,61295,"NC",8,4,1,0,0,0,0,1,0,0.5,4,4,2,3,2,0,4,2,0,2,10,13,9,3,2
2020,8,79358,"NC",6,4,0,0,1,0,0,1,0,0.667,4,4,2,3,2,0,4,2,0,2,10,13,6,4,4
2020,8,60339,"NC",18,4,0,0,0,0,1,5,0,0.222,4,4,2,3,2,0,4,2,0,2,10,13,19,0,0
2020,8,69974,"NC",14,4,1,0,0,3,0,1,0,0.286,4,4,2,3,2,0,4,2,0,2,10,13,17,4,4
2020,8,65060,"KT",26,4,2,0,0,6,1,3,0,0.154,3,2,0,2,0,2,3,4,2,5,15,8,35,2,0
2020,8,63492,"SS",5,4,2,0,0,1,0,0,0,0.8,4,0,2,2,2,0,6,4,0,4,13,11,6,6,5
2020,8,50449,"SS",12,4,1,0,1,2,0,0,0,0.333,4,0,2,2,2,0,6,4,0,4,13,11,14,3,3
2020,8,79293,"LT",18,4,0,0,2,0,0,2,0,0.222,2,2,0,0,0,2,6,4,2,5,8,15,18,2,2
2020,8,50298,"OB",15,5,0,0,1,0,0,1,0,0.333,0,2,3,2,6,4,0,2,6,0,13,12,15,2,1
2020,8,66305,"WO",10,5,1,0,0,2,0,2,0,0.5,3,2,5,5,5,2,0,0,4,0,11,15,12,3,3
2020,8,67365,"WO",20,5,1,0,0,0,0,3,0,0.25,3,2,5,5,5,2,0,0,4,0,11,15,20,0,0
2020,8,69360,"WO",23,5,0,1,0,3,1,3,0,0.217,3,2,5,5,5,2,0,0,4,0,11,15,27,2,2
2020,8,64893,"SK",17,5,1,0,1,1,1,3,0,0.294,2,5,4,0,4,2,2,0,4,0,11,12,19,2,1
2020,8,61895,"SK",24,5,0,1,0,7,0,7,0,0.208,2,5,4,0,4,2,2,0,4,0,11,12,33,5,4
2020,8,50109,"LG",15,5,1,0,0,1,0,0,0,0.333,3,8,2,0,0,3,2,0,2,5,13,12,16,1,1
2020,8,63991,"NC",18,5,2,0,1,1,2,2,0,0.278,4,4,2,3,2,0,4,2,0,2,10,13,22,7,6
2020,8,65937,"NC",6,5,0,0,1,0,0,0,0,0.833,4,4,2,3,2,0,4,2,0,2,10,13,6,3,3
2020,8,68043,"KT",22,5,0,0,0,4,0,8,0,0.227,3,2,0,2,0,2,3,4,2,5,15,8,26,2,2
2020,8,78517,"KT",27,5,0,0,0,5,0,2,0,0.185,3,2,0,2,0,2,3,4,2,5,15,8,32,1,1
2020,8,65696,"HT",11,5,1,0,1,4,1,2,0,0.455,0,0,2,8,2,4,2,5,0,2,13,12,16,4,4
2020,8,50464,"SS",12,5,1,0,0,3,0,1,0,0.417,4,0,2,2,2,0,6,4,0,4,13,11,16,5,5
2020,8,61457,"SS",10,5,0,0,0,1,0,2,0,0.5,4,0,2,2,2,0,6,4,0,4,13,11,12,2,2
2020,8,50556,"LT",29,5,3,0,0,5,0,8,0,0.172,2,2,0,0,0,2,6,4,2,5,8,15,35,3,3
2020,8,65241,"OB",33,6,0,0,2,11,1,8,0,0.182,0,2,3,2,6,4,0,2,6,0,13,12,45,5,5
2020,8,79847,"SK",26,6,1,0,0,1,0,11,0,0.231,2,5,4,0,4,2,2,0,4,0,11,12,27,5,5
2020,8,50859,"SK",22,6,1,0,0,1,0,4,1,0.273,2,5,4,0,4,2,2,0,4,0,11,12,23,3,0
2020,8,79825,"LG",17,6,0,0,2,0,1,6,0,0.353,3,8,2,0,0,3,2,0,2,5,13,12,18,4,4
2020,8,63959,"NC",20,6,0,0,0,5,1,3,0,0.3,4,4,2,3,2,0,4,2,0,2,10,13,28,3,3
2020,8,76757,"KT",39,6,2,0,0,7,1,5,0,0.154,3,2,0,2,0,2,3,4,2,5,15,8,47,1,1
2020,8,78247,"HT",31,6,2,0,2,12,0,10,0,0.194,0,0,2,8,2,4,2,5,0,2,13,12,43,5,5
2020,8,99445,"SS",16,6,1,0,2,2,0,5,0,0.375,4,0,2,2,2,0,6,4,0,4,13,11,18,7,4
2020,8,69703,"HH",15,6,2,0,1,3,1,0,0,0.4,0,0,3,3,2,4,0,2,4,3,12,9,19,8,4
2020,8,76225,"LT",37,6,1,0,0,4,2,11,0,0.162,2,2,0,0,0,2,6,4,2,5,8,15,44,3,3
2020,8,62528,"LT",34,6,3,0,0,1,0,9,0,0.176,2,2,0,0,0,2,6,4,2,5,8,15,35,1,1
2020,8,76355,"LT",17,6,1,0,0,3,2,3,0,0.353,2,2,0,0,0,2,6,4,2,5,8,15,23,4,4
2020,8,68200,"OB",53,7,2,0,1,8,1,13,0,0.132,0,2,3,2,6,4,0,2,6,0,13,12,62,4,4
2020,8,74359,"WO",24,7,0,0,2,0,0,3,0,0.292,3,2,5,5,5,2,0,0,4,0,11,15,25,4,4
2020,8,63348,"WO",27,7,1,0,0,4,0,5,0,0.259,3,2,5,5,5,2,0,0,4,0,11,15,32,1,1
2020,8,69159,"LG",43,7,0,0,0,3,3,14,0,0.163,3,8,2,0,0,3,2,0,2,5,13,12,50,2,2
2020,8,76118,"NC",23,7,1,0,0,1,0,5,0,0.304,4,4,2,3,2,0,4,2,0,2,10,13,26,4,4
2020,8,65057,"KT",22,7,1,0,0,2,0,4,0,0.318,3,2,0,2,0,2,3,4,2,5,15,8,24,2,1
2020,8,75340,"KT",22,7,1,0,0,2,0,1,0,0.318,3,2,0,2,0,2,3,4,2,5,15,8,25,2,2
2020,8,69646,"HT",31,7,2,0,0,8,1,7,0,0.226,0,0,2,8,2,4,2,5,0,2,13,12,40,3,3
2020,8,60146,"SS",40,7,0,1,1,3,0,10,0,0.175,4,0,2,2,2,0,6,4,0,4,13,11,43,2,2
2020,8,69745,"HH",26,7,2,0,2,7,0,6,0,0.269,0,0,3,3,2,4,0,2,4,3,12,9,34,7,6
2020,8,63464,"HH",35,7,0,0,1,3,1,8,0,0.2,0,0,3,3,2,4,0,2,4,3,12,9,40,3,0
2020,8,66557,"LT",25,7,0,0,0,4,0,3,0,0.28,2,2,0,0,0,2,6,4,2,5,8,15,29,3,3
2020,8,50203,"OB",26,8,1,0,0,0,2,7,0,0.308,0,2,3,2,6,4,0,2,6,0,13,12,28,1,1
2020,8,62951,"OB",22,8,1,0,1,5,0,3,0,0.364,0,2,3,2,6,4,0,2,6,0,13,12,27,5,5
2020,8,61643,"OB",36,8,2,0,1,5,3,8,0,0.222,0,2,3,2,6,4,0,2,6,0,13,12,47,6,6
2020,8,67954,"NC",17,8,0,0,4,1,1,0,0,0.471,4,4,2,3,2,0,4,2,0,2,10,13,19,6,6
2020,8,62655,"NC",33,8,2,0,0,1,0,5,0,0.242,4,4,2,3,2,0,4,2,0,2,10,13,34,1,1
2020,8,67045,"KT",13,8,1,0,0,4,1,2,0,0.615,3,2,0,2,0,2,3,4,2,5,15,8,18,8,8
2020,8,65665,"HT",28,8,3,0,1,2,0,7,0,0.286,0,0,2,8,2,4,2,5,0,2,13,12,30,4,4
2020,8,75421,"SS",36,8,4,0,0,4,0,9,0,0.222,4,0,2,2,2,0,6,4,0,4,13,11,41,2,2
2020,8,67421,"SS",39,8,0,0,2,9,1,10,0,0.205,4,0,2,2,2,0,6,4,0,4,13,11,52,9,9
2020,8,63765,"HH",36,8,4,1,1,9,0,10,0,0.222,0,0,3,3,2,4,0,2,4,3,12,9,45,6,6
2020,8,78536,"LT",28,8,1,0,0,1,0,9,0,0.286,2,2,0,0,0,2,6,4,2,5,8,15,29,1,1
2020,8,67391,"WO",48,9,1,0,0,7,1,10,0,0.188,3,2,5,5,5,2,0,0,4,0,11,15,58,0,0
2020,8,69839,"SK",34,9,2,0,0,8,1,7,0,0.265,2,5,4,0,4,2,2,0,4,0,11,12,44,6,4
2020,8,69134,"LG",41,9,1,0,2,7,0,17,1,0.22,3,8,2,0,0,3,2,0,2,5,13,12,50,5,4
2020,8,75342,"KT",44,9,1,0,2,3,1,10,0,0.205,3,2,0,2,0,2,3,4,2,5,15,8,49,6,3
2020,8,66660,"HT",33,9,3,1,1,6,1,6,0,0.273,0,0,2,8,2,4,2,5,0,2,13,12,42,8,3
2020,8,77927,"SS",30,9,1,0,1,2,0,6,0,0.3,4,0,2,2,2,0,6,4,0,4,13,11,32,2,2
2020,8,50705,"HH",43,9,1,0,1,5,0,12,1,0.209,0,0,3,3,2,4,0,2,4,3,12,9,48,3,3
2020,8,67737,"HH",32,9,3,0,1,2,0,8,0,0.281,0,0,3,3,2,4,0,2,4,3,12,9,34,5,2
2020,8,63543,"LT",32,9,4,0,1,4,0,5,0,0.281,2,2,0,0,0,2,6,4,2,5,8,15,37,5,5
2020,8,76430,"WO",45,10,1,0,0,4,1,13,0,0.222,3,2,5,5,5,2,0,0,4,0,11,15,52,3,3
2020,8,69399,"WO",24,10,1,0,2,0,1,1,0,0.417,3,2,5,5,5,2,0,0,4,0,11,15,25,4,4
2020,8,64051,"WO",37,10,1,0,1,2,1,9,0,0.27,3,2,5,5,5,2,0,0,4,0,11,15,41,7,7
2020,8,76350,"SK",39,10,0,0,2,7,0,12,0,0.256,2,5,4,0,4,2,2,0,4,0,11,12,48,3,3
2020,8,65411,"SK",35,10,1,0,1,4,0,6,0,0.286,2,5,4,0,4,2,2,0,4,0,11,12,40,1,1
2020,8,73801,"LG",55,10,3,0,1,2,0,11,0,0.182,3,8,2,0,0,3,2,0,2,5,13,12,57,4,4
2020,8,62146,"LG",28,10,0,0,0,1,0,4,0,0.357,3,8,2,0,0,3,2,0,2,5,13,12,30,3,3
2020,8,65643,"NC",37,10,2,0,4,3,0,4,0,0.27,4,4,2,3,2,0,4,2,0,2,10,13,40,7,7
2020,8,64995,"NC",35,10,0,1,2,4,2,7,0,0.286,4,4,2,3,2,0,4,2,0,2,10,13,42,6,6
2020,8,50662,"HT",40,10,0,1,1,8,1,13,0,0.25,0,0,2,8,2,4,2,5,0,2,13,12,50,4,3
2020,8,73117,"SS",32,10,4,0,0,2,0,8,0,0.313,4,0,2,2,2,0,6,4,0,4,13,11,35,6,6
2020,8,65496,"SS",35,10,1,1,1,3,0,7,0,0.286,4,0,2,2,2,0,6,4,0,4,13,11,39,5,5
2020,8,62360,"WO",30,11,1,0,0,4,1,2,0,0.367,3,2,5,5,5,2,0,0,4,0,11,15,35,8,6
2020,8,60768,"SK",36,11,0,0,0,4,0,10,0,0.306,2,5,4,0,4,2,2,0,4,0,11,12,40,4,4
2020,8,76650,"LG",31,11,0,0,0,2,2,10,0,0.355,3,8,2,0,0,3,2,0,2,5,13,12,37,3,3
2020,8,65062,"KT",47,11,0,1,0,4,0,15,0,0.234,3,2,0,2,0,2,3,4,2,5,15,8,53,1,1
2020,8,69620,"HT",30,11,4,0,1,8,0,2,0,0.367,0,0,2,8,2,4,2,5,0,2,13,12,39,9,8
2020,8,63950,"HT",30,11,2,0,3,2,0,5,0,0.367,0,0,2,8,2,4,2,5,0,2,13,12,32,9,8
2020,8,66609,"HT",30,11,4,1,1,4,0,11,0,0.367,0,0,2,8,2,4,2,5,0,2,13,12,36,10,5
2020,8,68403,"SS",35,11,1,0,0,6,0,6,0,0.314,4,0,2,2,2,0,6,4,0,4,13,11,42,1,1
2020,8,74454,"SS",58,11,4,1,0,8,3,4,0,0.19,4,0,2,2,2,0,6,4,0,4,13,11,70,8,6
2020,8,68703,"HH",31,11,1,0,4,6,0,5,0,0.355,0,0,3,3,2,4,0,2,4,3,12,9,38,11,11
2020,8,61156,"HH",27,11,5,0,1,4,0,4,0,0.407,0,0,3,3,2,4,0,2,4,3,12,9,33,8,8
2020,8,64565,"LT",25,11,0,0,1,2,0,1,0,0.44,2,2,0,0,0,2,6,4,2,5,8,15,28,6,5
2020,8,76329,"OB",37,12,2,0,2,5,0,8,1,0.324,0,2,3,2,6,4,0,2,6,0,13,12,43,7,7
2020,8,64047,"KT",48,12,3,0,0,3,0,8,0,0.25,3,2,0,2,0,2,3,4,2,5,15,8,51,4,4
2020,8,61365,"SS",55,12,0,0,0,3,1,3,0,0.218,4,0,2,2,2,0,6,4,0,4,13,11,59,4,4
2020,8,63512,"LT",36,12,2,1,0,3,2,9,0,0.333,2,2,0,0,0,2,6,4,2,5,8,15,41,6,6
2020,8,60263,"NC",33,13,3,0,1,6,0,5,0,0.394,4,4,2,3,2,0,4,2,0,2,10,13,40,10,10
2020,8,69516,"HT",28,13,3,3,1,6,0,1,0,0.464,0,0,2,8,2,4,2,5,0,2,13,12,35,13,12
2020,8,65764,"HH",65,13,4,0,1,17,4,13,0,0.2,0,0,3,3,2,4,0,2,4,3,12,9,89,11,9
2020,8,73738,"HH",30,13,1,0,3,5,0,7,0,0.433,0,0,3,3,2,4,0,2,4,3,12,9,36,9,9
2020,8,74857,"HH",36,13,2,0,1,4,0,3,0,0.361,0,0,3,3,2,4,0,2,4,3,12,9,40,5,5
2020,8,69343,"WO",65,14,3,0,1,5,0,11,0,0.215,3,2,5,5,5,2,0,0,4,0,11,15,70,3,3
2020,8,63342,"WO",55,14,1,0,1,2,0,16,0,0.255,3,2,5,5,5,2,0,0,4,0,11,15,58,6,5
2020,8,65320,"WO",57,14,1,0,2,7,1,8,0,0.246,3,2,5,5,5,2,0,0,4,0,11,15,66,11,8
2020,8,78148,"LG",45,14,2,0,0,4,1,7,0,0.311,3,8,2,0,0,3,2,0,2,5,13,12,51,5,5
2020,8,67266,"OB",62,15,7,0,2,7,1,19,0,0.242,0,2,3,2,6,4,0,2,6,0,13,12,70,12,7
2020,8,62242,"OB",45,15,2,1,0,6,0,4,0,0.333,0,2,3,2,6,4,0,2,6,0,13,12,52,5,4
2020,8,61268,"WO",48,15,5,0,0,4,1,6,0,0.313,3,2,5,5,5,2,0,0,4,0,11,15,54,5,5
2020,8,64768,"SK",50,15,2,0,4,3,0,6,0,0.3,2,5,4,0,4,2,2,0,4,0,11,12,53,12,12
2020,8,68701,"HH",47,15,1,1,3,3,2,6,0,0.319,0,0,3,3,2,4,0,2,4,3,12,9,53,8,8
2020,8,69748,"HH",76,15,1,0,2,9,2,22,0,0.197,0,0,3,3,2,4,0,2,4,3,12,9,88,6,6
2020,8,75867,"NC",50,16,4,1,2,3,0,18,0,0.32,4,4,2,3,2,0,4,2,0,2,10,13,54,7,6
2020,8,66859,"SK",49,17,1,1,2,3,3,8,0,0.347,2,5,4,0,4,2,2,0,4,0,11,12,55,15,12
2020,8,61101,"LG",82,17,5,0,3,19,0,24,0,0.207,3,8,2,0,0,3,2,0,2,5,13,12,102,15,13
2020,8,65516,"KT",61,17,1,0,3,9,0,11,0,0.279,3,2,0,2,0,2,3,4,2,5,15,8,71,13,13
2020,8,64805,"OB",69,18,4,2,2,8,1,20,0,0.261,0,2,3,2,6,4,0,2,6,0,13,12,78,12,11
2020,8,67603,"WO",90,19,2,0,3,10,0,17,0,0.211,3,2,5,5,5,2,0,0,4,0,11,15,100,6,6
2020,8,66920,"NC",69,19,5,0,2,14,0,8,0,0.275,4,4,2,3,2,0,4,2,0,2,10,13,83,14,11
2020,8,50524,"LT",73,19,3,0,3,7,2,11,1,0.26,2,2,0,0,0,2,6,4,2,5,8,15,82,14,14
2020,8,62363,"WO",107,20,5,0,5,5,3,24,0,0.187,3,2,5,5,5,2,0,0,4,0,11,15,117,14,14
2020,8,60841,"SK",70,20,6,0,2,10,7,12,0,0.286,2,5,4,0,4,2,2,0,4,0,11,12,87,16,14
2020,8,69962,"NC",74,20,4,0,2,5,0,15,0,0.27,4,4,2,3,2,0,4,2,0,2,10,13,80,4,4
2020,8,50030,"KT",101,20,3,0,0,12,2,24,0,0.198,3,2,0,2,0,2,3,4,2,5,15,8,115,5,5
2020,8,69539,"LT",72,21,6,0,2,8,0,9,0,0.292,2,2,0,0,0,2,6,4,2,5,8,15,81,8,6
2020,8,62869,"SK",84,22,5,0,3,10,1,17,0,0.262,2,5,4,0,4,2,2,0,4,0,11,12,98,13,12
2020,8,68902,"NC",79,22,4,0,4,6,2,9,0,0.278,4,4,2,3,2,0,4,2,0,2,10,13,87,13,13
2020,8,69446,"SS",87,22,3,0,3,8,1,7,0,0.253,4,0,2,2,2,0,6,4,0,4,13,11,96,15,14
2020,8,77318,"HH",76,22,2,0,2,9,0,10,0,0.289,0,0,3,3,2,4,0,2,4,3,12,9,86,11,11
2020,8,50126,"LG",76,23,6,0,1,4,2,10,0,0.303,3,8,2,0,0,3,2,0,2,5,13,12,83,14,14
2020,8,63628,"HT",55,23,2,0,1,4,1,4,0,0.418,0,0,2,8,2,4,2,5,0,2,13,12,61,14,14
2020,8,50157,"LG",98,24,6,0,2,13,2,16,0,0.245,3,8,2,0,0,3,2,0,2,5,13,12,114,16,16
2020,8,68419,"SS",68,24,3,0,2,7,1,9,0,0.353,4,0,2,2,2,0,6,4,0,4,13,11,76,16,13
2020,8,69103,"LG",117,25,5,0,3,5,1,22,0,0.214,3,8,2,0,0,3,2,0,2,5,13,12,124,9,8
2020,8,68135,"LG",113,26,2,0,4,10,4,27,0,0.23,3,8,2,0,0,3,2,0,2,5,13,12,130,15,12
2020,8,77637,"HT",107,26,6,0,0,12,1,35,0,0.243,0,0,2,8,2,4,2,5,0,2,13,12,123,9,8
2020,8,62754,"HT",78,26,5,0,3,9,0,15,0,0.333,0,0,2,8,2,4,2,5,0,2,13,12,90,16,15
2020,8,69439,"SS",98,26,2,1,3,16,3,26,0,0.265,4,0,2,2,2,0,6,4,0,4,13,11,120,18,18
2020,8,65048,"KT",81,27,2,1,2,4,1,12,0,0.333,3,2,0,2,0,2,3,4,2,5,15,8,86,16,10
2020,8,69032,"KT",103,27,7,0,3,11,2,9,0,0.262,3,2,0,2,0,2,3,4,2,5,15,8,119,16,12
2020,8,50636,"HT",97,27,5,0,0,2,0,26,0,0.278,0,0,2,8,2,4,2,5,0,2,13,12,102,13,13
2020,8,73211,"LT",110,27,9,0,2,4,1,12,0,0.245,2,2,0,0,0,2,6,4,2,5,8,15,116,12,10
2020,8,64021,"LT",109,28,4,0,2,8,0,20,0,0.257,2,2,0,0,0,2,6,4,2,5,8,15,119,10,9
2020,8,67263,"OB",102,30,1,2,3,6,0,22,1,0.294,0,2,3,2,6,4,0,2,6,0,13,12,109,9,9
2020,8,50912,"NC",119,30,4,1,2,8,2,30,1,0.252,4,4,2,3,2,0,4,2,0,2,10,13,129,16,14
2020,8,64861,"SK",109,31,8,1,5,21,2,20,0,0.284,2,5,4,0,4,2,2,0,4,0,11,12,134,25,25
2020,8,50558,"LT",115,31,2,0,3,10,1,31,0,0.27,2,2,0,0,0,2,6,4,2,5,8,15,128,15,15
2020,8,79229,"OB",98,32,7,0,2,8,0,7,0,0.327,0,2,3,2,6,4,0,2,6,0,13,12,110,9,6
2020,8,67313,"WO",127,32,3,1,1,10,2,35,0,0.252,3,2,5,5,5,2,0,0,4,0,11,15,143,15,13
2020,8,65616,"HT",98,32,2,3,5,12,2,18,0,0.327,0,0,2,8,2,4,2,5,0,2,13,12,115,21,19
2020,8,66291,"OB",118,34,9,0,3,16,0,12,0,0.288,0,2,3,2,6,4,0,2,6,0,13,12,137,17,16
2020,8,69940,"NC",112,34,2,0,3,9,3,18,0,0.304,4,4,2,3,2,0,4,2,0,2,10,13,127,19,19
2020,8,50404,"SS",116,34,5,0,2,15,1,13,0,0.293,4,0,2,2,2,0,6,4,0,4,13,11,137,16,16
2020,8,69045,"OB",124,35,5,1,3,4,0,24,1,0.282,0,2,3,2,6,4,0,2,6,0,13,12,130,13,13
2020,8,69744,"HH",107,38,7,0,7,4,2,18,0,0.355,0,0,3,3,2,4,0,2,4,3,12,9,115,27,20
2020,8,50640,"HT",107,40,6,2,1,18,1,19,0,0.374,0,0,2,8,2,4,2,5,0,2,13,12,131,22,21
2020,8,50835,"SK",108,42,5,0,6,14,1,22,1,0.389,2,5,4,0,4,2,2,0,4,0,11,12,125,29,29
2020,8,50040,"KT",137,42,1,0,3,16,0,30,0,0.307,3,2,0,2,0,2,3,4,2,5,15,8,159,17,16
2020,9,69054,"KT",0,0,0,0,0,1,0,0,0,0,2,2,0,2,3,2,4,5,4,2,12,14,3,0,0
2020,9,67646,"HT",0,0,0,0,0,2,0,1,0,0,4,0,2,1,5,2,1,2,3,4,13,11,5,0,0
2020,9,66663,"HT",0,0,0,0,0,0,0,0,0,0,4,0,2,1,5,2,1,2,3,4,13,11,9,3,3
2020,9,50262,"OB",2,1,1,0,0,4,0,0,0,0.5,5,1,4,2,0,2,0,2,4,5,11,14,7,2,2
2020,9,68341,"WO",8,1,0,0,1,1,0,2,0,0.125,4,4,2,2,2,2,5,4,2,0,13,14,9,1,1
2020,9,66801,"SK",1,1,0,0,0,2,0,0,0,1,2,2,5,3,2,4,2,0,2,4,17,9,3,3,3
2020,9,50813,"SK",3,1,0,0,1,2,0,0,0,0.333,2,2,5,3,2,4,2,0,2,4,17,9,5,1,1
2020,9,50109,"LG",3,1,0,0,0,0,1,1,0,0.333,2,1,2,0,6,4,2,3,2,2,12,12,4,1,1
2020,9,60339,"NC",18,1,0,0,0,4,0,4,0,0.056,2,2,2,4,5,0,2,4,3,2,14,12,34,0,0
2020,9,63638,"HT",8,1,0,0,0,2,0,2,0,0.125,4,0,2,1,5,2,1,2,3,4,13,11,16,2,1
2020,9,61457,"SS",10,1,0,0,0,1,2,2,0,0.1,3,3,4,2,2,3,4,2,0,2,11,14,17,0,0
2020,9,67443,"SS",4,1,0,0,0,0,0,1,0,0.25,3,3,4,2,2,3,4,2,0,2,11,14,4,0,0
2020,9,72523,"LT",12,1,0,0,0,1,0,3,0,0.083,2,5,3,6,0,5,0,2,2,2,15,12,13,1,1
2020,9,66557,"LT",2,1,1,0,0,0,0,0,0,0.5,2,5,3,6,0,5,0,2,2,2,15,12,2,1,1
2020,9,62242,"OB",10,2,0,0,0,2,0,1,0,0.2,5,1,4,2,0,2,0,2,4,5,11,14,18,1,1
2020,9,65241,"OB",6,2,0,0,0,3,0,2,0,0.333,5,1,4,2,0,2,0,2,4,5,11,14,9,1,1
2020,9,64896,"SK",5,2,1,0,0,0,0,1,0,0.4,2,2,5,3,2,4,2,0,2,4,17,9,5,1,1
2020,9,65937,"NC",14,2,0,0,0,2,1,3,0,0.143,2,2,2,4,5,0,2,4,3,2,14,12,17,0,0
2020,9,64041,"KT",3,2,0,0,0,2,0,0,0,0.667,2,2,0,2,3,2,4,5,4,2,12,14,5,4,4
2020,9,66660,"HT",3,2,0,0,0,1,0,0,0,0.667,4,0,2,1,5,2,1,2,3,4,13,11,5,1,1
2020,9,63512,"LT",7,2,0,0,0,0,0,1,0,0.286,2,5,3,6,0,5,0,2,2,2,15,12,10,0,0
2020,9,77263,"OB",11,3,0,0,0,2,0,3,0,0.273,5,1,4,2,0,2,0,2,4,5,11,14,13,1,1
2020,9,62951,"OB",9,3,0,0,1,1,0,1,0,0.333,5,1,4,2,0,2,0,2,4,5,11,14,10,2,2
2020,9,63894,"SK",8,3,1,0,0,3,0,2,0,0.375,2,2,5,3,2,4,2,0,2,4,17,9,18,5,5
2020,9,65343,"SK",14,3,0,0,1,4,0,5,0,0.214,2,2,5,3,2,4,2,0,2,4,17,9,18,6,2
2020,9,75138,"SK",16,3,0,0,0,5,0,1,0,0.188,2,2,5,3,2,4,2,0,2,4,17,9,26,4,4
2020,9,64995,"NC",12,3,1,0,0,6,1,3,1,0.25,2,2,2,4,5,0,2,4,3,2,14,12,19,3,2
2020,9,67962,"NC",22,3,1,0,0,3,1,3,0,0.136,2,2,2,4,5,0,2,4,3,2,14,12,31,4,4
2020,9,65062,"KT",24,3,1,0,0,1,0,4,0,0.125,2,2,0,2,3,2,4,5,4,2,12,14,30,1,0
2020,9,65057,"KT",9,3,2,0,0,2,0,3,0,0.333,2,2,0,2,3,2,4,5,4,2,12,14,11,4,4
2020,9,64047,"KT",16,3,0,0,0,2,0,7,0,0.188,2,2,0,2,3,2,4,5,4,2,12,14,27,3,3
2020,9,60146,"SS",23,3,2,0,1,2,0,5,0,0.13,3,3,4,2,2,3,4,2,0,2,11,14,28,2,2
2020,9,65496,"SS",12,3,0,0,0,2,0,3,0,0.25,3,3,4,2,2,3,4,2,0,2,11,14,17,0,0
2020,9,77591,"LT",4,3,2,0,0,1,1,1,0,0.75,2,5,3,6,0,5,0,2,2,2,15,12,6,5,5
2020,9,79545,"LT",18,3,1,0,1,1,0,6,0,0.167,2,5,3,6,0,5,0,2,2,2,15,12,25,4,4
2020,9,50556,"LT",19,3,1,0,0,0,0,4,0,0.158,2,5,3,6,0,5,0,2,2,2,15,12,23,3,3
2020,9,50203,"OB",11,4,0,0,1,2,0,2,0,0.364,5,1,4,2,0,2,0,2,4,5,11,14,13,4,4
2020,9,76329,"OB",16,4,0,2,0,3,0,5,0,0.25,5,1,4,2,0,2,0,2,4,5,11,14,24,3,3
2020,9,50360,"WO",20,4,1,0,1,0,0,1,0,0.2,4,4,2,2,2,2,5,4,2,0,13,14,20,2,2
2020,9,64051,"WO",16,4,0,0,0,5,0,3,0,0.25,4,4,2,2,2,2,5,4,2,0,13,14,26,3,3
2020,9,76858,"SK",21,4,1,0,0,4,0,7,0,0.19,2,2,5,3,2,4,2,0,2,4,17,9,26,3,2
2020,9,75867,"NC",41,4,3,0,0,1,0,17,0,0.098,2,2,2,4,5,0,2,4,3,2,14,12,47,1,0
2020,9,69974,"NC",14,4,1,0,2,1,0,2,0,0.286,2,2,2,4,5,0,2,4,3,2,14,12,15,4,4
2020,9,60263,"NC",13,4,0,0,3,4,0,2,0,0.308,2,2,2,4,5,0,2,4,3,2,14,12,17,5,5
2020,9,65696,"HT",12,4,0,0,1,3,1,2,0,0.333,4,0,2,1,5,2,1,2,3,4,13,11,16,1,1
2020,9,78247,"HT",21,4,1,0,1,7,2,5,0,0.19,4,0,2,1,5,2,1,2,3,4,13,11,35,7,7
2020,9,75421,"SS",19,4,3,0,0,0,1,4,0,0.211,3,3,4,2,2,3,4,2,0,2,11,14,20,1,1
2020,9,63765,"HH",26,4,0,0,0,8,2,5,0,0.154,0,4,2,2,2,2,5,2,3,4,10,16,43,5,5
2020,9,73738,"HH",18,4,1,0,0,1,0,3,0,0.222,0,4,2,2,2,2,5,2,3,4,10,16,20,1,1
2020,9,67266,"OB",31,5,0,0,1,5,0,7,0,0.161,5,1,4,2,0,2,0,2,4,5,11,14,40,2,2
2020,9,66018,"WO",29,5,1,0,0,2,1,8,0,0.172,4,4,2,2,2,2,5,4,2,0,13,14,33,2,0
2020,9,74359,"WO",18,5,1,0,0,0,0,2,0,0.278,4,4,2,2,2,2,5,4,2,0,13,14,23,2,2
2020,9,69134,"LG",27,5,2,0,1,0,1,7,0,0.185,2,1,2,0,6,4,2,3,2,2,12,12,36,5,5
2020,9,69159,"LG",25,5,0,0,0,5,1,3,0,0.2,2,1,2,0,6,4,2,3,2,2,12,12,40,7,7
2020,9,76650,"LG",32,5,1,0,0,6,0,11,0,0.156,2,1,2,0,6,4,2,3,2,2,12,12,41,7,5
2020,9,65639,"NC",22,5,1,0,0,4,3,7,0,0.227,2,2,2,4,5,0,2,4,3,2,14,12,29,2,2
2020,9,63991,"NC",11,5,0,0,0,1,0,3,0,0.455,2,2,2,4,5,0,2,4,3,2,14,12,12,2,2
2020,9,63959,"NC",18,5,0,0,1,2,3,7,0,0.278,2,2,2,4,5,0,2,4,3,2,14,12,31,5,5
2020,9,62655,"NC",18,5,1,0,1,3,1,2,0,0.278,2,2,2,4,5,0,2,4,3,2,14,12,25,1,1
2020,9,78517,"KT",32,5,0,0,0,5,1,5,0,0.156,2,2,0,2,3,2,4,5,4,2,12,14,48,6,6
2020,9,63628,"HT",16,5,2,0,0,3,0,3,0,0.313,4,0,2,1,5,2,1,2,3,4,13,11,19,3,3
2020,9,69620,"HT",16,5,1,0,0,3,0,6,0,0.313,4,0,2,1,5,2,1,2,3,4,13,11,19,1,1
2020,9,65665,"HT",22,5,1,0,0,2,0,6,0,0.227,4,0,2,1,5,2,1,2,3,4,13,11,26,1,1
2020,9,66609,"HT",21,5,0,0,1,2,0,6,0,0.238,4,0,2,1,5,2,1,2,3,4,13,11,23,2,2
2020,9,79440,"SS",20,5,0,0,1,4,1,3,0,0.25,3,3,4,2,2,3,4,2,0,2,11,14,26,5,5
2020,9,67737,"HH",26,5,0,0,0,2,0,8,0,0.192,0,4,2,2,2,2,5,2,3,4,10,16,36,1,1
2020,9,79293,"LT",20,5,2,0,0,0,0,3,0,0.25,2,5,3,6,0,5,0,2,2,2,15,12,26,2,2
2020,9,68200,"OB",35,6,1,0,0,3,0,11,0,0.171,5,1,4,2,0,2,0,2,4,5,11,14,58,9,9
2020,9,67828,"WO",14,6,1,0,0,2,0,3,0,0.429,4,4,2,2,2,2,5,4,2,0,13,14,20,3,3
2020,9,65392,"WO",8,6,3,0,0,3,0,1,0,0.75,4,4,2,2,2,2,5,4,2,0,13,14,12,6,6
2020,9,67365,"WO",25,6,0,0,0,4,0,4,0,0.24,4,4,2,2,2,2,5,4,2,0,13,14,31,2,2
2020,9,69839,"SK",21,6,0,0,1,9,1,5,0,0.286,2,2,5,3,2,4,2,0,2,4,17,9,31,8,7
2020,9,50859,"SK",18,6,0,0,1,5,1,3,0,0.333,2,2,5,3,2,4,2,0,2,4,17,9,27,7,6
2020,9,69104,"LG",26,6,3,1,0,3,0,5,0,0.231,2,1,2,0,6,4,2,3,2,2,12,12,30,2,2
2020,9,61145,"LG",15,6,1,0,1,3,2,3,0,0.4,2,1,2,0,6,4,2,3,2,2,12,12,20,2,2
2020,9,79140,"LG",30,6,2,0,0,2,0,10,0,0.2,2,1,2,0,6,4,2,3,2,2,12,12,38,3,3
2020,9,62146,"LG",20,6,0,0,0,4,0,3,0,0.3,2,1,2,0,6,4,2,3,2,2,12,12,24,2,2
2020,9,75340,"KT",28,6,0,0,0,4,1,7,0,0.214,2,2,0,2,3,2,4,5,4,2,12,14,36,5,5
2020,9,65060,"KT",25,6,1,0,1,3,0,2,0,0.24,2,2,0,2,3,2,4,5,4,2,12,14,35,2,2
2020,9,63464,"HH",35,6,1,0,0,7,0,12,0,0.171,0,4,2,2,2,2,5,2,3,4,10,16,46,1,1
2020,9,79764,"HH",32,6,0,0,0,2,0,3,0,0.188,0,4,2,2,2,2,5,2,3,4,10,16,35,2,1
2020,9,63543,"LT",23,6,1,0,1,4,0,7,0,0.261,2,5,3,6,0,5,0,2,2,2,15,12,31,5,5
2020,9,60559,"LT",21,6,0,0,1,4,0,4,0,0.286,2,5,3,6,0,5,0,2,2,2,15,12,25,4,4
2020,9,68529,"LT",18,6,0,1,0,2,0,5,0,0.333,2,5,3,6,0,5,0,2,2,2,15,12,22,6,6
2020,9,67246,"OB",31,7,0,0,2,2,1,4,0,0.226,5,1,4,2,0,2,0,2,4,5,11,14,42,2,2
2020,9,66291,"OB",34,7,1,0,1,5,1,13,0,0.206,5,1,4,2,0,2,0,2,4,5,11,14,45,2,1
2020,9,64893,"SK",34,7,1,0,1,4,0,6,0,0.206,2,2,5,3,2,4,2,0,2,4,17,9,38,3,3
2020,9,66145,"LG",22,7,0,0,0,7,1,3,0,0.318,2,1,2,0,6,4,2,3,2,2,12,12,32,4,3
2020,9,67008,"KT",25,7,1,0,1,2,0,1,0,0.28,2,2,0,2,3,2,4,5,4,2,12,14,31,3,3
2020,9,62920,"SS",28,7,1,0,2,5,0,7,0,0.25,3,3,4,2,2,3,4,2,0,2,11,14,33,7,4
2020,9,61411,"SS",31,7,0,0,0,7,2,12,0,0.226,3,3,4,2,2,3,4,2,0,2,11,14,40,9,6
2020,9,67421,"SS",19,7,0,0,0,3,0,2,0,0.368,3,3,4,2,2,3,4,2,0,2,11,14,23,7,7
2020,9,67711,"HH",18,7,3,0,0,2,0,3,0,0.389,0,4,2,2,2,2,5,2,3,4,10,16,20,4,3
2020,9,64565,"LT",22,7,1,0,0,2,0,4,0,0.318,2,5,3,6,0,5,0,2,2,2,15,12,24,3,2
2020,9,61643,"OB",30,8,3,0,0,3,0,6,0,0.267,5,1,4,2,0,2,0,2,4,5,11,14,33,2,2
2020,9,76430,"WO",23,8,1,0,0,2,0,6,0,0.348,4,4,2,2,2,2,5,4,2,0,13,14,25,5,3
2020,9,76350,"SK",22,8,2,0,1,4,1,4,0,0.364,2,2,5,3,2,4,2,0,2,4,17,9,31,9,8
2020,9,79847,"SK",30,8,0,0,2,5,0,6,0,0.267,2,2,5,3,2,4,2,0,2,4,17,9,35,6,6
2020,9,61895,"SK",26,8,0,0,3,6,0,7,0,0.308,2,2,5,3,2,4,2,0,2,4,17,9,32,5,5
2020,9,65643,"NC",33,8,2,0,1,1,0,4,0,0.242,2,2,2,4,5,0,2,4,3,2,14,12,37,8,5
2020,9,76118,"NC",31,8,1,0,0,5,0,6,0,0.258,2,2,2,4,5,0,2,4,3,2,14,12,41,5,5
2020,9,75342,"KT",27,8,2,0,0,0,0,6,0,0.296,2,2,0,2,3,2,4,5,4,2,12,14,34,3,3
2020,9,64580,"HT",19,8,0,0,2,2,1,4,0,0.421,4,0,2,1,5,2,1,2,3,4,13,11,28,7,7
2020,9,76225,"LT",42,8,1,0,1,1,1,10,0,0.19,2,5,3,6,0,5,0,2,2,2,15,12,50,4,4
2020,9,69399,"WO",28,9,0,0,1,4,1,4,0,0.321,4,4,2,2,2,2,5,4,2,0,13,14,33,8,6
2020,9,65398,"WO",33,9,0,0,1,3,1,3,0,0.273,4,4,2,2,2,2,5,4,2,0,13,14,37,3,2
2020,9,69360,"WO",49,9,1,0,3,7,2,8,0,0.184,4,4,2,2,2,2,5,4,2,0,13,14,61,6,3
2020,9,65411,"SK",18,9,1,0,1,4,0,1,0,0.5,2,2,5,3,2,4,2,0,2,4,17,9,23,8,7
2020,9,62056,"SK",19,9,3,0,0,4,0,1,0,0.474,2,2,5,3,2,4,2,0,2,4,17,9,24,6,3
2020,9,67119,"LG",31,9,0,0,0,5,1,12,0,0.29,2,1,2,0,6,4,2,3,2,2,12,12,37,3,3
2020,9,78352,"NC",40,9,1,0,1,4,0,14,0,0.225,2,2,2,4,5,0,2,4,3,2,14,12,44,1,1
2020,9,68043,"KT",26,9,2,0,2,2,0,5,0,0.346,2,2,0,2,3,2,4,5,4,2,12,14,29,3,2
2020,9,63960,"SS",25,9,1,0,2,5,0,5,0,0.36,3,3,4,2,2,3,4,2,0,2,11,14,33,7,7
2020,9,69745,"HH",37,9,2,0,0,7,1,4,0,0.243,0,4,2,2,2,2,5,2,3,4,10,16,45,3,3
2020,9,67703,"HH",44,9,3,0,1,2,1,14,0,0.205,0,4,2,2,2,2,5,2,3,4,10,16,55,7,6
2020,9,63342,"WO",28,10,0,0,0,5,0,10,0,0.357,4,4,2,2,2,2,5,4,2,0,13,14,33,3,3
2020,9,64861,"SK",58,10,1,1,1,13,1,13,0,0.172,2,2,5,3,2,4,2,0,2,4,17,9,96,15,15
2020,9,60768,"SK",27,10,1,0,1,1,0,2,0,0.37,2,2,5,3,2,4,2,0,2,4,17,9,33,2,2
2020,9,73801,"LG",35,10,0,0,1,4,1,2,0,0.286,2,1,2,0,6,4,2,3,2,2,12,12,45,9,8
2020,9,50705,"HH",41,10,0,0,1,3,0,10,0,0.244,0,4,2,2,2,2,5,2,3,4,10,16,48,4,4
2020,9,74857,"HH",32,10,3,0,0,2,0,13,0,0.313,0,4,2,2,2,2,5,2,3,4,10,16,44,6,6
2020,9,50234,"OB",53,11,0,0,2,6,0,24,0,0.208,5,1,4,2,0,2,0,2,4,5,11,14,60,9,7
2020,9,69343,"WO",57,11,2,0,0,2,2,16,0,0.193,4,4,2,2,2,2,5,4,2,0,13,14,89,7,5
2020,9,67603,"WO",37,11,3,0,1,2,1,4,0,0.297,4,4,2,2,2,2,5,4,2,0,13,14,41,5,3
2020,9,76757,"KT",27,11,3,0,2,2,0,2,0,0.407,2,2,0,2,3,2,4,5,4,2,12,14,29,6,6
2020,9,65616,"HT",37,11,2,0,0,7,0,7,0,0.297,4,0,2,1,5,2,1,2,3,4,13,11,47,9,8
2020,9,68701,"HH",41,11,6,0,0,5,0,6,0,0.268,0,4,2,2,2,2,5,2,3,4,10,16,68,9,8
2020,9,62360,"WO",32,12,4,0,0,2,1,3,0,0.375,4,4,2,2,2,2,5,4,2,0,13,14,37,7,7
2020,9,61268,"WO",30,12,3,0,2,3,0,4,0,0.4,4,4,2,2,2,2,5,4,2,0,13,14,35,5,5
2020,9,50157,"LG",32,12,1,0,1,1,1,7,0,0.375,2,1,2,0,6,4,2,3,2,2,12,12,35,8,7
2020,9,50640,"HT",68,12,3,0,0,6,1,13,0,0.176,4,0,2,1,5,2,1,2,3,4,13,11,100,9,6
2020,9,63950,"HT",38,12,2,1,1,2,1,7,0,0.316,4,0,2,1,5,2,1,2,3,4,13,11,42,5,5
2020,9,50662,"HT",27,12,2,0,0,3,1,6,0,0.444,4,0,2,1,5,2,1,2,3,4,13,11,35,4,4
2020,9,68403,"SS",24,12,1,0,2,4,0,2,0,0.5,3,3,4,2,2,3,4,2,0,2,11,14,37,10,10
2020,9,77927,"SS",27,12,5,0,1,5,0,6,0,0.444,3,3,4,2,2,3,4,2,0,2,11,14,33,8,8
2020,9,62528,"LT",33,12,5,1,2,4,0,11,0,0.364,2,5,3,6,0,5,0,2,2,2,15,12,40,10,10
2020,9,61101,"LG",56,13,2,1,4,9,0,13,0,0.232,2,1,2,0,6,4,2,3,2,2,12,12,65,11,11
2020,9,69103,"LG",65,13,1,1,2,5,1,19,0,0.2,2,1,2,0,6,4,2,3,2,2,12,12,72,4,4
2020,9,68902,"NC",33,13,1,0,4,3,0,3,0,0.394,2,2,2,4,5,0,2,4,3,2,14,12,39,8,8
2020,9,69748,"HH",49,13,1,0,1,5,0,8,0,0.265,0,4,2,2,2,2,5,2,3,4,10,16,56,10,10
2020,9,62869,"SK",62,14,3,0,0,5,0,14,0,0.226,2,2,5,3,2,4,2,0,2,4,17,9,94,10,10
2020,9,69439,"SS",69,14,1,0,2,4,1,17,0,0.203,3,3,4,2,2,3,4,2,0,2,11,14,101,6,6
2020,9,76355,"LT",39,14,1,0,2,1,0,5,0,0.359,2,5,3,6,0,5,0,2,2,2,15,12,40,7,7
2020,9,64805,"OB",47,15,3,0,1,6,1,12,0,0.319,5,1,4,2,0,2,0,2,4,5,11,14,63,7,7
2020,9,63248,"OB",57,15,1,0,1,5,0,13,0,0.263,5,1,4,2,0,2,0,2,4,5,11,14,63,8,8
2020,9,67313,"WO",60,15,1,0,1,6,1,23,0,0.25,4,4,2,2,2,2,5,4,2,0,13,14,94,10,10
2020,9,62754,"HT",47,15,0,0,0,0,1,11,0,0.319,4,0,2,1,5,2,1,2,3,4,13,11,65,15,15
2020,9,73117,"SS",24,15,3,1,0,2,0,4,0,0.625,3,3,4,2,2,3,4,2,0,2,11,14,26,12,12
2020,9,69744,"HH",45,15,3,0,1,7,1,4,0,0.333,0,4,2,2,2,2,5,2,3,4,10,16,79,13,11
2020,9,78536,"LT",42,15,4,0,1,3,0,10,0,0.357,2,5,3,6,0,5,0,2,2,2,15,12,50,9,4
2020,9,63348,"WO",41,16,3,0,3,5,0,8,0,0.39,4,4,2,2,2,2,5,4,2,0,13,14,47,12,11
2020,9,62363,"WO",81,16,1,0,0,7,0,19,0,0.198,4,4,2,2,2,2,5,4,2,0,13,14,89,6,6
2020,9,69940,"NC",68,16,1,2,1,5,2,22,0,0.235,2,2,2,4,5,0,2,4,3,2,14,12,105,8,8
2020,9,50636,"HT",96,16,0,0,1,2,1,28,0,0.167,4,0,2,1,5,2,1,2,3,4,13,11,100,3,3
2020,9,77637,"HT",81,16,3,0,0,12,0,19,0,0.198,4,0,2,1,5,2,1,2,3,4,13,11,93,10,8
2020,9,50524,"LT",72,16,2,0,1,7,0,9,1,0.222,2,5,3,6,0,5,0,2,2,2,15,12,102,13,10
2020,9,50558,"LT",88,16,6,0,0,9,1,22,0,0.182,2,5,3,6,0,5,0,2,2,2,15,12,99,10,9
2020,9,50126,"LG",38,17,5,0,2,3,0,6,0,0.447,2,1,2,0,6,4,2,3,2,2,12,12,65,12,12
2020,9,78148,"LG",67,17,3,0,0,7,0,14,0,0.254,2,1,2,0,6,4,2,3,2,2,12,12,75,7,6
2020,9,68900,"NC",67,17,2,1,1,2,1,12,0,0.254,2,2,2,4,5,0,2,4,3,2,14,12,71,10,9
2020,9,65516,"KT",76,17,5,0,1,13,1,7,0,0.224,2,2,0,2,3,2,4,5,4,2,12,14,92,9,8
2020,9,69646,"HT",37,17,4,0,2,6,1,2,0,0.459,4,0,2,1,5,2,1,2,3,4,13,11,44,11,11
2020,9,67391,"WO",43,18,7,0,3,4,0,8,0,0.419,4,4,2,2,2,2,5,4,2,0,13,14,47,15,14
2020,9,64768,"SK",67,18,5,0,2,4,0,10,0,0.269,2,2,5,3,2,4,2,0,2,4,17,9,73,7,7
2020,9,50030,"KT",64,18,0,0,0,6,0,14,0,0.281,2,2,0,2,3,2,4,5,4,2,12,14,93,8,8
2020,9,69045,"OB",91,19,4,1,2,5,1,24,0,0.209,5,1,4,2,0,2,0,2,4,5,11,14,97,7,7
2020,9,67263,"OB",74,19,3,0,2,4,3,15,0,0.257,5,1,4,2,0,2,0,2,4,5,11,14,104,7,7
2020,9,61365,"SS",40,19,3,0,3,1,0,5,1,0.475,3,3,4,2,2,3,4,2,0,2,11,14,51,15,15
2020,9,79229,"OB",41,20,3,2,1,3,0,4,0,0.488,5,1,4,2,0,2,0,2,4,5,11,14,46,12,11
2020,9,69539,"LT",64,20,2,0,3,3,0,11,0,0.313,2,5,3,6,0,5,0,2,2,2,15,12,74,14,12
2020,9,60841,"SK",84,21,2,0,2,10,3,17,0,0.25,2,2,5,3,2,4,2,0,2,4,17,9,99,14,14
2020,9,69962,"NC",72,21,4,0,2,13,1,11,0,0.292,2,2,2,4,5,0,2,4,3,2,14,12,88,13,12
2020,9,50040,"KT",99,21,3,0,2,9,1,12,0,0.212,2,2,0,2,3,2,4,5,4,2,12,14,111,11,9
2020,9,69032,"KT",85,21,5,0,2,2,0,15,0,0.247,2,2,0,2,3,2,4,5,4,2,12,14,111,12,12
2020,9,65764,"HH",85,21,3,0,2,8,0,25,0,0.247,0,4,2,2,2,2,5,2,3,4,10,16,94,10,9
2020,9,50835,"SK",82,22,4,0,3,15,1,17,0,0.268,2,2,5,3,2,4,2,0,2,4,17,9,99,16,16
2020,9,50912,"NC",91,23,6,0,0,11,3,13,0,0.253,2,2,2,4,5,0,2,4,3,2,14,12,107,13,11
2020,9,73211,"LT",78,23,1,0,4,9,1,14,0,0.295,2,5,3,6,0,5,0,2,2,2,15,12,91,10,10
2020,9,65048,"KT",79,25,3,0,5,7,1,11,0,0.316,2,2,0,2,3,2,4,5,4,2,12,14,87,14,14
2020,9,64021,"LT",87,25,2,0,3,6,2,18,0,0.287,2,5,3,6,0,5,0,2,2,2,15,12,121,16,13
2020,9,50404,"SS",103,26,3,0,2,9,1,25,0,0.252,3,3,4,2,2,3,4,2,0,2,11,14,115,8,8
2020,9,69446,"SS",76,26,4,0,3,5,1,10,0,0.342,3,3,4,2,2,3,4,2,0,2,11,14,82,16,15
2020,9,68419,"SS",95,26,6,0,0,7,0,28,0,0.274,3,3,4,2,2,3,4,2,0,2,11,14,104,10,10
2020,9,68135,"LG",81,29,5,1,0,0,2,9,0,0.358,2,1,2,0,6,4,2,3,2,2,12,12,112,14,13
2020,9,77318,"HH",99,29,10,0,1,13,1,15,0,0.293,0,4,2,2,2,2,5,2,3,4,10,16,117,15,13
