"","P_ID","total_KK","total_BB","total_HR","total_AB","KK_rate","BB_rate","HR_rate"
"1",50054,9,6,0,47,0.191489361702128,0.127659574468085,0
"2",50066,6,2,1,25,0.24,0.08,0.04
"3",50150,4,0,0,21,0.19047619047619,0,0
"4",50165,61,26,16,210,0.29047619047619,0.123809523809524,0.0761904761904762
"5",50202,4,1,0,22,0.181818181818182,0.0454545454545455,0
"6",50204,1,0,0,1,1,0,0
"7",50208,0,0,0,2,0,0,0
"8",50293,2,3,0,15,0.133333333333333,0.2,0
"9",50296,0,0,0,0,0,0,0
"10",50300,10,1,1,35,0.285714285714286,0.0285714285714286,0.0285714285714286
"11",50304,1,0,0,1,1,0,0
"12",50357,5,0,0,11,0.454545454545455,0,0
"13",50458,13,6,0,98,0.13265306122449,0.0612244897959184,0
"14",50468,41,23,6,132,0.310606060606061,0.174242424242424,0.0454545454545455
"15",50506,30,20,4,223,0.134529147982063,0.0896860986547085,0.0179372197309417
"16",50600,0,0,0,0,0,0,0
"17",50704,5,1,0,19,0.263157894736842,0.0526315789473684,0
"18",50707,12,1,0,38,0.315789473684211,0.0263157894736842,0
"19",50709,7,1,0,19,0.368421052631579,0.0526315789473684,0
"20",50730,1,0,0,8,0.125,0,0
"21",50819,2,1,0,4,0.5,0.25,0
"22",50840,0,0,0,0,0,0,0
"23",50854,28,14,1,175,0.16,0.08,0.00571428571428571
"24",50923,68,17,17,225,0.302222222222222,0.0755555555555556,0.0755555555555556
"25",60100,78,26,8,315,0.247619047619048,0.0825396825396825,0.0253968253968254
"26",60140,0,0,0,0,0,0,0
"27",60146,0,0,0,0,0,0,0
"28",60181,0,0,0,0,0,0,0
"29",60184,4,0,0,12,0.333333333333333,0,0
"30",60263,0,0,0,0,0,0,0
"31",60288,22,4,0,69,0.318840579710145,0.0579710144927536,0
"32",60339,0,0,0,0,0,0,0
"33",60343,185,43,27,733,0.252387448840382,0.0586630286493861,0.0368349249658936
"34",60404,12,3,0,47,0.25531914893617,0.0638297872340425,0
"35",60456,80,56,3,497,0.160965794768612,0.112676056338028,0.00603621730382294
"36",60464,2,0,0,4,0.5,0,0
"37",60496,14,10,0,50,0.28,0.2,0
"38",60523,224,113,16,981,0.228338430173293,0.115188583078491,0.0163098878695209
"39",60558,316,84,30,1241,0.254633360193392,0.0676873489121676,0.024174053182917
"40",60559,0,0,0,0,0,0,0
"41",60566,59,25,0,705,0.0836879432624113,0.0354609929078014,0
"42",60605,20,11,1,108,0.185185185185185,0.101851851851852,0.00925925925925926
"43",60634,0,0,0,0,0,0,0
"44",60636,0,0,0,0,0,0,0
"45",60648,7,2,0,20,0.35,0.1,0
"46",60658,3,1,0,10,0.3,0.1,0
"47",60667,11,3,0,31,0.354838709677419,0.0967741935483871,0
"48",60724,4,0,0,12,0.333333333333333,0,0
"49",60757,0,0,0,0,0,0,0
"50",60768,1,0,0,1,1,0,0
"51",60805,14,6,0,60,0.233333333333333,0.1,0
"52",60845,0,0,0,0,0,0,0
"53",61102,324,97,65,1628,0.199017199017199,0.0595823095823096,0.0399262899262899
"54",61104,30,6,2,116,0.258620689655172,0.0517241379310345,0.0172413793103448
"55",61114,44,13,6,226,0.194690265486726,0.0575221238938053,0.0265486725663717
"56",61145,0,0,0,0,0,0,0
"57",61186,254,181,13,1643,0.154595252586732,0.110164333536214,0.0079123554473524
"58",61197,93,34,11,472,0.197033898305085,0.0720338983050847,0.0233050847457627
"59",61204,82,37,5,490,0.16734693877551,0.0755102040816327,0.0102040816326531
"60",61208,125,71,9,749,0.166889185580774,0.0947930574098798,0.0120160213618158
"61",61214,0,0,0,0,0,0,0
"62",61268,0,0,0,0,0,0,0
"63",61295,0,0,0,0,0,0,0
"64",61329,0,0,0,0,0,0,0
"65",61353,404,87,25,1858,0.217438105489774,0.0468245425188375,0.0134553283100108
"66",61365,0,0,0,0,0,0,0
"67",61366,26,2,0,77,0.337662337662338,0.025974025974026,0
"68",61404,167,133,25,1387,0.120403749098774,0.0958904109589041,0.0180245133381399
"69",61411,0,0,0,0,0,0,0
"70",61456,0,0,0,0,0,0,0
"71",61463,43,13,2,190,0.226315789473684,0.068421052631579,0.0105263157894737
"72",61554,93,17,6,285,0.326315789473684,0.0596491228070175,0.0210526315789474
"73",61557,0,0,0,0,0,0,0
"74",61566,45,17,2,212,0.212264150943396,0.080188679245283,0.00943396226415094
"75",61591,49,10,0,179,0.273743016759777,0.0558659217877095,0
"76",61643,0,0,0,0,0,0,0
"77",61652,22,7,3,107,0.205607476635514,0.0654205607476635,0.0280373831775701
"78",61666,0,0,0,0,0,0,0
"79",61700,149,79,6,579,0.2573402417962,0.136442141623489,0.0103626943005181
"80",61742,12,1,0,23,0.521739130434783,0.0434782608695652,0
"81",61743,75,18,4,270,0.277777777777778,0.0666666666666667,0.0148148148148148
"82",61865,0,0,0,1,0,0,0
"83",61869,136,22,16,539,0.252319109461967,0.0408163265306122,0.0296846011131725
"84",61891,0,0,0,0,0,0,0
"85",61895,0,0,0,0,0,0,0
"86",61962,1,0,0,1,1,0,0
"87",62007,14,1,2,50,0.28,0.02,0.04
"88",62016,23,4,1,97,0.237113402061856,0.0412371134020619,0.0103092783505155
"89",62025,89,34,13,431,0.206496519721578,0.0788863109048724,0.0301624129930394
"90",62056,0,0,0,0,0,0,0
"91",62146,0,0,0,0,0,0,0
"92",62147,6,2,0,39,0.153846153846154,0.0512820512820513,0
"93",62164,71,43,7,214,0.331775700934579,0.200934579439252,0.0327102803738318
"94",62234,172,85,8,961,0.1789802289282,0.0884495317377731,0.00832466181061394
"95",62244,232,113,20,1163,0.199484092863285,0.0971625107480654,0.0171969045571797
"96",62263,0,0,0,0,0,0,0
"97",62265,123,79,16,616,0.199675324675325,0.128246753246753,0.025974025974026
"98",62302,7,3,1,13,0.538461538461538,0.230769230769231,0.0769230769230769
"99",62332,99,22,5,358,0.276536312849162,0.0614525139664804,0.0139664804469274
"100",62353,138,52,7,485,0.284536082474227,0.107216494845361,0.0144329896907217
"101",62356,185,55,7,630,0.293650793650794,0.0873015873015873,0.0111111111111111
"102",62363,0,0,0,0,0,0,0
"103",62404,436,210,77,2108,0.206831119544592,0.0996204933586338,0.0365275142314991
"104",62406,6,3,1,26,0.230769230769231,0.115384615384615,0.0384615384615385
"105",62409,55,23,1,190,0.289473684210526,0.121052631578947,0.00526315789473684
"106",62415,379,223,30,2404,0.15765391014975,0.0927620632279534,0.0124792013311148
"107",62499,8,0,0,18,0.444444444444444,0,0
"108",62528,0,0,0,0,0,0,0
"109",62537,22,5,1,77,0.285714285714286,0.0649350649350649,0.012987012987013
"110",62556,259,98,19,1258,0.205882352941176,0.0779014308426073,0.0151033386327504
"111",62558,91,54,3,330,0.275757575757576,0.163636363636364,0.00909090909090909
"112",62559,106,49,7,467,0.226980728051392,0.104925053533191,0.0149892933618844
"113",62611,0,0,0,0,0,0,0
"114",62637,0,0,0,0,0,0,0
"115",62648,0,0,0,0,0,0,0
"116",62655,0,0,0,0,0,0,0
"117",62668,7,2,1,33,0.212121212121212,0.0606060606060606,0.0303030303030303
"118",62698,0,0,0,0,0,0,0
"119",62700,350,72,30,1421,0.246305418719212,0.0506685432793807,0.0211118930330753
"120",62754,0,0,0,0,0,0,0
"121",62768,64,11,7,203,0.315270935960591,0.0541871921182266,0.0344827586206897
"122",62797,181,108,9,1079,0.167747914735867,0.100092678405931,0.00834105653382762
"123",62802,163,53,9,568,0.286971830985915,0.0933098591549296,0.0158450704225352
"124",62864,187,102,12,920,0.203260869565217,0.110869565217391,0.0130434782608696
"125",62884,120,48,8,488,0.245901639344262,0.0983606557377049,0.0163934426229508
"126",62892,0,0,0,0,0,0,0
"127",62893,74,15,2,254,0.291338582677165,0.0590551181102362,0.0078740157480315
"128",62895,332,162,89,1360,0.244117647058824,0.119117647058824,0.0654411764705882
"129",62907,228,192,15,1922,0.118626430801249,0.0998959417273673,0.00780437044745057
"130",62908,35,6,1,267,0.131086142322097,0.0224719101123595,0.00374531835205993
"131",62917,5,0,0,9,0.555555555555556,0,0
"132",62921,10,1,1,31,0.32258064516129,0.032258064516129,0.032258064516129
"133",62925,65,22,13,387,0.167958656330749,0.0568475452196382,0.0335917312661499
"134",62926,1,0,0,1,1,0,0
"135",62927,0,0,0,7,0,0,0
"136",62929,1,0,0,1,1,0,0
"137",62931,216,82,33,961,0.224765868886576,0.0853277835587929,0.0343392299687825
"138",62934,273,118,46,1302,0.209677419354839,0.0906298003072197,0.0353302611367127
"139",62937,0,0,0,0,0,0,0
"140",62947,485,194,88,1958,0.247701736465781,0.0990806945863126,0.0449438202247191
"141",62951,0,0,0,0,0,0,0
"142",62966,0,0,0,0,0,0,0
"143",63077,15,1,0,68,0.220588235294118,0.0147058823529412,0
"144",63088,23,5,2,98,0.23469387755102,0.0510204081632653,0.0204081632653061
"145",63103,0,0,0,0,0,0,0
"146",63123,154,29,10,509,0.302554027504912,0.0569744597249509,0.0196463654223969
"147",63202,16,4,0,59,0.271186440677966,0.0677966101694915,0
"148",63248,0,0,0,0,0,0,0
"149",63257,57,31,5,243,0.234567901234568,0.127572016460905,0.0205761316872428
"150",63260,104,32,10,356,0.292134831460674,0.0898876404494382,0.0280898876404494
"151",63339,8,2,0,16,0.5,0.125,0
"152",63342,0,0,0,0,0,0,0
"153",63348,0,0,0,0,0,0,0
"154",63360,2,3,0,12,0.166666666666667,0.25,0
"155",63435,1,0,0,4,0.25,0,0
"156",63440,71,12,8,262,0.270992366412214,0.0458015267175573,0.0305343511450382
"157",63448,8,1,0,36,0.222222222222222,0.0277777777777778,0
"158",63450,142,41,9,596,0.238255033557047,0.0687919463087248,0.0151006711409396
"159",63512,0,0,0,0,0,0,0
"160",63543,0,0,0,0,0,0,0
"161",63558,6,0,0,11,0.545454545454545,0,0
"162",63559,30,10,1,87,0.344827586206897,0.114942528735632,0.0114942528735632
"163",63593,27,10,0,122,0.221311475409836,0.0819672131147541,0
"164",63628,0,0,0,0,0,0,0
"165",63634,125,27,20,390,0.320512820512821,0.0692307692307692,0.0512820512820513
"166",63636,32,7,0,139,0.23021582733813,0.0503597122302158,0
"167",63638,0,0,0,0,0,0,0
"168",63700,25,7,1,109,0.229357798165138,0.0642201834862385,0.00917431192660551
"169",63703,12,2,0,31,0.387096774193548,0.0645161290322581,0
"170",63704,306,148,21,1587,0.192816635160681,0.0932577189666037,0.0132325141776938
"171",63722,172,50,11,575,0.299130434782609,0.0869565217391304,0.0191304347826087
"172",63765,0,0,0,0,0,0,0
"173",63894,0,0,0,0,0,0,0
"174",63895,0,0,0,2,0,0,0
"175",63903,2,0,0,5,0.4,0,0
"176",63905,9,0,0,23,0.391304347826087,0,0
"177",63913,51,25,5,223,0.228699551569507,0.112107623318386,0.0224215246636771
"178",63920,95,88,2,419,0.22673031026253,0.210023866348449,0.00477326968973747
"179",63950,0,0,0,0,0,0,0
"180",63959,0,0,0,0,0,0,0
"181",63963,248,173,43,1367,0.181419166057059,0.126554498902707,0.0314557425018288
"182",63991,0,0,0,0,0,0,0
"183",64004,90,43,3,621,0.144927536231884,0.0692431561996779,0.00483091787439614
"184",64006,276,76,15,1508,0.183023872679045,0.0503978779840849,0.00994694960212202
"185",64007,71,12,5,206,0.344660194174757,0.058252427184466,0.0242718446601942
"186",64011,13,1,0,44,0.295454545454545,0.0227272727272727,0
"187",64012,28,7,0,94,0.297872340425532,0.074468085106383,0
"188",64014,7,0,1,24,0.291666666666667,0,0.0416666666666667
"189",64017,0,0,0,0,0,0,0
"190",64022,106,19,6,318,0.333333333333333,0.059748427672956,0.0188679245283019
"191",64029,0,0,0,0,0,0,0
"192",64086,98,29,11,290,0.337931034482759,0.1,0.0379310344827586
"193",64100,10,2,0,53,0.188679245283019,0.0377358490566038,0
"194",64101,1,1,0,2,0.5,0.5,0
"195",64115,7,4,0,42,0.166666666666667,0.0952380952380952,0
"196",64117,0,1,0,5,0,0.2,0
"197",64153,222,68,42,1131,0.196286472148541,0.0601237842617153,0.0371352785145889
"198",64164,3,1,0,11,0.272727272727273,0.0909090909090909,0
"199",64166,105,35,6,372,0.282258064516129,0.0940860215053763,0.0161290322580645
"200",64213,2,1,0,9,0.222222222222222,0.111111111111111,0
"201",64260,13,1,0,65,0.2,0.0153846153846154,0
"202",64266,35,7,4,125,0.28,0.056,0.032
"203",64300,338,284,97,2343,0.144259496372172,0.121212121212121,0.0413999146393513
"204",64340,7,1,0,16,0.4375,0.0625,0
"205",64346,334,77,22,1113,0.300089847259659,0.0691823899371069,0.0197663971248877
"206",64350,0,0,0,0,0,0,0
"207",64407,9,2,0,46,0.195652173913043,0.0434782608695652,0
"208",64410,23,4,0,82,0.280487804878049,0.0487804878048781,0
"209",64468,56,25,5,209,0.267942583732057,0.119617224880383,0.0239234449760766
"210",64469,19,3,1,77,0.246753246753247,0.038961038961039,0.012987012987013
"211",64493,11,3,0,32,0.34375,0.09375,0
"212",64499,44,8,0,195,0.225641025641026,0.041025641025641,0
"213",64501,14,4,0,47,0.297872340425532,0.0851063829787234,0
"214",64504,57,26,1,247,0.230769230769231,0.105263157894737,0.00404858299595142
"215",64560,101,62,6,473,0.213530655391121,0.13107822410148,0.0126849894291755
"216",64565,0,0,0,0,0,0,0
"217",64610,137,53,0,903,0.15171650055371,0.0586932447397564,0
"218",64646,133,42,5,782,0.170076726342711,0.0537084398976982,0.00639386189258312
"219",64657,101,49,5,309,0.326860841423948,0.158576051779935,0.0161812297734628
"220",64699,70,33,20,499,0.140280561122244,0.0661322645290581,0.0400801603206413
"221",64704,13,4,0,45,0.288888888888889,0.0888888888888889,0
"222",64706,5,1,0,14,0.357142857142857,0.0714285714285714,0
"223",64717,80,20,9,319,0.250783699059561,0.0626959247648903,0.0282131661442006
"224",64718,0,0,0,0,0,0,0
"225",64724,9,1,0,25,0.36,0.04,0
"226",64768,0,0,0,0,0,0,0
"227",64793,31,4,0,85,0.364705882352941,0.0470588235294118,0
"228",64802,1,0,0,2,0.5,0,0
"229",64803,1,0,0,3,0.333333333333333,0,0
"230",64805,0,0,0,0,0,0,0
"231",64861,0,0,0,0,0,0,0
"232",64868,101,74,0,567,0.178130511463845,0.130511463844797,0
"233",64890,5,0,0,14,0.357142857142857,0,0
"234",64893,0,0,0,0,0,0,0
"235",64895,19,2,0,43,0.441860465116279,0.0465116279069767,0
"236",64906,32,8,1,150,0.213333333333333,0.0533333333333333,0.00666666666666667
"237",64907,0,0,0,0,0,0,0
"238",64914,103,74,40,436,0.236238532110092,0.169724770642202,0.0917431192660551
"239",64944,30,6,1,103,0.29126213592233,0.058252427184466,0.00970873786407767
"240",64960,0,0,0,0,0,0,0
"241",64984,94,23,7,490,0.191836734693878,0.0469387755102041,0.0142857142857143
"242",64995,0,0,0,0,0,0,0
"243",65005,51,50,22,325,0.156923076923077,0.153846153846154,0.0676923076923077
"244",65042,0,0,0,0,0,0,0
"245",65044,3,0,0,7,0.428571428571429,0,0
"246",65056,0,0,0,0,0,0,0
"247",65058,1,0,0,1,1,0,0
"248",65060,0,0,0,0,0,0,0
"249",65062,0,0,0,1,0,0,0
"250",65064,0,0,0,0,0,0,0
"251",65067,0,0,0,0,0,0,0
"252",65096,1,0,0,5,0.2,0,0
"253",65103,86,52,33,704,0.122159090909091,0.0738636363636364,0.046875
"254",65109,27,9,0,89,0.303370786516854,0.101123595505618,0
"255",65115,49,32,1,387,0.126614987080103,0.082687338501292,0.00258397932816537
"256",65120,1,0,0,1,1,0,0
"257",65132,2,2,0,5,0.4,0.4,0
"258",65136,24,7,1,58,0.413793103448276,0.120689655172414,0.0172413793103448
"259",65157,7,3,0,29,0.241379310344828,0.103448275862069,0
"260",65207,18,8,0,83,0.216867469879518,0.0963855421686747,0
"261",65269,25,5,2,74,0.337837837837838,0.0675675675675676,0.027027027027027
"262",65293,0,0,0,1,0,0,0
"263",65304,2,2,0,8,0.25,0.25,0
"264",65343,0,1,0,0,0,Inf,0
"265",65357,118,53,11,596,0.197986577181208,0.0889261744966443,0.0184563758389262
"266",65398,0,0,0,0,0,0,0
"267",65399,131,47,12,449,0.291759465478842,0.10467706013363,0.0267260579064588
"268",65412,31,8,6,108,0.287037037037037,0.0740740740740741,0.0555555555555556
"269",65464,36,6,1,121,0.297520661157025,0.0495867768595041,0.00826446280991736
"270",65496,0,0,0,0,0,0,0
"271",65503,8,0,1,24,0.333333333333333,0,0.0416666666666667
"272",65506,18,5,0,61,0.295081967213115,0.0819672131147541,0
"273",65513,37,7,0,102,0.362745098039216,0.0686274509803922,0
"274",65514,0,0,0,2,0,0,0
"275",65515,113,17,4,309,0.365695792880259,0.0550161812297735,0.0129449838187702
"276",65516,0,0,0,0,0,0,0
"277",65523,59,18,7,247,0.238866396761134,0.0728744939271255,0.0283400809716599
"278",65546,0,0,0,0,0,0,0
"279",65586,90,22,6,275,0.327272727272727,0.08,0.0218181818181818
"280",65610,22,10,4,88,0.25,0.113636363636364,0.0454545454545455
"281",65616,0,0,0,0,0,0,0
"282",65618,2,0,0,3,0.666666666666667,0,0
"283",65643,1,0,0,1,1,0,0
"284",65653,164,55,12,642,0.255451713395639,0.0856697819314642,0.0186915887850467
"285",65703,0,0,0,1,0,0,0
"286",65707,1,0,0,8,0.125,0,0
"287",65742,0,0,0,0,0,0,0
"288",65827,0,0,0,0,0,0,0
"289",65869,26,3,1,85,0.305882352941176,0.0352941176470588,0.0117647058823529
"290",65898,44,8,5,182,0.241758241758242,0.043956043956044,0.0274725274725275
"291",65905,2,1,0,9,0.222222222222222,0.111111111111111,0
"292",65933,0,0,0,0,0,0,0
"293",65964,0,0,0,0,0,0,0
"294",66047,0,0,0,0,0,0,0
"295",66052,61,16,3,186,0.327956989247312,0.0860215053763441,0.0161290322580645
"296",66108,44,34,1,154,0.285714285714286,0.220779220779221,0.00649350649350649
"297",66112,0,0,0,0,0,0,0
"298",66113,6,1,2,63,0.0952380952380952,0.0158730158730159,0.0317460317460317
"299",66145,0,0,0,0,0,0,0
"300",66160,0,0,0,0,0,0,0
"301",66162,0,0,0,1,0,0,0
"302",66201,0,0,0,0,0,0,0
"303",66203,16,3,0,53,0.30188679245283,0.0566037735849057,0
"304",66207,3,0,0,13,0.230769230769231,0,0
"305",66209,51,13,1,259,0.196911196911197,0.0501930501930502,0.00386100386100386
"306",66244,204,130,51,914,0.223194748358862,0.142231947483589,0.0557986870897155
"307",66291,0,0,0,0,0,0,0
"308",66302,3,1,0,10,0.3,0.1,0
"309",66306,88,77,17,467,0.188436830835118,0.164882226980728,0.0364025695931477
"310",66354,110,24,2,300,0.366666666666667,0.08,0.00666666666666667
"311",66392,0,0,0,2,0,0,0
"312",66406,4,0,0,18,0.222222222222222,0,0
"313",66409,55,12,9,161,0.341614906832298,0.0745341614906832,0.0559006211180124
"314",66451,0,0,0,0,0,0,0
"315",66452,17,31,8,154,0.11038961038961,0.201298701298701,0.051948051948052
"316",66462,50,35,1,413,0.121065375302663,0.0847457627118644,0.00242130750605327
"317",66469,1,1,0,3,0.333333333333333,0.333333333333333,0
"318",66492,0,0,0,0,0,0,0
"319",66493,0,0,0,0,0,0,0
"320",66504,2,0,0,2,1,0,0
"321",66508,88,28,1,275,0.32,0.101818181818182,0.00363636363636364
"322",66523,25,15,4,80,0.3125,0.1875,0.05
"323",66606,142,54,9,795,0.178616352201258,0.0679245283018868,0.0113207547169811
"324",66609,0,0,0,0,0,0,0
"325",66614,15,9,0,58,0.258620689655172,0.155172413793103,0
"326",66615,41,16,1,225,0.182222222222222,0.0711111111111111,0.00444444444444444
"327",66630,0,0,0,0,0,0,0
"328",66643,1,0,0,1,1,0,0
"329",66657,15,4,0,49,0.306122448979592,0.0816326530612245,0
"330",66662,21,7,2,82,0.25609756097561,0.0853658536585366,0.024390243902439
"331",66702,38,8,1,229,0.165938864628821,0.0349344978165939,0.00436681222707424
"332",66704,21,6,1,51,0.411764705882353,0.117647058823529,0.0196078431372549
"333",66706,91,35,1,389,0.233933161953728,0.089974293059126,0.0025706940874036
"334",66707,10,2,0,25,0.4,0.08,0
"335",66710,7,1,0,20,0.35,0.05,0
"336",66715,11,2,0,48,0.229166666666667,0.0416666666666667,0
"337",66716,31,9,1,121,0.256198347107438,0.0743801652892562,0.00826446280991736
"338",66740,151,83,70,937,0.161152614727855,0.0885805763073639,0.0747065101387407
"339",66749,17,8,0,37,0.459459459459459,0.216216216216216,0
"340",66804,2,0,0,6,0.333333333333333,0,0
"341",66805,87,25,21,456,0.190789473684211,0.0548245614035088,0.0460526315789474
"342",66825,0,0,0,0,0,0,0
"343",66833,6,1,0,11,0.545454545454545,0.0909090909090909,0
"344",66838,291,66,67,1329,0.218961625282167,0.0496613995485327,0.0504138449962378
"345",66859,0,0,0,0,0,0,0
"346",66864,28,4,0,104,0.269230769230769,0.0384615384615385,0
"347",66917,55,17,2,330,0.166666666666667,0.0515151515151515,0.00606060606060606
"348",66920,0,0,0,0,0,0,0
"349",66928,2,0,0,5,0.4,0,0
"350",66960,0,0,0,0,0,0,0
"351",66965,14,9,2,88,0.159090909090909,0.102272727272727,0.0227272727272727
"352",66968,22,2,0,78,0.282051282051282,0.0256410256410256,0
"353",66992,0,0,0,1,0,0,0
"354",67005,9,2,0,19,0.473684210526316,0.105263157894737,0
"355",67006,8,1,0,24,0.333333333333333,0.0416666666666667,0
"356",67008,0,0,0,0,0,0,0
"357",67024,28,17,2,85,0.329411764705882,0.2,0.0235294117647059
"358",67025,404,166,107,1677,0.240906380441264,0.0989862850327967,0.0638044126416219
"359",67066,0,0,0,0,0,0,0
"360",67092,3,0,0,4,0.75,0,0
"361",67119,0,0,0,0,0,0,0
"362",67123,1,0,0,5,0.2,0,0
"363",67134,14,11,3,79,0.177215189873418,0.139240506329114,0.0379746835443038
"364",67202,3,0,0,4,0.75,0,0
"365",67207,17,7,0,65,0.261538461538462,0.107692307692308,0
"366",67246,0,0,0,0,0,0,0
"367",67304,259,88,11,999,0.259259259259259,0.0880880880880881,0.011011011011011
"368",67313,0,0,0,0,0,0,0
"369",67341,186,172,26,1842,0.100977198697068,0.0933767643865364,0.0141150922909881
"370",67391,0,0,0,0,0,0,0
"371",67394,128,50,34,525,0.243809523809524,0.0952380952380952,0.0647619047619048
"372",67421,0,0,0,0,0,0,0
"373",67443,0,0,0,0,0,0,0
"374",67449,8,2,1,14,0.571428571428571,0.142857142857143,0.0714285714285714
"375",67450,301,205,86,1493,0.201607501674481,0.137307434695244,0.057602143335566
"376",67454,22,0,0,47,0.468085106382979,0,0
"377",67504,25,3,0,57,0.43859649122807,0.0526315789473684,0
"378",67539,175,21,5,366,0.478142076502732,0.0573770491803279,0.0136612021857923
"379",67588,0,0,0,0,0,0,0
"380",67598,233,62,38,885,0.263276836158192,0.0700564971751412,0.0429378531073446
"381",67610,1,0,0,2,0.5,0,0
"382",67640,1,0,0,1,1,0,0
"383",67644,4,0,0,20,0.2,0,0
"384",67645,0,0,0,0,0,0,0
"385",67646,1,0,0,1,1,0,0
"386",67650,215,104,47,1070,0.200934579439252,0.097196261682243,0.0439252336448598
"387",67703,0,0,0,0,0,0,0
"388",67827,2,2,0,9,0.222222222222222,0.222222222222222,0
"389",67828,0,0,0,0,0,0,0
"390",67872,412,235,115,1613,0.255424674519529,0.145691258524489,0.0712957222566646
"391",67893,18,7,0,56,0.321428571428571,0.125,0
"392",67935,278,120,61,938,0.29637526652452,0.127931769722815,0.0650319829424307
"393",67944,15,3,0,34,0.441176470588235,0.0882352941176471,0
"394",68050,250,137,54,1153,0.216825672159584,0.118820468343452,0.0468343451864701
"395",68067,0,0,0,0,0,0,0
"396",68069,7,2,0,18,0.388888888888889,0.111111111111111,0
"397",68103,25,9,8,183,0.136612021857924,0.0491803278688525,0.0437158469945355
"398",68106,4,1,0,9,0.444444444444444,0.111111111111111,0
"399",68119,1,0,0,3,0.333333333333333,0,0
"400",68200,0,0,0,0,0,0,0
"401",68201,0,0,0,0,0,0,0
"402",68204,11,2,0,40,0.275,0.05,0
"403",68205,2,0,0,8,0.25,0,0
"404",68244,17,4,1,65,0.261538461538462,0.0615384615384615,0.0153846153846154
"405",68245,6,4,1,39,0.153846153846154,0.102564102564103,0.0256410256410256
"406",68305,2,0,0,5,0.4,0,0
"407",68330,3,2,0,13,0.230769230769231,0.153846153846154,0
"408",68341,0,0,0,0,0,0,0
"409",68345,128,83,40,611,0.20949263502455,0.135842880523732,0.0654664484451719
"410",68346,3,0,0,8,0.375,0,0
"411",68362,8,4,0,25,0.32,0.16,0
"412",68407,18,6,3,53,0.339622641509434,0.113207547169811,0.0566037735849057
"413",68518,30,7,0,113,0.265486725663717,0.0619469026548673,0
"414",68525,155,45,15,582,0.266323024054983,0.077319587628866,0.0257731958762887
"415",68556,0,0,0,1,0,0,0
"416",68614,12,0,0,28,0.428571428571429,0,0
"417",68639,0,0,0,0,0,0,0
"418",68646,2,0,0,20,0.1,0,0
"419",68659,0,0,0,0,0,0,0
"420",68700,5,2,0,6,0.833333333333333,0.333333333333333,0
"421",68730,217,98,52,1129,0.192205491585474,0.0868024800708592,0.0460584588131089
"422",68743,177,103,14,974,0.181724845995893,0.105749486652977,0.0143737166324435
"423",68868,17,18,3,145,0.117241379310345,0.124137931034483,0.0206896551724138
"424",68900,0,0,0,0,0,0,0
"425",68901,4,1,1,9,0.444444444444444,0.111111111111111,0.111111111111111
"426",68904,9,1,0,23,0.391304347826087,0.0434782608695652,0
"427",68906,1,0,0,3,0.333333333333333,0,0
"428",68912,58,16,2,194,0.298969072164948,0.0824742268041237,0.0103092783505155
"429",69041,0,0,0,0,0,0,0
"430",69056,0,0,0,1,0,0,0
"431",69098,0,0,0,0,0,0,0
"432",69100,26,10,2,129,0.201550387596899,0.0775193798449612,0.0155038759689922
"433",69150,46,14,9,197,0.233502538071066,0.0710659898477157,0.0456852791878173
"434",69159,0,0,0,0,0,0,0
"435",69165,63,12,9,199,0.316582914572864,0.0603015075376884,0.0452261306532663
"436",69168,0,0,0,0,0,0,0
"437",69203,1,0,0,2,0.5,0,0
"438",69207,0,0,0,0,0,0,0
"439",69209,72,87,27,834,0.0863309352517986,0.10431654676259,0.0323741007194245
"440",69238,9,3,0,15,0.6,0.2,0
"441",69306,10,3,1,42,0.238095238095238,0.0714285714285714,0.0238095238095238
"442",69360,0,0,0,0,0,0,0
"443",69399,0,0,0,0,0,0,0
"444",69403,0,0,0,4,0,0,0
"445",69405,50,13,4,154,0.324675324675325,0.0844155844155844,0.025974025974026
"446",69418,27,8,1,129,0.209302325581395,0.062015503875969,0.00775193798449612
"447",69439,0,0,0,1,0,0,0
"448",69442,36,9,2,95,0.378947368421053,0.0947368421052632,0.0210526315789474
"449",69453,138,52,11,557,0.247755834829443,0.0933572710951526,0.0197486535008977
"450",69508,4,0,1,20,0.2,0,0.05
"451",69517,16,4,0,83,0.192771084337349,0.0481927710843374,0
"452",69530,24,26,2,163,0.147239263803681,0.159509202453988,0.0122699386503067
"453",69569,60,31,9,231,0.25974025974026,0.134199134199134,0.038961038961039
"454",69605,18,4,2,41,0.439024390243902,0.0975609756097561,0.0487804878048781
"455",69636,36,5,3,87,0.413793103448276,0.0574712643678161,0.0344827586206897
"456",69645,0,0,0,0,0,0,0
"457",69646,0,0,0,0,0,0,0
"458",69652,76,69,25,598,0.127090301003344,0.115384615384615,0.0418060200668896
"459",69702,1,0,0,5,0.2,0,0
"460",69705,12,0,0,35,0.342857142857143,0,0
"461",69727,17,7,1,53,0.320754716981132,0.132075471698113,0.0188679245283019
"462",69737,106,17,5,279,0.379928315412186,0.0609318996415771,0.017921146953405
"463",69744,0,0,0,0,0,0,0
"464",69766,25,7,1,77,0.324675324675325,0.0909090909090909,0.012987012987013
"465",69802,2,0,0,16,0.125,0,0
"466",69804,1,0,0,1,1,0,0
"467",69813,0,0,0,0,0,0,0
"468",69825,19,12,0,92,0.206521739130435,0.130434782608696,0
"469",69860,3,0,0,4,0.75,0,0
"470",69901,31,16,9,205,0.151219512195122,0.0780487804878049,0.0439024390243902
"471",69950,51,18,8,203,0.251231527093596,0.0886699507389163,0.0394088669950739
"472",69962,0,0,0,0,0,0,0
"473",69969,0,0,0,0,0,0,0
"474",69992,0,0,0,2,0,0,0
"475",69995,2,0,0,8,0.25,0,0
"476",70142,0,0,0,0,0,0,0
"477",70410,230,101,57,1735,0.132564841498559,0.0582132564841499,0.0328530259365994
"478",70425,0,0,0,0,0,0,0
"479",70553,154,56,5,716,0.215083798882682,0.0782122905027933,0.00698324022346369
"480",70646,48,20,11,222,0.216216216216216,0.0900900900900901,0.0495495495495495
"481",70756,200,157,79,1224,0.163398692810458,0.128267973856209,0.0645424836601307
"482",71118,0,0,0,0,0,0,0
"483",71184,59,28,4,404,0.146039603960396,0.0693069306930693,0.0099009900990099
"484",71207,16,15,0,73,0.219178082191781,0.205479452054795,0
"485",71347,102,31,2,504,0.202380952380952,0.0615079365079365,0.00396825396825397
"486",71432,213,105,30,883,0.241223103057758,0.118912797281993,0.0339750849377123
"487",71552,232,137,37,887,0.261555806087937,0.15445321307779,0.0417136414881623
"488",71562,25,10,1,195,0.128205128205128,0.0512820512820513,0.00512820512820513
"489",71564,251,168,98,1799,0.139521956642579,0.0933852140077821,0.0544747081712062
"490",71565,54,22,5,268,0.201492537313433,0.082089552238806,0.0186567164179104
"491",71610,73,40,10,287,0.254355400696864,0.139372822299652,0.0348432055749129
"492",71752,335,243,58,1733,0.1933064050779,0.140219272937103,0.033467974610502
"493",71801,0,0,0,0,0,0,0
"494",71837,328,112,42,1341,0.244593586875466,0.0835197613721104,0.0313199105145414
"495",71842,137,30,5,464,0.295258620689655,0.0646551724137931,0.0107758620689655
"496",71845,0,0,0,0,0,0,0
"497",71848,17,15,0,143,0.118881118881119,0.104895104895105,0
"498",71857,37,27,6,255,0.145098039215686,0.105882352941176,0.0235294117647059
"499",72133,315,203,41,1860,0.169354838709677,0.109139784946237,0.0220430107526882
"500",72214,1,1,0,4,0.25,0.25,0
"501",72303,12,5,0,41,0.292682926829268,0.121951219512195,0
"502",72321,0,0,0,0,0,0,0
"503",72443,363,365,109,2231,0.162707306140744,0.163603765127745,0.0488570147915733
"504",72447,0,0,0,0,0,0,0
"505",72456,122,66,12,944,0.129237288135593,0.0699152542372881,0.0127118644067797
"506",72463,0,0,0,0,0,0,0
"507",72466,150,52,21,654,0.229357798165138,0.0795107033639144,0.0321100917431193
"508",72523,0,0,0,0,0,0,0
"509",72535,0,0,0,0,0,0,0
"510",72546,136,60,16,1000,0.136,0.06,0.016
"511",72551,0,0,0,0,0,0,0
"512",72559,62,23,2,296,0.209459459459459,0.0777027027027027,0.00675675675675676
"513",72641,0,0,0,0,0,0,0
"514",72749,0,0,0,0,0,0,0
"515",72860,25,12,0,122,0.204918032786885,0.0983606557377049,0
"516",72862,0,0,0,0,0,0,0
"517",73113,478,261,78,1899,0.251711427066877,0.137440758293839,0.0410742496050553
"518",73136,436,119,88,1512,0.288359788359788,0.0787037037037037,0.0582010582010582
"519",73153,150,72,1,952,0.157563025210084,0.0756302521008403,0.00105042016806723
"520",73209,235,75,45,1196,0.196488294314381,0.0627090301003344,0.0376254180602007
"521",73211,2,0,0,2,1,0,0
"522",73213,135,74,14,953,0.141657922350472,0.0776495278069255,0.0146904512067156
"523",73226,0,0,0,0,0,0,0
"524",73248,0,0,0,0,0,0,0
"525",73306,218,63,19,877,0.248574686431015,0.0718358038768529,0.0216647662485747
"526",73339,119,86,11,893,0.133258678611422,0.0963045912653975,0.0123180291153415
"527",73342,179,117,15,1004,0.178286852589641,0.116533864541833,0.0149402390438247
"528",73602,78,43,4,368,0.21195652173913,0.116847826086957,0.0108695652173913
"529",73606,209,98,23,779,0.268292682926829,0.125802310654686,0.0295250320924262
"530",73725,18,4,1,96,0.1875,0.0416666666666667,0.0104166666666667
"531",73738,0,0,0,0,0,0,0
"532",73750,0,0,0,0,0,0,0
"533",73801,0,0,0,0,0,0,0
"534",73824,26,7,2,77,0.337662337662338,0.0909090909090909,0.025974025974026
"535",74158,15,5,1,46,0.326086956521739,0.108695652173913,0.0217391304347826
"536",74163,131,166,5,1315,0.0996197718631179,0.126235741444867,0.00380228136882129
"537",74167,0,0,0,0,0,0,0
"538",74206,257,232,35,1639,0.156802928615009,0.141549725442343,0.0213544844417328
"539",74215,237,128,61,1567,0.151244416081685,0.0816847479259732,0.0389278876834716
"540",74223,21,8,2,104,0.201923076923077,0.0769230769230769,0.0192307692307692
"541",74339,237,208,67,1945,0.121850899742931,0.10694087403599,0.0344473007712082
"542",74358,14,7,1,50,0.28,0.14,0.02
"543",74359,0,0,0,0,0,0,0
"544",74402,3,0,0,8,0.375,0,0
"545",74465,365,239,89,1595,0.22884012539185,0.149843260188088,0.0557993730407524
"546",74540,398,177,86,1758,0.226393629124005,0.100682593856655,0.0489192263936291
"547",74605,69,42,19,459,0.150326797385621,0.0915032679738562,0.0413943355119826
"548",74630,0,0,0,0,0,0,0
"549",74729,196,61,33,673,0.291233283803863,0.0906389301634472,0.0490341753343239
"550",74731,0,0,0,0,0,0,0
"551",74756,2,0,0,2,1,0,0
"552",74823,57,17,3,345,0.165217391304348,0.0492753623188406,0.00869565217391304
"553",74838,0,0,0,0,0,0,0
"554",74846,197,72,37,788,0.25,0.0913705583756345,0.0469543147208122
"555",74857,0,0,0,0,0,0,0
"556",75125,312,188,93,1046,0.298279158699809,0.179732313575526,0.0889101338432122
"557",75138,0,0,0,0,0,0,0
"558",75149,0,0,0,0,0,0,0
"559",75151,252,105,67,1669,0.150988615937687,0.0629119233073697,0.0401437986818454
"560",75250,0,0,0,0,0,0,0
"561",75321,0,0,0,0,0,0,0
"562",75334,405,243,108,1852,0.218682505399568,0.131209503239741,0.0583153347732181
"563",75340,1,0,0,1,1,0,0
"564",75342,0,0,0,0,0,0,0
"565",75441,54,26,6,219,0.246575342465753,0.118721461187215,0.0273972602739726
"566",75537,0,0,0,0,0,0,0
"567",75566,290,156,67,1487,0.19502353732347,0.104909213180901,0.0450571620712845
"568",75620,0,0,0,0,0,0,0
"569",75730,0,0,0,0,0,0,0
"570",75808,211,164,44,1748,0.12070938215103,0.0938215102974828,0.0251716247139588
"571",75847,492,310,163,2043,0.240822320117474,0.151737640724425,0.0797846304454234
"572",75852,0,0,0,0,0,0,0
"573",75867,0,0,0,0,0,0,0
"574",76100,160,103,17,551,0.29038112522686,0.186932849364791,0.0308529945553539
"575",76118,0,0,0,0,0,0,0
"576",76158,137,43,29,386,0.354922279792746,0.11139896373057,0.0751295336787565
"577",76232,185,194,88,1685,0.109792284866469,0.11513353115727,0.0522255192878338
"578",76249,323,186,58,1968,0.164126016260163,0.0945121951219512,0.0294715447154472
"579",76267,233,149,47,1597,0.145898559799624,0.0932999373825924,0.0294301815904822
"580",76290,136,123,43,1239,0.109765940274415,0.099273607748184,0.0347054075867635
"581",76304,12,0,0,24,0.5,0,0
"582",76313,294,165,78,1696,0.173349056603774,0.0972877358490566,0.0459905660377358
"583",76329,0,0,0,0,0,0,0
"584",76350,0,0,0,0,0,0,0
"585",76355,0,0,0,0,0,0,0
"586",76368,40,24,1,164,0.24390243902439,0.146341463414634,0.00609756097560976
"587",76430,0,0,0,0,0,0,0
"588",76435,25,7,0,72,0.347222222222222,0.0972222222222222,0
"589",76455,0,0,0,0,0,0,0
"590",76509,211,121,13,1165,0.181115879828326,0.103862660944206,0.0111587982832618
"591",76536,18,1,0,90,0.2,0.0111111111111111,0
"592",76610,0,0,0,0,0,0,0
"593",76639,0,0,0,0,0,0,0
"594",76650,0,0,0,0,0,0,0
"595",76720,95,23,7,277,0.342960288808664,0.0830324909747292,0.0252707581227437
"596",76746,57,17,5,176,0.323863636363636,0.0965909090909091,0.0284090909090909
"597",76753,389,91,58,1900,0.204736842105263,0.0478947368421053,0.0305263157894737
"598",76757,0,0,0,0,0,0,0
"599",76802,161,142,17,1827,0.0881226053639847,0.0777230432402846,0.00930487137383689
"600",76812,261,137,53,1628,0.16031941031941,0.0841523341523342,0.0325552825552826
"601",76849,258,154,17,1882,0.137088204038257,0.0818278427205101,0.00903294367693943
"602",76858,1,0,0,1,1,0,0
"603",76869,73,24,2,283,0.257950530035336,0.0848056537102474,0.00706713780918728
"604",77104,14,11,1,74,0.189189189189189,0.148648648648649,0.0135135135135135
"605",77211,0,0,0,0,0,0,0
"606",77243,62,18,3,244,0.254098360655738,0.0737704918032787,0.0122950819672131
"607",77248,366,178,35,1507,0.242866622428666,0.118115461181155,0.0232249502322495
"608",77263,0,0,0,1,0,0,0
"609",77318,0,0,0,0,0,0,0
"610",77452,0,0,0,0,0,0,0
"611",77454,32,14,0,124,0.258064516129032,0.112903225806452,0
"612",77462,62,10,7,257,0.24124513618677,0.0389105058365759,0.0272373540856031
"613",77463,348,120,41,1311,0.265446224256293,0.091533180778032,0.0312738367658276
"614",77464,9,7,0,38,0.236842105263158,0.184210526315789,0
"615",77466,11,1,0,29,0.379310344827586,0.0344827586206897,0
"616",77532,422,327,75,2455,0.171894093686354,0.133197556008147,0.0305498981670061
"617",77563,0,0,0,0,0,0,0
"618",77564,357,178,51,1863,0.191626409017713,0.0955448201825013,0.0273752012882448
"619",77609,49,7,1,190,0.257894736842105,0.0368421052631579,0.00526315789473684
"620",77648,13,3,0,46,0.282608695652174,0.0652173913043478,0
"621",77654,12,9,0,44,0.272727272727273,0.204545454545455,0
"622",77669,12,3,0,33,0.363636363636364,0.0909090909090909,0
"623",77848,6,3,0,27,0.222222222222222,0.111111111111111,0
"624",77869,6,1,0,16,0.375,0.0625,0
"625",77927,0,0,0,0,0,0,0
"626",78122,107,45,5,788,0.135786802030457,0.0571065989847716,0.00634517766497462
"627",78135,262,131,38,1388,0.188760806916427,0.0943804034582133,0.0273775216138329
"628",78148,0,0,0,1,0,0,0
"629",78168,223,235,20,1900,0.117368421052632,0.123684210526316,0.0105263157894737
"630",78217,191,94,1,857,0.222870478413069,0.109684947491249,0.00116686114352392
"631",78224,552,316,142,2294,0.240627724498692,0.137750653879686,0.0619006102877071
"632",78243,0,0,0,0,0,0,0
"633",78248,0,0,0,0,0,0,0
"634",78257,0,0,0,0,0,0,0
"635",78288,184,118,7,1115,0.165022421524664,0.105829596412556,0.0062780269058296
"636",78352,0,0,0,0,0,0,0
"637",78361,102,45,4,473,0.215644820295983,0.0951374207188161,0.00845665961945032
"638",78366,0,0,0,0,0,0,0
"639",78454,13,13,2,80,0.1625,0.1625,0.025
"640",78467,28,2,1,69,0.405797101449275,0.0289855072463768,0.0144927536231884
"641",78513,286,150,88,1907,0.149973780807551,0.0786575773466177,0.0461457787100157
"642",78517,134,41,7,405,0.330864197530864,0.101234567901235,0.0172839506172839
"643",78536,10,2,0,21,0.476190476190476,0.0952380952380952,0
"644",78548,259,127,34,1193,0.21709974853311,0.106454316848282,0.0284995808885163
"645",78552,0,0,0,0,0,0,0
"646",78566,50,13,2,154,0.324675324675325,0.0844155844155844,0.012987012987013
"647",78603,128,150,12,1454,0.0880330123796424,0.103163686382393,0.00825309491059147
"648",78629,356,229,93,1495,0.238127090301003,0.153177257525084,0.0622073578595318
"649",78643,101,45,10,349,0.289398280802292,0.128939828080229,0.0286532951289398
"650",78745,6,0,0,20,0.3,0,0
"651",78753,34,10,1,152,0.223684210526316,0.0657894736842105,0.00657894736842105
"652",78756,150,71,8,846,0.177304964539007,0.0839243498817967,0.00945626477541371
"653",78765,15,2,1,43,0.348837209302326,0.0465116279069767,0.0232558139534884
"654",78813,226,102,50,1297,0.174248265227448,0.0786430223592907,0.038550501156515
"655",78819,0,0,0,0,0,0,0
"656",78850,5,2,0,15,0.333333333333333,0.133333333333333,0
"657",78892,31,24,8,165,0.187878787878788,0.145454545454545,0.0484848484848485
"658",79109,513,240,55,1952,0.26280737704918,0.122950819672131,0.0281762295081967
"659",79113,76,29,12,264,0.287878787878788,0.109848484848485,0.0454545454545455
"660",79130,25,11,1,69,0.36231884057971,0.159420289855072,0.0144927536231884
"661",79140,0,0,0,0,0,0,0
"662",79150,253,94,12,1026,0.246588693957115,0.0916179337231969,0.0116959064327485
"663",79191,0,0,0,0,0,0,0
"664",79192,341,123,53,1932,0.176501035196687,0.0636645962732919,0.0274327122153209
"665",79198,34,3,1,136,0.25,0.0220588235294118,0.00735294117647059
"666",79215,305,188,68,2139,0.142589995324918,0.0878915381019168,0.0317905563347359
"667",79231,147,109,6,1014,0.144970414201183,0.107495069033531,0.00591715976331361
"668",79234,4,0,0,20,0.2,0,0
"669",79240,204,157,28,2074,0.0983606557377049,0.0756991321118611,0.0135004821600771
"670",79290,91,38,9,355,0.256338028169014,0.107042253521127,0.0253521126760563
"671",79293,0,0,0,0,0,0,0
"672",79300,46,19,4,190,0.242105263157895,0.1,0.0210526315789474
"673",79334,205,78,26,811,0.252774352651048,0.0961775585696671,0.032059186189889
"674",79356,62,29,7,208,0.298076923076923,0.139423076923077,0.0336538461538462
"675",79358,0,0,0,0,0,0,0
"676",79364,42,23,1,226,0.185840707964602,0.101769911504425,0.00442477876106195
"677",79365,263,105,51,1289,0.204034134988363,0.0814584949573313,0.0395655546935609
"678",79402,255,139,22,1642,0.155298416565164,0.084652862362972,0.0133982947624848
"679",79440,0,0,0,0,0,0,0
"680",79453,57,37,7,508,0.112204724409449,0.0728346456692913,0.0137795275590551
"681",79456,144,74,10,1318,0.109256449165402,0.0561456752655539,0.00758725341426404
"682",79465,136,92,10,759,0.179183135704875,0.121212121212121,0.0131752305665349
"683",79530,20,3,0,58,0.344827586206897,0.0517241379310345,0
"684",79545,0,0,0,0,0,0,0
"685",79608,201,141,53,1600,0.125625,0.088125,0.033125
"686",79617,0,0,0,0,0,0,0
"687",79705,97,47,11,337,0.287833827893175,0.13946587537092,0.0326409495548961
"688",79764,0,0,0,0,0,0,0
"689",79791,0,0,0,0,0,0,0
"690",79825,0,0,0,0,0,0,0
"691",79847,0,0,0,0,0,0,0
"692",94629,119,83,28,563,0.211367673179396,0.147424511545293,0.0497335701598579
"693",95158,12,2,0,44,0.272727272727273,0.0454545454545455,0
"694",95436,174,112,51,1014,0.171597633136095,0.110453648915187,0.0502958579881657
"695",95657,0,0,0,0,0,0,0
"696",96462,0,0,0,0,0,0,0
"697",97109,0,0,0,1,0,0,0
"698",97336,0,0,0,0,0,0,0
"699",97541,0,0,0,0,0,0,0
"700",98144,47,2,3,166,0.283132530120482,0.0120481927710843,0.0180722891566265
"701",99222,9,5,0,40,0.225,0.125,0
"702",99314,0,0,0,0,0,0,0
"703",99445,0,0,0,0,0,0,0
"704",99563,0,0,0,0,0,0,0
"705",99606,157,85,16,829,0.189384800965018,0.102533172496984,0.0193003618817853
"706",99737,0,0,0,0,0,0,0
"707",99810,113,87,15,917,0.123227917121047,0.0948745910577972,0.0163576881134133
