,year_x,month_x,P_ID,T_ID,PA,BAT_ORDER,SB_try,SB_succ,BABIP,H2_rate,H3_rate,HR_rate,BB_rate,HP_rate,GD_rate,AVG,OBP,SLG,OPS,year_y,month_y,stadium_MH,stadium_MS,stadium_JS,stadium_SW,stadium_DJ,stadium_DG,stadium_GJ,stadium_GC,stadium_SJ,stadium_PH,stadium_US,stadium_CJ,stadium_CW,VS_T_ID_HH,VS_T_ID_HT,VS_T_ID_KT,VS_T_ID_LG,VS_T_ID_LT,VS_T_ID_NC,VS_T_ID_OB,VS_T_ID_SK,VS_T_ID_SS,VS_T_ID_WO,HOME,AWAY
0,2020,10,65304,WO,3.0,0.0,0.0,0.0,0.5,0.0,0.0,0.0,0.0,0.0,0.0,0.5,0.5,0.5,1.0,2020,10,3,0,0,3,3,0,0,7,0,0,0,0,0,3,1,3,0,0,3,3,3,0,0,7,9
1,2020,10,64012,KT,10.0,1.0,0.075,0.666666666666667,0.2885624344176285,0.166666666666667,0.0,0.166666666666667,0.1,0.0,0.0,0.23109243697478998,0.2964285714285715,0.38515406162465027,0.6815826330532218,2020,10,3,0,0,9,0,1,0,0,3,0,0,0,0,0,0,0,3,3,0,3,3,1,3,9,7
2,2020,10,68204,OB,4.0,3.0,0.0185185185185185,1.0,0.3157894736842108,0.0833333333333333,0.0,0.0,0.0555555555555556,0.0,0.0,0.25531914893617036,0.2777777777777779,0.2765957446808512,0.554373522458629,2020,10,3,0,6,3,1,0,0,3,0,0,0,0,0,4,3,3,0,0,0,0,3,0,3,6,10
3,2020,10,66203,OB,6.0,0.0,0.0,0.0,0.28347338935574234,0.33333333333333304,0.0,0.0,0.08,0.0,0.0,0.21904761904761907,0.27276190476190476,0.292063492063492,0.5648253968253968,2020,10,3,0,6,3,1,0,0,3,0,0,0,0,0,4,3,3,0,0,0,0,3,0,3,6,10
4,2020,10,50293,OB,2.0,0.0,0.0,0.0,0.2666666666666664,0.0,0.0,0.0,0.14285714285714302,0.0476190476190476,0.0,0.23529411764705857,0.3809523809523809,0.23529411764705857,0.6162464985994395,2020,10,3,0,6,3,1,0,0,3,0,0,0,0,0,4,3,3,0,0,0,0,3,0,3,6,10
5,2020,10,64213,OB,8.0,0.0,0.0,0.0,0.33383838383838366,0.0,0.0769230769230769,0.0,0.0434782608695652,0.0,0.0434782608695652,0.2794926004228328,0.30474308300395236,0.3224914620263455,0.6272345450302979,2020,10,3,0,6,3,1,0,0,3,0,0,0,0,0,4,3,3,0,0,0,0,3,0,3,6,10
6,2020,10,62356,WO,3.0,8.0,0.009345794392523359,1.0,0.9644802986655723,0.0952380952380952,0.0476190476190476,0.0476190476190476,0.0467289719626168,0.009345794392523359,0.0280373831775701,0.776875495638381,0.7603450754852612,1.0358339941845078,1.796179069669769,2020,10,3,0,0,3,3,0,0,7,0,0,0,0,0,3,1,3,0,0,3,3,3,0,0,7,9
7,2020,10,79192,LG,22.0,5.0,0.00840336134453781,0.0,0.3565012033949908,0.139784946236559,0.010752688172043001,0.10752688172043,0.0644257703081232,0.0196078431372549,0.0224089635854342,0.31659955057624656,0.370480825871506,0.46979288150023674,0.8402737073717428,2020,10,0,0,10,3,0,0,0,0,3,0,0,0,0,0,3,3,0,4,3,0,0,3,0,10,6
8,2020,10,64469,SS,3.0,7.0,0.0,0.0,0.3094171997157068,0.5714285714285711,0.0,0.0,0.0571428571428571,0.0285714285714286,0.0571428571428571,0.27074004975124355,0.3332480454868512,0.42544864960909695,0.7586966950959482,2020,10,0,0,3,0,3,7,0,0,0,0,0,0,3,3,0,1,3,3,3,0,3,0,0,7,9
9,2020,10,60343,HH,28.0,8.0,0.0196078431372549,0.0,0.259371708317086,0.130434782608696,0.0,0.130434782608696,0.0686274509803922,0.0294117647058824,0.0392156862745098,0.23549253444355275,0.30351799573996274,0.35835820458801537,0.6618762003279781,2020,10,0,0,3,0,7,0,3,0,3,0,0,0,0,0,3,0,0,3,0,4,0,3,3,7,9
10,2020,10,66606,HT,82.0,4.0,0.0419847328244275,0.9090909090909091,0.30174632451204536,0.157142857142857,0.0142857142857143,0.0142857142857143,0.0687022900763359,0.0190839694656489,0.0,0.2835840415549879,0.33673408228109625,0.34840325105327075,0.685137333334367,2020,10,0,0,6,0,0,0,6,1,0,0,0,0,3,3,0,0,3,0,3,3,3,0,1,6,10
11,2020,10,62907,NC,98.0,1.0,0.0441176470588235,0.7222222222222221,0.36567730163767465,0.18699186991869896,0.032520325203252,0.032520325203252,0.0661764705882353,0.0196078431372549,0.017156862745098,0.34371374655537346,0.39327332718801794,0.463873836814569,0.857147164002587,2020,10,0,0,3,0,0,0,0,3,0,0,0,0,10,0,3,0,3,3,0,0,1,3,3,10,6
12,2020,10,66838,SS,71.0,6.0,0.0151975683890578,0.6,0.28292197887493975,0.17204301075268802,0.0,0.161290322580645,0.0455927051671733,0.00303951367781155,0.033434650455927,0.2609085864788753,0.2936801009786398,0.43204217545964285,0.7257222764382827,2020,10,0,0,3,0,3,7,0,0,0,0,0,0,3,3,0,1,3,3,3,0,3,0,0,7,9
13,2020,10,64007,KT,21.0,1.0,0.010752688172043001,0.0,0.27095688654682093,0.1,0.05,0.2,0.0645161290322581,0.0,0.0,0.2425713142399817,0.2862210936601984,0.4366283656319671,0.7228494592921655,2020,10,3,0,0,9,0,1,0,0,3,0,0,0,0,0,0,0,3,3,0,3,3,1,3,9,7
14,2020,10,64610,SS,48.0,0.0,0.0,0.0,0.3283473389355741,0.0,0.0,0.0,0.125,0.0,0.0208333333333333,0.29467068878833585,0.36441993464052286,0.29467068878833585,0.6590906234288587,2020,10,0,0,3,0,3,7,0,0,0,0,0,0,3,3,0,1,3,3,3,0,3,0,0,7,9
15,2020,10,76232,NC,90.0,4.0,0.0171990171990172,0.7142857142857142,0.3165625225389598,0.18421052631578896,0.0087719298245614,0.192982456140351,0.0835380835380835,0.0319410319410319,0.0221130221130221,0.3358147740900797,0.4075637101422314,0.5979859573709313,1.0055496675131628,2020,10,0,0,3,0,0,0,0,3,0,0,0,0,10,0,3,0,3,3,0,0,1,3,3,10,6
16,2020,10,78603,HT,34.0,1.0,0.00888888888888889,0.5,0.3013436668269062,0.20895522388059698,0.0,0.0,0.10666666666666699,0.00888888888888889,0.0311111111111111,0.26598191000538135,0.34725535271579905,0.32156021955874464,0.6688155722745437,2020,10,0,0,6,0,0,0,6,1,0,0,0,0,3,3,0,0,3,0,3,3,3,0,1,6,10
17,2020,10,76290,LG,74.0,3.0,0.00399201596806387,0.0,0.33482939468684697,0.201298701298701,0.00649350649350649,0.136363636363636,0.093812375249501,0.00399201596806387,0.0159680638722555,0.33527849644063,0.39694508564663006,0.5442832734425807,0.9412283590892108,2020,10,0,0,10,3,0,0,0,0,3,0,0,0,0,0,3,3,0,4,3,0,0,3,0,10,6
18,2020,10,63257,OB,13.0,0.0,0.0,0.0,0.285507274378345,0.33333333333333304,0.0,0.0666666666666667,0.2,0.0210526315789474,0.0315789473684211,0.2744528710725894,0.42617004048583007,0.42082773564463705,0.8469977761304671,2020,10,3,0,6,3,1,0,0,3,0,0,0,0,0,4,3,3,0,0,0,0,3,0,3,6,10
19,2020,10,77564,LG,15.0,5.0,0.00881057268722467,1.0,0.2641864646077232,0.224137931034483,0.0,0.0689655172413793,0.0748898678414097,0.00881057268722467,0.0352422907488987,0.2303250964700609,0.2896739849489972,0.3296031552933631,0.6192771402423602,2020,10,0,0,10,3,0,0,0,0,3,0,0,0,0,0,3,3,0,4,3,0,0,3,0,10,6
20,2020,10,76313,KT,92.0,2.0,0.03470715835141,0.6875,0.31688037443282957,0.23199999999999998,0.032,0.11199999999999999,0.0824295010845987,0.008676789587852491,0.0151843817787419,0.2867732380504375,0.348642343932497,0.4680139244983139,0.816656268430811,2020,10,3,0,0,9,0,1,0,0,3,0,0,0,0,0,0,0,3,3,0,3,3,1,3,9,7
21,2020,10,64407,SS,8.0,4.0,0.0,0.0,0.29396304555590946,0.133333333333333,0.0,0.0,0.0526315789473684,0.0526315789473684,0.0,0.24785119527262972,0.3270247536649845,0.2808980213089803,0.6079227749739649,2020,10,0,0,3,0,3,7,0,0,0,0,0,0,3,3,0,1,3,3,3,0,3,0,0,7,9
22,2020,10,67025,KT,91.0,3.0,0.00197628458498024,0.0,0.3407237592722125,0.20261437908496696,0.0065359477124183,0.241830065359477,0.0889328063241107,0.00790513833992095,0.0217391304347826,0.31118670055965547,0.37481499733787393,0.6040683010863898,0.9788832984242637,2020,10,3,0,0,9,0,1,0,0,3,0,0,0,0,0,0,0,3,3,0,3,3,1,3,9,7
23,2020,10,66614,HT,22.0,9.0,0.0124223602484472,0.5,0.2053571428571425,0.0769230769230769,0.0384615384615385,0.115384615384615,0.0807453416149068,0.0062111801242236,0.0062111801242236,0.1897810218978099,0.24844720496894376,0.2846715328467146,0.5331187378156583,2020,10,0,0,6,0,0,0,6,1,0,0,0,0,3,3,0,0,3,0,3,3,3,0,1,6,10
24,2020,10,66928,NC,13.0,0.0,0.0217391304347826,1.0,0.2499999999999999,0.5714285714285711,0.0,0.0,0.0217391304347826,0.0434782608695652,0.0434782608695652,0.16279069767441856,0.21739130434782603,0.25581395348837194,0.47320525783619793,2020,10,0,0,3,0,0,0,0,3,0,0,0,0,10,0,3,0,3,3,0,0,1,3,3,10,6
25,2020,10,79608,LT,67.0,7.0,0.0404761904761905,0.823529411764706,0.3346846553333189,0.245283018867925,0.0,0.0566037735849057,0.0761904761904762,0.0166666666666667,0.0214285714285714,0.31253999968411916,0.3719107140036778,0.4422735844586594,0.8141842984623372,2020,10,0,0,1,0,0,3,0,0,9,0,0,0,3,3,0,3,4,0,3,0,0,3,0,9,7
26,2020,10,79402,SS,82.0,1.0,0.0321782178217822,0.7692307692307689,0.2893598990578611,0.15454545454545499,0.0181818181818182,0.0363636363636364,0.118811881188119,0.0198019801980198,0.0272277227722772,0.26173583659394845,0.362125900061664,0.3402565875721331,0.7023824876337972,2020,10,0,0,3,0,3,7,0,0,0,0,0,0,3,3,0,1,3,3,3,0,3,0,0,7,9
27,2020,10,72443,HT,84.0,3.0,0.0,0.0,0.3520622333105038,0.216417910447761,0.00746268656716418,0.126865671641791,0.115384615384615,0.0106837606837607,0.014957264957265,0.3174571635941247,0.40146924875900536,0.5117219950472457,0.913191243806251,2020,10,0,0,6,0,0,0,6,1,0,0,0,0,3,3,0,0,3,0,3,3,3,0,1,6,10
28,2020,10,77532,LT,74.0,2.0,0.00852878464818763,1.0,0.35096861371296156,0.21830985915493,0.0,0.0492957746478873,0.0959488272921109,0.00213219616204691,0.0170575692963753,0.3311926755332963,0.39184680814893663,0.45247450037647535,0.844321308525412,2020,10,0,0,1,0,0,3,0,0,9,0,0,0,3,3,0,3,4,0,3,0,0,3,0,9,7
29,2020,10,75566,SS,69.0,4.0,0.0026595744680851102,0.0,0.2844035120679934,0.157303370786517,0.0,0.12359550561797801,0.0957446808510638,0.0026595744680851102,0.0132978723404255,0.2671542716361453,0.3307432096410093,0.4082357409271438,0.7389789505681531,2020,10,0,0,3,0,3,7,0,0,0,0,0,0,3,3,0,1,3,3,3,0,3,0,0,7,9
30,2020,10,62404,SS,88.0,2.0,0.0475,0.7894736842105259,0.34779183726995283,0.18348623853210996,0.009174311926605509,0.100917431192661,0.095,0.0125,0.0075,0.30057896834347025,0.3727609395631125,0.45224725512228586,0.8250081946853984,2020,10,0,0,3,0,3,7,0,0,0,0,0,0,3,3,0,1,3,3,3,0,3,0,0,7,9
31,2020,10,67207,OB,9.0,2.0,0.15909090909090898,0.7857142857142858,0.35698005698005797,0.05,0.05,0.0,0.147727272727273,0.0227272727272727,0.0227272727272727,0.26518518518518575,0.381397306397307,0.3049629629629636,0.6863602693602706,2020,10,3,0,6,3,1,0,0,3,0,0,0,0,0,4,3,3,0,0,0,0,3,0,3,6,10
32,2020,10,78217,LG,5.0,4.0,0.09375,0.666666666666667,0.2786890794987573,0.0526315789473684,0.0526315789473684,0.0526315789473684,0.03125,0.0,0.015625,0.24140555555555518,0.257567708333333,0.31763888888888836,0.5752065972222213,2020,10,0,0,10,3,0,0,0,0,3,0,0,0,0,0,3,3,0,4,3,0,0,3,0,10,6
33,2020,10,66113,LG,10.0,6.0,0.0,0.0,0.2682926829268293,0.208333333333333,0.0,0.0833333333333333,0.0485436893203883,0.0194174757281553,0.0194174757281553,0.25000000000000006,0.30097087378640774,0.3645833333333333,0.6655542071197411,2020,10,0,0,10,3,0,0,0,0,3,0,0,0,0,0,3,3,0,4,3,0,0,3,0,10,6
34,2020,10,72133,LG,46.0,0.0,0.0048780487804878,1.0,0.3675879024480142,0.224137931034483,0.0,0.0344827586206897,0.0634146341463415,0.0,0.0292682926829268,0.3240877374519569,0.3622077189191213,0.4302544100655291,0.7924621289846504,2020,10,0,0,10,3,0,0,0,0,3,0,0,0,0,0,3,3,0,4,3,0,0,3,0,10,6
35,2020,10,64100,LG,7.0,0.0,0.0,0.0,0.3036734693877551,0.0,0.0,0.0,0.0,0.0714285714285714,0.0714285714285714,0.253061224489796,0.2883381924198251,0.253061224489796,0.5413994169096211,2020,10,0,0,10,3,0,0,0,0,3,0,0,0,0,0,3,3,0,4,3,0,0,3,0,10,6
36,2020,10,71184,LG,6.0,8.0,0.0,0.0,0.23082262420296273,0.0588235294117647,0.0,0.17647058823529396,0.0833333333333333,0.0,0.0277777777777778,0.236920993871443,0.2873486336115203,0.3762862843840565,0.6636349179955767,2020,10,0,0,10,3,0,0,0,0,3,0,0,0,0,0,3,3,0,4,3,0,0,3,0,10,6
37,2020,10,73113,KT,72.0,7.0,0.00293255131964809,0.0,0.3030434397782885,0.179487179487179,0.0,0.141025641025641,0.108504398826979,0.0234604105571848,0.0293255131964809,0.24188163132732005,0.3369612652598104,0.38763081943480765,0.7245920846946181,2020,10,3,0,0,9,0,1,0,0,3,0,0,0,0,0,0,0,3,3,0,3,3,1,3,9,7
38,2020,10,62802,KT,19.0,6.0,0.0545454545454545,0.833333333333333,0.29101541538292375,0.0909090909090909,0.0454545454545455,0.0454545454545455,0.1,0.0363636363636364,0.00909090909090909,0.20591833745030574,0.3085862458675285,0.2714378084572212,0.5800240543247497,2020,10,3,0,0,9,0,1,0,0,3,0,0,0,0,0,0,0,3,3,0,3,3,1,3,9,7
39,2020,10,64984,HT,61.0,9.0,0.0335570469798658,0.4,0.29797302487271976,0.0571428571428571,0.0285714285714286,0.0285714285714286,0.0335570469798658,0.00671140939597315,0.00671140939597315,0.2483969073997798,0.27699571040784376,0.29807628887973575,0.5750719992875795,2020,10,0,0,6,0,0,0,6,1,0,0,0,0,3,3,0,0,3,0,3,3,3,0,1,6,10
40,2020,10,60288,SS,13.0,0.0,0.0,0.0,0.3258064516129035,0.0588235294117647,0.0,0.0,0.0506329113924051,0.0126582278481013,0.0126582278481013,0.2443548387096777,0.28599428338097216,0.2587286527514234,0.5447229361323955,2020,10,0,0,3,0,3,7,0,0,0,0,0,0,3,3,0,1,3,3,3,0,3,0,0,7,9
41,2020,10,50707,HH,39.0,1.0,0.0,0.0,0.29411764705882354,0.0,0.0,0.0,0.0416666666666667,0.0,0.0104166666666667,0.2247191011235955,0.25000000000000006,0.2247191011235955,0.47471910112359555,2020,10,0,0,3,0,7,0,3,0,3,0,0,0,0,0,3,0,0,3,0,4,0,3,3,7,9
42,2020,10,65506,LT,39.0,7.0,0.104761904761905,0.9090909090909091,0.3514134130915512,0.04,0.0,0.04,0.11428571428571402,0.0285714285714286,0.00952380952380952,0.2513250929387385,0.3558850787766448,0.29153710780893666,0.6474221865855815,2020,10,0,0,1,0,0,3,0,0,9,0,0,0,3,3,0,3,4,0,3,0,0,3,0,9,7
43,2020,10,50923,NC,89.0,5.0,0.0488372093023256,0.857142857142857,0.3508064516129029,0.14414414414414403,0.0540540540540541,0.216216216216216,0.0790697674418605,0.0232558139534884,0.0162790697674419,0.29057591623036644,0.3604651162790698,0.5523560209424081,0.9128211372214778,2020,10,0,0,3,0,0,0,0,3,0,0,0,0,10,0,3,0,3,3,0,0,1,3,3,10,6
44,2020,10,68050,KT,91.0,4.0,0.0138248847926267,0.666666666666667,0.34661115862371294,0.19658119658119702,0.00854700854700855,0.153846153846154,0.11059907834101401,0.00921658986175115,0.0115207373271889,0.31620800826113665,0.39595123302067015,0.5297159796511351,0.9256672126718053,2020,10,3,0,0,9,0,1,0,0,3,0,0,0,0,0,0,0,3,3,0,3,3,1,3,9,7
45,2020,10,78168,WO,80.0,1.0,0.062753036437247,0.7419354838709681,0.35448745054774544,0.196428571428571,0.0446428571428571,0.0446428571428571,0.15182186234817802,0.008097165991902829,0.01417004048583,0.33602291216940444,0.43404298300459515,0.47703252709763644,0.9110755101022316,2020,10,3,0,0,3,3,0,0,7,0,0,0,0,0,3,1,3,0,0,3,3,3,0,0,7,9
46,2020,10,68525,LT,89.0,6.0,0.00491400491400491,0.0,0.29105027768221364,0.157894736842105,0.0,0.115789473684211,0.105651105651106,0.00737100737100737,0.0245700245700246,0.2543797179888906,0.33427621662915813,0.38290841760433036,0.7171846342334884,2020,10,0,0,1,0,0,3,0,0,9,0,0,0,3,3,0,3,4,0,3,0,0,3,0,9,7
47,2020,10,69209,OB,86.0,2.0,0.00187617260787992,0.0,0.350642143604052,0.150602409638554,0.0,0.108433734939759,0.0825515947467167,0.0187617260787993,0.0375234521575985,0.3524279419418857,0.4134071080611072,0.5201496733479637,0.9335567814090708,2020,10,3,0,6,3,1,0,0,3,0,0,0,0,0,4,3,3,0,0,0,0,3,0,3,6,10
48,2020,10,66108,LG,92.0,1.0,0.026246719160105,0.7,0.3333494204031262,0.270588235294118,0.0705882352941176,0.0352941176470588,0.15748031496063,0.015748031496063,0.0183727034120735,0.2750940219298076,0.3963360965257495,0.4174956332817081,0.8138317298074575,2020,10,0,0,10,3,0,0,0,0,3,0,0,0,0,0,3,3,0,4,3,0,0,3,0,10,6
49,2020,10,78629,HT,77.0,4.0,0.0,0.0,0.29727473347631034,0.13761467889908302,0.0,0.13761467889908302,0.11261261261261302,0.0292792792792793,0.00675675675675676,0.2531542307501016,0.35684492115492894,0.39250518345658003,0.749350104611509,2020,10,0,0,6,0,0,0,6,1,0,0,0,0,3,3,0,0,3,0,3,3,3,0,1,6,10
50,2020,10,64300,WO,86.0,2.0,0.0380952380952381,1.0,0.3062797432340727,0.13953488372093,0.0077519379844961205,0.18604651162790697,0.12380952380952401,0.0133333333333333,0.0228571428571429,0.3139044851580978,0.40441010450603776,0.5377743505421676,0.9421844550482054,2020,10,3,0,0,3,3,0,0,7,0,0,0,0,0,3,1,3,0,0,3,3,3,0,0,7,9
51,2020,10,65207,LG,15.0,3.0,0.2,0.6,0.3350670794633643,0.14285714285714302,0.0,0.0,0.08,0.0,0.04,0.28937611408199637,0.33465098039215685,0.3307155589508531,0.6653665393430099,2020,10,0,0,10,3,0,0,0,0,3,0,0,0,0,0,3,3,0,4,3,0,0,3,0,10,6
52,2020,10,50704,HH,35.0,7.0,0.0114942528735632,0.0,0.3214285714285711,0.157894736842105,0.0,0.0526315789473684,0.0459770114942529,0.0114942528735632,0.0114942528735632,0.23456790123456792,0.2758620689655173,0.3086419753086419,0.5845040442741591,2020,10,0,0,3,0,7,0,3,0,3,0,0,0,0,0,3,0,0,3,0,4,0,3,3,7,9
53,2020,10,78513,LT,93.0,3.0,0.0160642570281124,0.5,0.3276174739233485,0.2109375,0.0078125,0.1484375,0.0742971887550201,0.0160642570281124,0.0281124497991968,0.3161182625984778,0.37537570262392883,0.52851022028183,0.9038859229057589,2020,10,0,0,1,0,0,3,0,0,9,0,0,0,3,3,0,3,4,0,3,0,0,3,0,9,7
54,2020,10,74206,OB,65.0,7.0,0.0192307692307692,0.7142857142857142,0.3105167288798345,0.11827956989247301,0.010752688172043001,0.021505376344086002,0.101648351648352,0.00549450549450549,0.032967032967032996,0.2806082412844092,0.35306051914760067,0.33793680670810566,0.6909973258557063,2020,10,3,0,6,3,1,0,0,3,0,0,0,0,0,4,3,3,0,0,0,0,3,0,3,6,10
55,2020,10,60558,SK,68.0,7.0,0.0736196319018405,0.666666666666667,0.3062819610137072,0.2,0.025,0.075,0.0306748466257669,0.0368098159509202,0.0245398773006135,0.2713973395129927,0.317236815502754,0.40031107578166425,0.7175478912844182,2020,10,9,0,0,0,0,3,3,0,0,0,0,0,1,0,3,3,0,0,1,3,0,3,3,9,7
56,2020,10,61186,LG,55.0,1.0,0.0371517027863777,0.583333333333333,0.35571252863025216,0.139240506329114,0.0253164556962025,0.0379746835443038,0.0959752321981424,0.0123839009287926,0.0185758513931889,0.3231097412596945,0.38945460462530695,0.42126966265504473,0.8107242672803516,2020,10,0,0,10,3,0,0,0,0,3,0,0,0,0,0,3,3,0,4,3,0,0,3,0,10,6
57,2020,10,69652,HT,87.0,2.0,0.00203252032520325,0.0,0.3126176536566951,0.23199999999999998,0.0,0.23199999999999998,0.126016260162602,0.0121951219512195,0.0182926829268293,0.32698146579537174,0.41867109464562396,0.6304202660534767,1.0490913606991006,2020,10,0,0,6,0,0,0,6,1,0,0,0,0,3,3,0,0,3,0,3,3,3,0,1,6,10
58,2020,10,67341,WO,95.0,3.0,0.0229445506692161,0.916666666666667,0.35821424271303953,0.261437908496732,0.0261437908496732,0.0980392156862745,0.0936902485659656,0.00764818355640535,0.0229445506692161,0.3573360927969644,0.41563021546195716,0.5745403844970799,0.9901705999590371,2020,10,3,0,0,3,3,0,0,7,0,0,0,0,0,3,1,3,0,0,3,3,3,0,0,7,9
59,2020,10,62700,HH,79.0,3.0,0.0181818181818182,0.8,0.32460840120126044,0.14285714285714302,0.0,0.0285714285714286,0.0472727272727273,0.00727272727272727,0.0109090909090909,0.25988325696052245,0.2964731410250682,0.3192851442657848,0.615758285290853,2020,10,0,0,3,0,7,0,3,0,3,0,0,0,0,0,3,0,0,3,0,4,0,3,3,7,9
60,2020,10,79215,OB,81.0,1.0,0.0170940170940171,0.75,0.3599857159424701,0.292682926829268,0.0,0.0975609756097561,0.0705128205128205,0.0213675213675214,0.0128205128205128,0.3408908220422398,0.39707960349508226,0.5404366690913557,0.9375162725864379,2020,10,3,0,6,3,1,0,0,3,0,0,0,0,0,4,3,3,0,0,0,0,3,0,3,6,10
61,2020,10,67872,SK,87.0,4.0,0.00835073068893528,0.75,0.29989414071282555,0.188679245283019,0.0,0.23584905660377398,0.146137787056367,0.0104384133611691,0.00835073068893528,0.2794819622951569,0.3905475300216238,0.5299610794464771,0.9205086094681009,2020,10,9,0,0,0,0,3,3,0,0,0,0,0,1,0,3,3,0,0,1,3,0,3,3,9,7
62,2020,10,65399,WO,70.0,5.0,0.0,0.0,0.3161657588726293,0.11428571428571402,0.0,0.0857142857142857,0.103092783505155,0.006872852233676979,0.0206185567010309,0.2652834644213795,0.3442537812931087,0.36381732263503475,0.7080711039281434,2020,10,3,0,0,3,3,0,0,7,0,0,0,0,0,3,1,3,0,0,3,3,3,0,0,7,9
63,2020,10,79109,LG,86.0,2.0,0.0486257928118393,0.826086956521739,0.32308060082074974,0.25,0.0431034482758621,0.0862068965517241,0.0676532769556025,0.0147991543340381,0.006342494714587739,0.27512926833538576,0.329079936097682,0.4387837469141927,0.7678636830118747,2020,10,0,0,10,3,0,0,0,0,3,0,0,0,0,0,3,3,0,4,3,0,0,3,0,10,6
64,2020,10,50854,SK,75.0,1.0,0.041871921182266,0.823529411764706,0.3076923076923077,0.154639175257732,0.0309278350515464,0.0103092783505155,0.0763546798029557,0.00985221674876847,0.00738916256157635,0.2694444444444444,0.32512315270935954,0.3361111111111111,0.6612342638204707,2020,10,9,0,0,0,0,3,3,0,0,0,0,0,1,0,3,3,0,0,1,3,0,3,3,9,7
65,2020,10,62947,NC,47.0,3.0,0.0066815144766147,0.666666666666667,0.39093156586562955,0.2109375,0.015625,0.2265625,0.08908685968819599,0.0155902004454343,0.0133630289532294,0.3223220109139897,0.39254148413476597,0.619462614725324,1.01200409886009,2020,10,0,0,3,0,0,0,0,3,0,0,0,0,10,0,3,0,3,3,0,0,1,3,3,10,6
66,2020,10,62864,HT,49.0,5.0,0.0,0.0,0.26812284591452745,0.11428571428571402,0.0285714285714286,0.0571428571428571,0.0743243243243243,0.0,0.0202702702702703,0.24405840593997816,0.293647081013629,0.32773557369082773,0.6213826547044567,2020,10,0,0,6,0,0,0,6,1,0,0,0,0,3,3,0,0,3,0,3,3,3,0,1,6,10
67,2020,10,74163,HH,46.0,1.0,0.0570719602977667,0.652173913043478,0.34992549564659997,0.11224489795918402,0.0102040816326531,0.0102040816326531,0.129032258064516,0.0124069478908189,0.0148883374689826,0.32358969203142385,0.4176547247116868,0.37642066215900344,0.7940753868706902,2020,10,0,0,3,0,7,0,3,0,3,0,0,0,0,0,3,0,0,3,0,4,0,3,3,7,9
68,2020,10,78288,HH,48.0,8.0,0.0,0.0,0.3023378867037109,0.19718309859154898,0.0,0.0422535211267606,0.0679611650485437,0.0388349514563107,0.0226537216828479,0.270290382077735,0.34472163082570856,0.35784923824376175,0.7025708690694703,2020,10,0,0,3,0,7,0,3,0,3,0,0,0,0,0,3,0,0,3,0,4,0,3,3,7,9
69,2020,10,76267,OB,76.0,5.0,0.008676789587852491,0.5,0.3202937669820176,0.190082644628099,0.0165289256198347,0.0991735537190083,0.0759219088937093,0.0108459869848156,0.0151843817787419,0.30528445461554304,0.3609279050126568,0.46423421197735465,0.8251621169900114,2020,10,3,0,6,3,1,0,0,3,0,0,0,0,0,4,3,3,0,0,0,0,3,0,3,6,10
70,2020,10,62884,SK,47.0,8.0,0.00645161290322581,1.0,0.3378770787074168,0.0857142857142857,0.0,0.0571428571428571,0.13548387096774198,0.00645161290322581,0.0193548387096774,0.28199498093373565,0.38208604827905235,0.35450797603098194,0.7365940243100343,2020,10,9,0,0,0,0,3,3,0,0,0,0,0,1,0,3,3,0,0,1,3,0,3,3,9,7
71,2020,10,76802,SK,65.0,9.0,0.00655737704918033,0.5,0.28447089179949353,0.0985915492957746,0.0140845070422535,0.028169014084507005,0.0754098360655738,0.009836065573770491,0.0229508196721311,0.28165621552025394,0.3327339860964854,0.3411610497850962,0.6738950358815816,2020,10,9,0,0,0,0,3,3,0,0,0,0,0,1,0,3,3,0,0,1,3,0,3,3,9,7
72,2020,10,61743,SK,12.0,2.0,0.0217391304347826,0.0,0.27434770270342596,0.189189189189189,0.0,0.0810810810810811,0.0652173913043478,0.0072463768115942,0.0072463768115942,0.22090121069979704,0.2773576447070581,0.3164260585699795,0.5937837032770377,2020,10,9,0,0,0,0,3,3,0,0,0,0,0,1,0,3,3,0,0,1,3,0,3,3,9,7
73,2020,10,63963,NC,57.0,2.0,0.00600600600600601,1.0,0.2919713681655188,0.183098591549296,0.0,0.140845070422535,0.126126126126126,0.024024024024024,0.015015015015015,0.2677052917954875,0.37122809382510225,0.4298366656997968,0.801064759524899,2020,10,0,0,3,0,0,0,0,3,0,0,0,0,10,0,3,0,3,3,0,0,1,3,3,10,6
74,2020,10,76753,HH,43.0,8.0,0.0,0.0,0.3380465951979956,0.18181818181818202,0.0,0.15909090909090898,0.0333333333333333,0.00952380952380952,0.0619047619047619,0.299597936807239,0.325335197561111,0.4970602133392829,0.8223954109003939,2020,10,0,0,3,0,7,0,3,0,3,0,0,0,0,0,3,0,0,3,0,4,0,3,3,7,9
75,2020,10,61208,HH,43.0,7.0,0.0571428571428571,0.6428571428571429,0.3145357420269726,0.166666666666667,0.0166666666666667,0.0166666666666667,0.0857142857142857,0.00816326530612245,0.0204081632653061,0.28065052811441926,0.3367261712663546,0.35081316014302427,0.687539331409379,2020,10,0,0,3,0,7,0,3,0,3,0,0,0,0,0,3,0,0,3,0,4,0,3,3,7,9
76,2020,10,76100,LT,78.0,0.0,0.0,0.0,0.26515816774562456,0.125,0.0,0.25,0.141025641025641,0.0,0.0384615384615385,0.24726130114975367,0.35341675867991657,0.4636149396557882,0.8170316983357048,2020,10,0,0,1,0,0,3,0,0,9,0,0,0,3,3,0,3,4,0,3,0,0,3,0,9,7
77,2020,10,71564,LT,91.0,4.0,0.0,0.0,0.311232686469744,0.190082644628099,0.0,0.12396694214876,0.0876826722338205,0.00417536534446764,0.0375782881002088,0.3021248264120403,0.3618150849777729,0.4719139850568229,0.8337290700345958,2020,10,0,0,1,0,0,3,0,0,9,0,0,0,3,3,0,3,4,0,3,0,0,3,0,9,7
78,2020,10,67893,SK,21.0,0.0,0.0,0.0,0.21600000000000003,0.25,0.0,0.0,0.0952380952380952,0.0,0.0,0.18189473684210525,0.25980952380952377,0.22736842105263155,0.4871779448621553,2020,10,9,0,0,0,0,3,3,0,0,0,0,0,1,0,3,3,0,0,1,3,0,3,3,9,7
79,2020,10,64266,SS,17.0,5.0,0.0134228187919463,1.0,0.3064138480334108,0.179487179487179,0.0,0.12820512820512803,0.0738255033557047,0.0,0.0201342281879195,0.2534948096885814,0.3018007013306705,0.39649188182060147,0.698292583151272,2020,10,0,0,3,0,3,7,0,0,0,0,0,0,3,3,0,1,3,3,3,0,3,0,0,7,9
80,2020,10,62025,NC,27.0,0.0,0.00980392156862745,1.0,0.2833668576789517,0.166666666666667,0.0833333333333333,0.125,0.0686274509803922,0.0,0.0294117647058824,0.2510066170044158,0.2974864253079477,0.42880297071587703,0.7262893960238248,2020,10,0,0,3,0,0,0,0,3,0,0,0,0,10,0,3,0,3,3,0,0,1,3,3,10,6
81,2020,10,67304,WO,86.0,7.0,0.0644444444444444,0.7241379310344829,0.3403759121575296,0.18018018018018,0.045045045045045,0.0630630630630631,0.08,0.00444444444444444,0.00888888888888889,0.29073503682469265,0.34804421116549905,0.42431599969009187,0.7723602108555909,2020,10,3,0,0,3,3,0,0,7,0,0,0,0,0,3,1,3,0,0,3,3,3,0,0,7,9
82,2020,10,76249,LT,32.0,9.0,0.0486322188449848,0.625,0.4095473490098711,0.17391304347826098,0.0,0.0289855072463768,0.0638297872340425,0.0151975683890578,0.0303951367781155,0.34488602351155506,0.3893199482049248,0.4348562905145695,0.8241762387194943,2020,10,0,0,1,0,0,3,0,0,9,0,0,0,3,3,0,3,4,0,3,0,0,3,0,9,7
83,2020,10,65898,WO,81.0,0.0,0.00526315789473684,1.0,0.3042085105786872,0.20454545454545497,0.0,0.18181818181818202,0.06842105263157901,0.00526315789473684,0.0263157894736842,0.26120017550735564,0.3046401551854514,0.4571003071378726,0.7617404623233239,2020,10,3,0,0,3,3,0,0,7,0,0,0,0,0,3,1,3,0,0,3,3,3,0,0,7,9
84,2020,10,78135,LG,44.0,3.0,0.004854368932038829,1.0,0.3132617553011113,0.20754716981132101,0.0377358490566038,0.169811320754717,0.0922330097087379,0.0242718446601942,0.0194174757281553,0.28604350685576946,0.3678343434023994,0.5127194934207189,0.8805538368231183,2020,10,0,0,10,3,0,0,0,0,3,0,0,0,0,0,3,3,0,4,3,0,0,3,0,10,6
85,2020,10,74465,NC,69.0,5.0,0.00271739130434783,0.0,0.2876375139128112,0.135802469135802,0.0,0.12345679012345698,0.14945652173913,0.0271739130434783,0.0190217391304348,0.2663626119807027,0.3908786226801302,0.401188131625256,0.7920667543053862,2020,10,0,0,3,0,0,0,0,3,0,0,0,0,10,0,3,0,3,3,0,0,1,3,3,10,6
86,2020,10,79231,OB,76.0,9.0,0.0386363636363636,0.647058823529412,0.301159788548016,0.11965811965812,0.0512820512820513,0.0256410256410256,0.0795454545454545,0.00454545454545455,0.0227272727272727,0.27785720316806606,0.3328994046550409,0.3609768793294534,0.6938762839844943,2020,10,3,0,6,3,1,0,0,3,0,0,0,0,0,4,3,3,0,0,0,0,3,0,3,6,10
87,2020,10,64166,KT,90.0,6.0,0.0578512396694215,0.6428571428571429,0.34476079348765787,0.18699186991869896,0.024390243902439,0.105691056910569,0.10950413223140501,0.00619834710743802,0.012396694214876,0.28221940968122783,0.3606036199713135,0.4382431483667845,0.798846768338098,2020,10,3,0,0,9,0,1,0,0,3,0,0,0,0,0,0,0,3,3,0,3,3,1,3,9,7
88,2020,10,69825,SK,5.0,0.0,0.0833333333333333,1.0,0.20806818181818185,0.3,0.1,0.0,0.133333333333333,0.0,0.0333333333333333,0.17605769230769241,0.2859166666666665,0.2640865384615386,0.5500032051282051,2020,10,9,0,0,0,0,3,3,0,0,0,0,0,1,0,3,3,0,0,1,3,0,3,3,9,7
89,2020,10,79150,LG,59.0,8.0,0.0474576271186441,0.5714285714285711,0.2853317465040168,0.136363636363636,0.0606060606060606,0.0454545454545455,0.0813559322033898,0.00338983050847458,0.0135593220338983,0.2446428571428574,0.3036803874092011,0.34101731601731633,0.6446977034265174,2020,10,0,0,10,3,0,0,0,0,3,0,0,0,0,0,3,3,0,4,3,0,0,3,0,10,6
90,2020,10,62925,NC,64.0,7.0,0.0258620689655172,0.8888888888888891,0.31232564647013794,0.194174757281553,0.0,0.11650485436893199,0.0431034482758621,0.0172413793103448,0.0201149425287356,0.3098190492258608,0.3452359073341249,0.4782643575428335,0.8235002648769584,2020,10,0,0,3,0,0,0,0,3,0,0,0,0,10,0,3,0,3,3,0,0,1,3,3,10,6
91,2020,10,78122,NC,13.0,4.0,0.0,0.0,0.2325361579006228,0.24,0.0,0.04,0.0373831775700935,0.0373831775700935,0.0280373831775701,0.2267194037141796,0.267583791943835,0.3083383890512842,0.5759221809951192,2020,10,0,0,3,0,0,0,0,3,0,0,0,0,10,0,3,0,3,3,0,0,1,3,3,10,6
92,2020,10,64499,SS,6.0,0.0,0.0,0.0,0.23450292397660832,0.0,0.0,0.0,0.166666666666667,0.0,0.0555555555555556,0.20100250626566418,0.32300194931773907,0.20100250626566418,0.5240044555834033,2020,10,0,0,3,0,3,7,0,0,0,0,0,0,3,3,0,1,3,3,3,0,3,0,0,7,9
93,2020,10,62415,SS,85.0,2.0,0.0752427184466019,0.7096774193548392,0.3032329693663176,0.14414414414414403,0.03603603603603601,0.0720720720720721,0.0679611650485437,0.00728155339805825,0.0121359223300971,0.27914405311786633,0.3286404754031116,0.3998549950066734,0.728495470409785,2020,10,0,0,3,0,3,7,0,0,0,0,0,0,3,3,0,1,3,3,3,0,3,0,0,7,9
94,2020,10,64209,HH,4.0,0.0,0.0454545454545455,0.0,0.3333333333333334,0.0,0.0,0.0,0.0454545454545455,0.0454545454545455,0.0,0.15000000000000002,0.22727272727272735,0.15000000000000002,0.37727272727272737,2020,10,0,0,3,0,7,0,3,0,3,0,0,0,0,0,3,0,0,3,0,4,0,3,3,7,9
95,2020,10,74729,HH,34.0,4.0,0.0,0.0,0.33550537276542913,0.11363636363636401,0.0,0.18181818181818202,0.0833333333333333,0.0231481481481481,0.037037037037037,0.28520362558347095,0.35735504102249754,0.47317874244530445,0.8305337834678019,2020,10,0,0,3,0,7,0,3,0,3,0,0,0,0,0,3,0,0,3,0,4,0,3,3,7,9
96,2020,10,65514,LT,7.0,0.0,0.0,0.0,0.2800000000000003,0.0,0.0,0.0,0.42857142857142894,0.0,0.0,0.2100000000000001,0.5485714285714289,0.2100000000000001,0.758571428571429,2020,10,0,0,1,0,0,3,0,0,9,0,0,0,3,3,0,3,4,0,3,0,0,3,0,9,7
97,2020,10,64504,LT,19.0,0.0,0.0340909090909091,0.666666666666667,0.2624944714727998,0.2,0.0,0.0,0.125,0.0227272727272727,0.0113636363636364,0.19599587203302382,0.3147692091190544,0.2351950464396286,0.549964255558683,2020,10,0,0,1,0,0,3,0,0,9,0,0,0,3,3,0,3,4,0,3,0,0,3,0,9,7
98,2020,10,78548,KT,70.0,8.0,0.0,0.0,0.28175557015481506,0.126436781609195,0.0,0.103448275862069,0.0796703296703297,0.00274725274725275,0.0357142857142857,0.27002161960177234,0.3190574083872676,0.38796209712898316,0.7070195055162507,2020,10,3,0,0,9,0,1,0,0,3,0,0,0,0,0,0,0,3,3,0,3,3,1,3,9,7
99,2020,10,61404,SS,61.0,5.0,0.044000000000000004,0.545454545454545,0.2967038866807835,0.14285714285714302,0.0,0.0535714285714286,0.076,0.012,0.027999999999999997,0.27680315142915907,0.3371228362862431,0.3608326795415824,0.6979555158278254,2020,10,0,0,3,0,3,7,0,0,0,0,0,0,3,3,0,1,3,3,3,0,3,0,0,7,9
100,2020,10,64646,HT,67.0,8.0,0.046189376443418,0.65,0.2883104051334428,0.153846153846154,0.0,0.032967032967032996,0.069284064665127,0.0,0.0161662817551963,0.2527353156856729,0.29633726974994634,0.31661347239743654,0.6129507421473829,2020,10,0,0,6,0,0,0,6,1,0,0,0,0,3,3,0,0,3,0,3,3,3,0,1,6,10
101,2020,10,60523,LT,70.0,1.0,0.0222222222222222,0.875,0.3045499494880891,0.16304347826087,0.0108695652173913,0.0978260869565217,0.116666666666667,0.0111111111111111,0.0111111111111111,0.26650179079703007,0.35652514821189546,0.3939591690043054,0.7504843172162008,2020,10,0,0,1,0,0,3,0,0,9,0,0,0,3,3,0,3,4,0,3,0,0,3,0,9,7
102,2020,10,62244,OB,62.0,8.0,0.0157728706624606,0.4,0.3009535013376527,0.154929577464789,0.0140845070422535,0.0563380281690141,0.0851735015772871,0.0315457413249211,0.0220820189274448,0.28449663691657623,0.360829921896873,0.38467150907030034,0.7455014309671734,2020,10,3,0,6,3,1,0,0,3,0,0,0,0,0,4,3,3,0,0,0,0,3,0,3,6,10
103,2020,10,76849,NC,94.0,2.0,0.0369515011547344,0.6875,0.3242759094462445,0.144067796610169,0.0169491525423729,0.0169491525423729,0.0900692840646651,0.0069284064665127,0.0115473441108545,0.28092630799392654,0.3454844710431267,0.3452060564332147,0.6906905274763414,2020,10,0,0,3,0,0,0,0,3,0,0,0,0,10,0,3,0,3,3,0,0,1,3,3,10,6
104,2020,10,74540,SS,50.0,8.0,0.0,0.0,0.3176892187144262,0.14864864864864902,0.0,0.202702702702703,0.0897009966777409,0.00664451827242525,0.0465116279069767,0.3058678163006319,0.3707119946882744,0.53733535296057,0.9080473476488444,2020,10,0,0,3,0,3,7,0,0,0,0,0,0,3,3,0,1,3,3,3,0,3,0,0,7,9
105,2020,10,64868,KT,60.0,1.0,0.0356164383561644,0.7692307692307689,0.32813519813519815,0.141304347826087,0.0,0.0,0.12602739726027398,0.005479452054794521,0.0164383561643836,0.26042476042476054,0.3562569850241085,0.29722391135434634,0.6534808963784549,2020,10,3,0,0,9,0,1,0,0,3,0,0,0,0,0,0,0,3,3,0,3,3,1,3,9,7
106,2020,10,74339,KT,68.0,5.0,0.0,0.0,0.33532651234336014,0.151162790697674,0.0,0.10465116279069801,0.0921787709497207,0.0,0.0195530726256983,0.31590195526863946,0.3780788645448022,0.4628330972540533,0.8409119617988555,2020,10,3,0,0,9,0,1,0,0,3,0,0,0,0,0,0,0,3,3,0,3,3,1,3,9,7
107,2020,10,64657,WO,58.0,9.0,0.0119047619047619,1.0,0.2823998736347902,0.19672131147541003,0.0,0.0491803278688525,0.157738095238095,0.0416666666666667,0.00892857142857143,0.2060375011433275,0.3588385425513842,0.2769684441598829,0.6358069867112671,2020,10,3,0,0,3,3,0,0,7,0,0,0,0,0,3,1,3,0,0,3,3,3,0,0,7,9
108,2020,10,64153,LG,54.0,0.0,0.0,0.0,0.26887086201245486,0.14285714285714302,0.0,0.214285714285714,0.0606060606060606,0.0151515151515152,0.0,0.24974285372563088,0.3027965336899675,0.44596938165291206,0.7487659153428796,2020,10,0,0,10,3,0,0,0,0,3,0,0,0,0,0,3,3,0,4,3,0,0,3,0,10,6
109,2020,10,79240,OB,71.0,6.0,0.0443213296398892,0.6875,0.2965323511331555,0.132075471698113,0.009433962264150941,0.0566037735849057,0.0664819944598338,0.00831024930747922,0.0277008310249307,0.29564786209715227,0.343414124010709,0.3904783084302011,0.7338924324409101,2020,10,3,0,6,3,1,0,0,3,0,0,0,0,0,4,3,3,0,0,0,0,3,0,3,6,10
110,2020,10,61353,SK,70.0,6.0,0.0180995475113122,0.25,0.36210751651492457,0.11764705882352902,0.0392156862745098,0.0392156862745098,0.0452488687782805,0.00452488687782805,0.0135746606334842,0.2985401699232823,0.33210359961070574,0.3921998310756845,0.7243034306863902,2020,10,9,0,0,0,0,3,3,0,0,0,0,0,1,0,3,3,0,0,1,3,0,3,3,9,7
111,2020,10,50469,SS,83.0,0.0,0.009259259259259259,1.0,0.21428571428571427,0.157894736842105,0.0,0.21052631578947398,0.0925925925925926,0.0,0.009259259259259259,0.19791666666666677,0.2685185185185186,0.35416666666666696,0.6226851851851856,2020,10,0,0,3,0,3,7,0,0,0,0,0,0,3,3,0,1,3,3,3,0,3,0,0,7,9
112,2020,10,50165,LG,87.0,4.0,0.00429184549356223,1.0,0.32000000000000023,0.14912280701754402,0.0175438596491228,0.29824561403508804,0.10944206008583698,0.00643776824034335,0.0128755364806867,0.2794117647058825,0.36051502145922765,0.5808823529411771,0.9413973744004047,2020,10,0,0,10,3,0,0,0,0,3,0,0,0,0,0,3,3,0,4,3,0,0,3,0,10,6
113,2020,10,50506,LT,86.0,5.0,0.0265486725663717,1.0,0.30085959885386815,0.226086956521739,0.00869565217391304,0.0869565217391304,0.086283185840708,0.0132743362831858,0.0353982300884956,0.2874999999999999,0.3539823008849557,0.4324999999999998,0.7864823008849555,2020,10,0,0,1,0,0,3,0,0,9,0,0,0,3,3,0,3,4,0,3,0,0,3,0,9,7
114,2020,10,65610,HT,15.0,5.0,0.0,0.0,0.27523623069700554,0.166666666666667,0.0,0.166666666666667,0.11827956989247301,0.0,0.043010752688172005,0.25121367521367544,0.3370785773366419,0.41868945868945945,0.7557680360261014,2020,10,0,0,6,0,0,0,6,1,0,0,0,0,3,3,0,0,3,0,3,3,3,0,1,6,10
115,2020,10,69442,SS,12.0,0.0,0.0,0.0,0.23697736862293828,0.4,0.0,0.0,0.0625,0.0,0.0,0.19309267072980155,0.22542194092827006,0.2703297390217222,0.49575167994999225,2020,10,0,0,3,0,3,7,0,0,0,0,0,0,3,3,0,1,3,3,3,0,3,0,0,7,9
116,2020,10,73136,HH,48.0,7.0,0.009478672985781991,0.5,0.33569172491173666,0.125,0.0,0.15,0.0521327014218009,0.018957345971564,0.018957345971564,0.2644150572106235,0.31670782565536587,0.41645371510673207,0.7331615407620979,2020,10,0,0,3,0,7,0,3,0,3,0,0,0,0,0,3,0,0,3,0,4,0,3,3,7,9
117,2020,10,61204,LT,9.0,6.0,0.17741935483871,0.7272727272727271,0.27659051388139355,0.25,0.0,0.0,0.0483870967741935,0.0,0.032258064516129,0.23908671538900125,0.2759051001282431,0.29885839423625155,0.5747634943644946,2020,10,0,0,1,0,0,3,0,0,9,0,0,0,3,3,0,3,4,0,3,0,0,3,0,9,7
118,2020,10,79365,WO,47.0,5.0,0.0,0.0,0.2965800624046217,0.24324324324324303,0.0,0.162162162162162,0.0993788819875776,0.0186335403726708,0.0279503105590062,0.2680512332797632,0.3519329085453834,0.4636561872947253,0.8155890958401086,2020,10,3,0,0,3,3,0,0,7,0,0,0,0,0,3,1,3,0,0,3,3,3,0,0,7,9
119,2020,10,63634,KT,16.0,8.0,0.0,0.0,0.2869641240795053,0.133333333333333,0.0,0.133333333333333,0.0697674418604651,0.0348837209302326,0.0348837209302326,0.2240928093645485,0.3000809383993156,0.3436089743589741,0.6436899127582897,2020,10,3,0,0,9,0,1,0,0,3,0,0,0,0,0,0,0,3,3,0,3,3,1,3,9,7
120,2020,10,75334,OB,79.0,3.0,0.00240963855421687,1.0,0.3160680340407009,0.21052631578947398,0.0,0.12280701754386,0.0987951807228916,0.0,0.0240963855421687,0.2782655577669252,0.34822840358866547,0.4393666701583033,0.7875950737469688,2020,10,3,0,6,3,1,0,0,3,0,0,0,0,0,4,3,3,0,0,0,0,3,0,3,6,10
121,2020,10,64006,KT,78.0,9.0,0.0769230769230769,0.666666666666667,0.29723147896603186,0.12195121951219501,0.0365853658536585,0.0365853658536585,0.0699300699300699,0.00466200466200466,0.0116550116550117,0.2514268735042573,0.29788726994200937,0.32808140810921377,0.6259686780512231,2020,10,3,0,0,9,0,1,0,0,3,0,0,0,0,0,0,0,3,3,0,3,3,1,3,9,7
122,2020,10,50350,WO,84.0,0.0,0.0101010101010101,1.0,0.2866242038216561,0.195652173913043,0.0,0.0217391304347826,0.0858585858585859,0.0101010101010101,0.0303030303030303,0.26136363636363646,0.32828282828282834,0.32954545454545453,0.6578282828282829,2020,10,3,0,0,3,3,0,0,7,0,0,0,0,0,3,1,3,0,0,3,3,3,0,0,7,9
123,2020,10,75151,SK,24.0,5.0,0.00512820512820513,0.0,0.31073910996181536,0.111111111111111,0.0222222222222222,0.0222222222222222,0.0615384615384615,0.00512820512820513,0.0358974358974359,0.260920451566061,0.3061782606683329,0.3189027741362967,0.6250810348046296,2020,10,9,0,0,0,0,3,3,0,0,0,0,0,1,0,3,3,0,0,1,3,0,3,3,9,7
124,2020,10,62934,NC,43.0,1.0,0.0903225806451613,0.6428571428571429,0.25659909044327534,0.133333333333333,0.0,0.166666666666667,0.0838709677419355,0.0193548387096774,0.0,0.24664248598679686,0.3148609718467354,0.402849393778435,0.7177103656251704,2020,10,0,0,3,0,0,0,0,3,0,0,0,0,10,0,3,0,3,3,0,0,1,3,3,10,6
125,2020,10,50458,SS,36.0,9.0,0.0909090909090909,0.8636363636363641,0.2849462365591399,0.0925925925925926,0.0185185185185185,0.0185185185185185,0.0826446280991736,0.008264462809917359,0.0041322314049586795,0.2535211267605636,0.31404958677685973,0.3004694835680754,0.6145190703449351,2020,10,0,0,3,0,3,7,0,0,0,0,0,0,3,3,0,1,3,3,3,0,3,0,0,7,9
126,2020,10,50600,HT,39.0,3.0,0.025,0.0,0.2686567164179104,0.166666666666667,0.0,0.0,0.0125,0.0,0.0125,0.23999999999999996,0.2375,0.28,0.5175000000000001,2020,10,0,0,6,0,0,0,6,1,0,0,0,0,3,3,0,0,3,0,3,3,3,0,1,6,10
127,2020,10,69737,HH,86.0,0.0,0.0038314176245210704,0.0,0.27712000334515796,0.229166666666667,0.0416666666666667,0.145833333333333,0.0727969348659004,0.00766283524904215,0.0229885057471264,0.20434846802651463,0.26680051873682176,0.35760981904640043,0.6244103377832222,2020,10,0,0,3,0,7,0,3,0,3,0,0,0,0,0,3,0,0,3,0,4,0,3,3,7,9
128,2020,10,62265,HT,70.0,5.0,0.0,0.0,0.3105943650963817,0.21794871794871803,0.0,0.0769230769230769,0.120547945205479,0.010958904109589001,0.0328767123287671,0.2672106392689626,0.36064912353749357,0.3871128491973433,0.7477619727348368,2020,10,0,0,6,0,0,0,6,1,0,0,0,0,3,3,0,0,3,0,3,3,3,0,1,6,10
129,2020,10,62931,NC,85.0,7.0,0.010230179028133002,0.0,0.3050327274105089,0.18181818181818202,0.0227272727272727,0.18181818181818202,0.0946291560102302,0.007672634271099741,0.0179028132992327,0.27089269736389304,0.3434032191371733,0.4802188725996288,0.8236220917368021,2020,10,0,0,3,0,0,0,0,3,0,0,0,0,10,0,3,0,3,3,0,0,1,3,3,10,6
130,2020,10,79456,WO,37.0,5.0,0.008,0.5,0.28808981225657454,0.13235294117647098,0.0294117647058824,0.0,0.06,0.016,0.032,0.2614383318275522,0.31338600529941746,0.3114191893828197,0.6248051946822372,2020,10,3,0,0,3,3,0,0,7,0,0,0,0,0,3,1,3,0,0,3,3,3,0,0,7,9
131,2020,10,61700,HH,55.0,6.0,0.0114285714285714,0.0,0.286699295750918,0.129032258064516,0.0,0.129032258064516,0.16,0.0171428571428571,0.00571428571428571,0.22716663033209794,0.35757806637806633,0.34441392340672905,0.7019919897847954,2020,10,0,0,3,0,7,0,3,0,3,0,0,0,0,0,3,0,0,3,0,4,0,3,3,7,9
132,2020,10,65586,WO,69.0,8.0,0.018018018018018004,1.0,0.3205070960806228,0.16901408450704197,0.0422535211267606,0.0985915492957746,0.0900900900900901,0.00600600600600601,0.012012012012012,0.25130008264128345,0.3209832571384459,0.3893381562048052,0.7103214133432512,2020,10,3,0,0,3,3,0,0,7,0,0,0,0,0,3,1,3,0,0,3,3,3,0,0,7,9
133,2020,10,61102,LG,64.0,7.0,0.00512820512820513,0.5,0.2963701418525494,0.164835164835165,0.0,0.14285714285714302,0.0512820512820513,0.0256410256410256,0.0358974358974359,0.26046276472645097,0.31601453787710115,0.4150230866520374,0.7310376245291386,2020,10,0,0,10,3,0,0,0,0,3,0,0,0,0,0,3,3,0,4,3,0,0,3,0,10,6
134,2020,10,78224,OB,83.0,4.0,0.0123203285420945,1.0,0.35759917595626073,0.15740740740740697,0.0,0.21296296296296302,0.141683778234086,0.00205338809034908,0.0205338809034908,0.2989200906084602,0.39723613433530586,0.5369490516485302,0.9341851859838362,2020,10,3,0,6,3,1,0,0,3,0,0,0,0,0,4,3,3,0,0,0,0,3,0,3,6,10
135,2020,10,66965,NC,13.0,0.0,0.0,0.0,0.24000000000000016,0.0,0.0,0.0,0.153846153846154,0.0,0.0,0.17454545454545456,0.30153846153846164,0.17454545454545456,0.4760839160839162,2020,10,0,0,3,0,0,0,0,3,0,0,0,0,10,0,3,0,3,3,0,0,1,3,3,10,6
136,2020,10,64906,KT,12.0,8.0,0.0,0.0,0.29558316080055236,0.0,0.0,0.0,0.032258064516129,0.0,0.0,0.2497168082625355,0.2658641109552751,0.2497168082625355,0.5155809192178107,2020,10,3,0,0,9,0,1,0,0,3,0,0,0,0,0,0,0,3,3,0,3,3,1,3,9,7
137,2020,10,61566,LT,12.0,3.0,0.0,0.0,0.32391618258176186,0.266666666666667,0.0,0.0666666666666667,0.0864197530864197,0.0123456790123457,0.0493827160493827,0.24365423309085293,0.3123388956722291,0.3573595418665844,0.6696984375388135,2020,10,0,0,1,0,0,3,0,0,9,0,0,0,3,3,0,3,4,0,3,0,0,3,0,9,7
138,2020,10,50730,HH,86.0,4.0,0.00518134715025907,0.0,0.2702702702702705,0.212121212121212,0.0,0.0909090909090909,0.0932642487046632,0.0259067357512953,0.0155440414507772,0.1964285714285715,0.29015544041450775,0.29166666666666674,0.5818221070811744,2020,10,0,0,3,0,7,0,3,0,3,0,0,0,0,0,3,0,0,3,0,4,0,3,3,7,9
139,2020,10,50802,SK,24.0,0.0,0.0,0.0,0.10000000000000002,0.33333333333333304,0.0,0.33333333333333304,0.2,0.0666666666666667,0.0,0.13636363636363633,0.3666666666666667,0.3181818181818179,0.6848484848484846,2020,10,9,0,0,0,0,3,3,0,0,0,0,0,1,0,3,3,0,0,1,3,0,3,3,9,7
140,2020,10,64704,HH,20.0,3.0,0.0120481927710843,0.0,0.2982456140350879,0.17647058823529396,0.0588235294117647,0.0,0.0481927710843374,0.0240963855421687,0.0,0.22368421052631585,0.27710843373493993,0.2894736842105264,0.5665821179454663,2020,10,0,0,3,0,7,0,3,0,3,0,0,0,0,0,3,0,0,3,0,4,0,3,3,7,9
141,2020,10,71837,SK,39.0,2.0,0.0289256198347107,0.5714285714285711,0.3326517600177096,0.148148148148148,0.0185185185185185,0.12962962962963,0.0785123966942149,0.012396694214876,0.0330578512396694,0.2980981873106871,0.3557483895528832,0.46922862817423,0.8249770177271132,2020,10,9,0,0,0,0,3,3,0,0,0,0,0,1,0,3,3,0,0,1,3,0,3,3,9,7
142,2020,10,69100,LG,12.0,9.0,0.0,0.0,0.20537730061245635,0.0,0.0714285714285714,0.0714285714285714,0.0731707317073171,0.0121951219512195,0.024390243902439,0.17896085792061786,0.24468466619762322,0.24287545003512417,0.4875601162327474,2020,10,0,0,10,3,0,0,0,0,3,0,0,0,0,0,3,3,0,4,3,0,0,3,0,10,6
143,2020,10,75808,LG,8.0,9.0,0.0548780487804878,0.7777777777777779,0.5283156846314127,0.0606060606060606,0.0,0.0303030303030303,0.0975609756097561,0.0121951219512195,0.024390243902439,0.4755849126622478,0.5215430341343853,0.5476432327625883,1.0691862668969736,2020,10,0,0,10,3,0,0,0,0,3,0,0,0,0,0,3,3,0,4,3,0,0,3,0,10,6
144,2020,10,62558,LT,63.0,8.0,0.014760147601476002,0.5,0.27018219686640793,0.14893617021276598,0.0212765957446809,0.0638297872340425,0.151291512915129,0.0036900369003690005,0.014760147601476002,0.2315140842208214,0.34634374489101094,0.3201790526458168,0.6665227975368277,2020,10,0,0,1,0,0,3,0,0,9,0,0,0,3,3,0,3,4,0,3,0,0,3,0,9,7
145,2020,10,63704,HH,74.0,0.0,0.0588235294117647,0.5625,0.3161597330501112,0.12068965517241399,0.0517241379310345,0.0172413793103448,0.0992647058823529,0.0036764705882352897,0.007352941176470591,0.25753849461804507,0.33112785736378264,0.32858359658164377,0.6597114539454264,2020,10,0,0,3,0,7,0,3,0,3,0,0,0,0,0,3,0,0,3,0,4,0,3,3,7,9
146,2020,10,78756,HH,34.0,6.0,0.0,0.0,0.2770852579674957,0.12121212121212101,0.0,0.0606060606060606,0.0726256983240224,0.0167597765363128,0.0502793296089385,0.25286662189017783,0.3111735175237872,0.3294928709478074,0.6406663884715946,2020,10,0,0,3,0,7,0,3,0,3,0,0,0,0,0,3,0,0,3,0,4,0,3,3,7,9
147,2020,10,68305,WO,21.0,0.0,0.0,0.0,0.32352941176470573,0.36363636363636404,0.0,0.0,0.0208333333333333,0.0,0.0416666666666667,0.2391304347826087,0.24999999999999994,0.32608695652173925,0.5760869565217392,2020,10,3,0,0,3,3,0,0,7,0,0,0,0,0,3,1,3,0,0,3,3,3,0,0,7,9
148,2020,10,76812,SK,54.0,7.0,0.0,0.0,0.2498428390229531,0.111111111111111,0.0,0.0555555555555556,0.10126582278480999,0.0316455696202532,0.0569620253164557,0.23914563505045483,0.33421752823867384,0.3055749781200256,0.6397925063586994,2020,10,9,0,0,0,0,3,3,0,0,0,0,0,1,0,3,3,0,0,1,3,0,3,3,9,7
149,2020,10,62895,SK,24.0,5.0,0.00865800865800866,1.0,0.3716053678750981,0.10416666666666699,0.0,0.3125,0.12987012987013,0.025974025974026,0.0346320346320346,0.34980271848591393,0.4481035699903957,0.7141805502420743,1.1622841202324699,2020,10,9,0,0,0,0,3,3,0,0,0,0,0,1,0,3,3,0,0,1,3,0,3,3,9,7
150,2020,10,64468,SS,34.0,4.0,0.0272108843537415,0.5,0.28333330554494107,0.24137931034482799,0.0,0.0689655172413793,0.0476190476190476,0.0,0.0204081632653061,0.23714681876270713,0.26863342973123044,0.3434540133804725,0.6120874431117029,2020,10,0,0,3,0,3,7,0,0,0,0,0,0,3,3,0,1,3,3,3,0,3,0,0,7,9
151,2020,10,68912,NC,19.0,0.0,0.0,0.0,0.26749981122102257,0.0,0.0,0.0,0.0588235294117647,0.0,0.0,0.18947903294822424,0.23715673689244632,0.18947903294822424,0.42663576984067053,2020,10,0,0,3,0,0,0,0,3,0,0,0,0,10,0,3,0,3,3,0,0,1,3,3,10,6
152,2020,10,75847,SK,73.0,3.0,0.022075055187638,0.7,0.3041472314853888,0.22340425531914898,0.0,0.265957446808511,0.134657836644592,0.0309050772626932,0.0154525386313466,0.3019851860517482,0.4135507488107074,0.6103955888280019,1.0239463376387095,2020,10,9,0,0,0,0,3,3,0,0,0,0,0,1,0,3,3,0,0,1,3,0,3,3,9,7
153,2020,10,77248,OB,12.0,7.0,0.0822784810126582,0.6923076923076921,0.36309099633482733,0.15625,0.03125,0.15625,0.0886075949367089,0.0,0.0189873417721519,0.28882995854318716,0.34636091237081895,0.48740055504162827,0.8337614674124472,2020,10,3,0,6,3,1,0,0,3,0,0,0,0,0,4,3,3,0,0,0,0,3,0,3,6,10
154,2020,10,77463,SK,31.0,5.0,0.0,0.0,0.3630936789079096,0.075,0.0,0.15,0.13450292397660799,0.0,0.0233918128654971,0.3254969388754911,0.4162195728279103,0.49638283178512393,0.9126024046130342,2020,10,9,0,0,0,0,3,3,0,0,0,0,0,1,0,3,3,0,0,1,3,0,3,3,9,7
155,2020,10,64004,KT,24.0,5.0,0.0436893203883495,0.666666666666667,0.3122563077549604,0.0851063829787234,0.0425531914893617,0.0851063829787234,0.0970873786407767,0.0,0.0145631067961165,0.273987743104394,0.3418142948116918,0.39057827208498713,0.7323925668966789,2020,10,3,0,0,9,0,1,0,0,3,0,0,0,0,0,0,0,3,3,0,3,3,1,3,9,7
156,2020,10,63920,NC,16.0,2.0,0.0,0.0,0.3227167347800647,0.0714285714285714,0.0,0.0714285714285714,0.133333333333333,0.0,0.04,0.29216715976331353,0.3865448717948715,0.3756434911242602,0.7621883629191317,2020,10,0,0,3,0,0,0,0,3,0,0,0,0,10,0,3,0,3,3,0,0,1,3,3,10,6
157,2020,10,63440,SK,21.0,0.0,0.0,0.0,0.29904338980398315,0.0333333333333333,0.0,0.1,0.0387596899224806,0.0,0.0387596899224806,0.2536077702374823,0.2805717499163591,0.33814369364997643,0.6187154435663356,2020,10,9,0,0,0,0,3,3,0,0,0,0,0,1,0,3,3,0,0,1,3,0,3,3,9,7
158,2020,10,62556,LT,21.0,9.0,0.009433962264150941,1.0,0.3238511256355163,0.0,0.0,0.10526315789473699,0.10377358490566001,0.009433962264150941,0.0188679245283019,0.2766596841635203,0.3533272730475834,0.36402590021515846,0.7173531732627418,2020,10,0,0,1,0,0,3,0,0,9,0,0,0,3,3,0,3,4,0,3,0,0,3,0,9,7
159,2020,10,68868,SK,11.0,6.0,0.00966183574879227,0.5,0.2408951245157163,0.0930232558139535,0.0,0.0697674418604651,0.0917874396135266,0.0,0.0144927536231884,0.22361897460827895,0.2883992916845738,0.2912247111177586,0.5796240028023324,2020,10,9,0,0,0,0,3,3,0,0,0,0,0,1,0,3,3,0,0,1,3,0,3,3,9,7
160,2020,10,63722,HT,29.0,8.0,0.0,0.0,0.30431292243915287,0.13953488372093,0.0,0.18604651162790697,0.0855855855855856,0.0225225225225225,0.018018018018018004,0.2741255031489538,0.3427200252175731,0.4653758541831075,0.8080958794006806,2020,10,0,0,6,0,0,0,6,1,0,0,0,0,3,3,0,0,3,0,3,3,3,0,1,6,10
161,2020,10,66354,WO,19.0,5.0,0.0,0.0,0.2746336429308567,0.272727272727273,0.0,0.0,0.132530120481928,0.0,0.0,0.2059752321981425,0.30128091312618926,0.26215029552490865,0.563431208651098,2020,10,3,0,0,3,3,0,0,7,0,0,0,0,0,3,1,3,0,0,3,3,3,0,0,7,9
162,2020,10,68518,LT,12.0,8.0,0.0,0.0,0.16606575963718834,0.0666666666666667,0.0,0.0,0.0588235294117647,0.007352941176470591,0.0441176470588235,0.13562037037037047,0.185841503267974,0.14466172839506183,0.33050323166303586,2020,10,0,0,1,0,0,3,0,0,9,0,0,0,3,3,0,3,4,0,3,0,0,3,0,9,7
163,2020,10,66409,SS,18.0,6.0,0.0157894736842105,0.666666666666667,0.27575167115365934,0.22580645161290303,0.032258064516129,0.29032258064516103,0.06842105263157901,0.0210526315789474,0.0210526315789474,0.25564243825833216,0.31551541909157804,0.5525175278486532,0.8680329469402313,2020,10,0,0,3,0,3,7,0,0,0,0,0,0,3,3,0,1,3,3,3,0,3,0,0,7,9
164,2020,10,79290,OB,6.0,9.0,0.021505376344086002,0.5,0.3876284697621446,0.05,0.0,0.15,0.0645161290322581,0.010752688172043001,0.021505376344086002,0.3314254306521929,0.3781845333917892,0.4971381459782893,0.8753226793700786,2020,10,3,0,6,3,1,0,0,3,0,0,0,0,0,4,3,3,0,0,0,0,3,0,3,6,10
165,2020,10,50203,OB,0.0,0.0,0.0,0.0,0.0,0.0,0.0,0.0,0.0,0.0,0.0,0.0,0.0,0.0,0.0,2020,10,3,0,6,3,1,0,0,3,0,0,0,0,0,4,3,3,0,0,0,0,3,0,3,6,10
166,2020,10,64086,OB,3.0,0.0,0.0,0.0,0.5302245250431807,1.0,0.0,0.0,0.42857142857142894,0.0,0.0,0.13255613126079455,0.504317789291883,0.2651122625215891,0.769430051813472,2020,10,3,0,6,3,1,0,0,3,0,0,0,0,0,4,3,3,0,0,0,0,3,0,3,6,10
167,2020,10,68211,OB,1.0,0.0,0.0,0.0,0.0,0.0,0.0,0.0,0.0,0.0,0.0,0.0,0.0,0.0,0.0,2020,10,3,0,6,3,1,0,0,3,0,0,0,0,0,4,3,3,0,0,0,0,3,0,3,6,10
168,2020,10,66209,OB,5.0,0.0,0.166666666666667,0.0,0.28599078341013806,0.0,0.0,0.0,0.0,0.0,0.0,0.19066052227342545,0.19066052227342545,0.19066052227342545,0.3813210445468509,2020,10,3,0,6,3,1,0,0,3,0,0,0,0,0,4,3,3,0,0,0,0,3,0,3,6,10
169,2020,10,67828,WO,0.0,0.0,0.0,0.0,0.0,0.0,0.0,0.0,0.0,0.0,0.0,0.0,0.0,0.0,0.0,2020,10,3,0,0,3,3,0,0,7,0,0,0,0,0,3,1,3,0,0,3,3,3,0,0,7,9
170,2020,10,68346,WO,1.0,0.0,0.0,0.0,0.3333333333333328,0.5,0.0,0.0,0.1,0.0,0.1,0.22222222222222193,0.2999999999999997,0.33333333333333287,0.6333333333333326,2020,10,3,0,0,3,3,0,0,7,0,0,0,0,0,3,1,3,0,0,3,3,3,0,0,7,9
171,2020,10,62332,WO,2.0,0.0,0.0,0.0,0.05055762081784386,0.0,0.0,0.0,0.0,0.0,0.0,0.05055762081784386,0.05055762081784386,0.05055762081784386,0.10111524163568772,2020,10,3,0,0,3,3,0,0,7,0,0,0,0,0,3,1,3,0,0,3,3,3,0,0,7,9
172,2020,10,50365,WO,1.0,0.0,0.0,0.0,0.0,0.0,0.0,0.0,0.0,0.0,0.0,0.0,0.0,0.0,0.0,2020,10,3,0,0,3,3,0,0,7,0,0,0,0,0,3,1,3,0,0,3,3,3,0,0,7,9
173,2020,10,62353,WO,2.0,3.0,0.18604651162790697,1.0,0.5799875505757857,0.0,0.0,0.0,0.0465116279069767,0.0232558139534884,0.0,0.39149159663865524,0.4339456712917723,0.39149159663865524,0.8254372679304276,2020,10,3,0,0,3,3,0,0,7,0,0,0,0,0,3,1,3,0,0,3,3,3,0,0,7,9
174,2020,10,65362,WO,7.0,0.0,0.0,0.0,0.0,0.0,0.0,0.0,0.133333333333333,0.0666666666666667,0.0,0.0,0.1999999999999997,0.0,0.1999999999999997,2020,10,3,0,0,3,3,0,0,7,0,0,0,0,0,3,1,3,0,0,3,3,3,0,0,7,9
175,2020,10,67365,WO,0.0,0.0,0.0,0.0,0.0,0.0,0.0,0.0,0.0,0.0,0.0,0.0,0.0,0.0,0.0,2020,10,3,0,0,3,3,0,0,7,0,0,0,0,0,3,1,3,0,0,3,3,3,0,0,7,9
176,2020,10,65398,WO,0.0,0.0,0.0,0.0,0.0,0.0,0.0,0.0,0.0,0.0,0.0,0.0,0.0,0.0,0.0,2020,10,3,0,0,3,3,0,0,7,0,0,0,0,0,3,1,3,0,0,3,3,3,0,0,7,9
177,2020,10,63342,WO,0.0,6.0,0.0,0.0,0.0,0.0,0.0,0.0,0.0,0.0,0.0,0.0,0.0,0.0,0.0,2020,10,3,0,0,3,3,0,0,7,0,0,0,0,0,3,1,3,0,0,3,3,3,0,0,7,9
178,2020,10,64260,SK,4.0,5.0,0.0545454545454545,0.0,0.2535897435897431,0.153846153846154,0.0769230769230769,0.0,0.0181818181818182,0.0,0.0181818181818182,0.21132478632478585,0.2256643356643352,0.27634779750164307,0.5020121331659783,2020,10,9,0,0,0,0,3,3,0,0,0,0,0,1,0,3,3,0,0,1,3,0,3,3,9,7
179,2020,10,50848,SK,0.0,0.0,0.0,0.0,0.0,0.0,0.0,0.5,0.0625,0.0625,0.0,0.0,0.0,0.0,0.0,2020,10,9,0,0,0,0,3,3,0,0,0,0,0,1,0,3,3,0,0,1,3,0,3,3,9,7
180,2020,10,69860,SK,0.0,0.0,0.0,0.0,0.0,0.0,0.0,0.5,0.0,0.0,0.0,0.0,0.0,0.0,0.0,2020,10,9,0,0,0,0,3,3,0,0,0,0,0,1,0,3,3,0,0,1,3,0,3,3,9,7
181,2020,10,79847,SK,0.0,0.0,0.0,0.0,0.0,0.0,0.0,0.0,0.0,0.0,0.0,0.0,0.0,0.0,0.0,2020,10,9,0,0,0,0,3,3,0,0,0,0,0,1,0,3,3,0,0,1,3,0,3,3,9,7
182,2020,10,66052,SK,5.0,1.0,0.0,0.0,0.30099309306129207,0.0833333333333333,0.0,0.0833333333333333,0.101694915254237,0.0,0.0338983050847458,0.21106359989735443,0.29129442024677576,0.2814181331964726,0.5727125534432483,2020,10,9,0,0,0,0,3,3,0,0,0,0,0,1,0,3,3,0,0,1,3,0,3,3,9,7
183,2020,10,60841,SK,0.0,0.0,0.0,0.0,0.0,0.0,0.0,0.0,0.0,0.0,0.0,0.0,0.0,0.0,0.0,2020,10,9,0,0,0,0,3,3,0,0,0,0,0,1,0,3,3,0,0,1,3,0,3,3,9,7
184,2020,10,61895,SK,0.0,8.0,0.0,0.0,0.0,0.0,0.0,0.0,0.0,0.0,0.0,0.0,0.0,0.0,0.0,2020,10,9,0,0,0,0,3,3,0,0,0,0,0,1,0,3,3,0,0,1,3,0,3,3,9,7
185,2020,10,50859,SK,0.0,0.0,0.0,0.0,0.0,0.0,0.0,0.0,0.0,0.0,0.0,0.0,0.0,0.0,0.0,2020,10,9,0,0,0,0,3,3,0,0,0,0,0,1,0,3,3,0,0,1,3,0,3,3,9,7
186,2020,10,64890,SK,1.0,8.0,0.05,0.0,0.10526315789473717,0.2,0.0,0.0,0.0,0.0,0.1,0.08421052631578974,0.08421052631578974,0.10105263157894767,0.1852631578947374,2020,10,9,0,0,0,0,3,3,0,0,0,0,0,1,0,3,3,0,0,1,3,0,3,3,9,7
187,2020,10,65869,SK,0.0,8.0,0.010752688172043001,1.0,-6.500000000000019,0.133333333333333,0.0,0.133333333333333,0.043010752688172005,0.021505376344086002,0.043010752688172005,inf,inf,inf,inf,2020,10,9,0,0,0,0,3,3,0,0,0,0,0,1,0,3,3,0,0,1,3,0,3,3,9,7
188,2020,10,63450,SK,3.0,9.0,0.0173913043478261,0.0,1.1605713041334245,0.2,0.0,0.0666666666666667,0.0869565217391304,0.00869565217391304,0.0260869565217391,0.8299444139136395,0.8245598765676312,1.1619221794790953,1.9864820560467265,2020,10,9,0,0,0,0,3,3,0,0,0,0,0,1,0,3,3,0,0,1,3,0,3,3,9,7
189,2020,10,69804,SK,10.0,0.0,0.1,1.0,0.0,0.0,0.0,0.0,0.0,0.0,0.0,0.0,0.0,0.0,0.0,2020,10,9,0,0,0,0,3,3,0,0,0,0,0,1,0,3,3,0,0,1,3,0,3,3,9,7
190,2020,10,69104,LG,0.0,0.0,0.0,0.0,0.0,0.0,0.0,0.0,0.0,0.0,0.0,0.0,0.0,0.0,0.0,2020,10,0,0,10,3,0,0,0,0,3,0,0,0,0,0,3,3,0,4,3,0,0,3,0,10,6
191,2020,10,50150,LG,0.0,7.0,0.166666666666667,1.0,0.0,0.2,0.0,0.0,0.0333333333333333,0.0,0.0666666666666667,0.0,0.0,0.0,0.0,2020,10,0,0,10,3,0,0,0,0,3,0,0,0,0,0,3,3,0,4,3,0,0,3,0,10,6
192,2020,10,68106,LG,7.0,2.0,0.0,0.0,0.1111111111111111,0.0,0.0,0.0,0.0909090909090909,0.0,0.0,0.049999999999999996,0.13636363636363633,0.049999999999999996,0.18636363636363631,2020,10,0,0,10,3,0,0,0,0,3,0,0,0,0,0,3,3,0,4,3,0,0,3,0,10,6
193,2020,10,64115,LG,3.0,9.0,0.0,0.0,0.07436171071393313,0.23076923076923103,0.0,0.0769230769230769,0.0882352941176471,0.0,0.0294117647058824,0.07339052287581674,0.15299163783160305,0.10726307189542449,0.2602547097270275,2020,10,0,0,10,3,0,0,0,0,3,0,0,0,0,0,3,3,0,4,3,0,0,3,0,10,6
194,2020,10,79140,LG,0.0,0.0,0.0,0.0,0.0,0.0,0.0,0.0,0.0,0.0,0.0,0.0,0.0,0.0,0.0,2020,10,0,0,10,3,0,0,0,0,3,0,0,0,0,0,3,3,0,4,3,0,0,3,0,10,6
195,2020,10,60339,NC,0.0,0.0,0.0,0.0,0.0,0.0,0.0,0.0,0.0,0.0,0.0,0.0,0.0,0.0,0.0,2020,10,0,0,3,0,0,0,0,3,0,0,0,0,10,0,3,0,3,3,0,0,1,3,3,10,6
196,2020,10,78813,NC,1.0,8.0,0.0,0.0,0.12439849895262968,0.28571428571428603,0.0285714285714286,0.0571428571428571,0.0327868852459016,0.0,0.0245901639344262,0.11097502222758765,0.14012338215455195,0.16804789080177562,0.30817127295632757,2020,10,0,0,3,0,0,0,0,3,0,0,0,0,10,0,3,0,3,3,0,0,1,3,3,10,6
197,2020,10,76118,NC,0.0,0.0,0.0,0.0,0.0,0.0,0.0,0.0,0.0,0.0,0.0,0.0,0.0,0.0,0.0,2020,10,0,0,3,0,0,0,0,3,0,0,0,0,10,0,3,0,3,3,0,0,1,3,3,10,6
198,2020,10,60566,NC,2.0,6.0,0.163265306122449,0.75,1.0395963528327024,0.0,0.0,0.0,0.0408163265306122,0.0,0.0408163265306122,0.9717965906914391,0.9531151667715551,0.9717965906914391,1.9249117574629941,2020,10,0,0,3,0,0,0,0,3,0,0,0,0,10,0,3,0,3,3,0,0,1,3,3,10,6
199,2020,10,73306,NC,8.0,9.0,0.0113636363636364,1.0,0.3337408312958438,0.384615384615385,0.0,0.0769230769230769,0.0909090909090909,0.0227272727272727,0.0454545454545455,0.27095739807604224,0.34148690292758094,0.4377004122766837,0.7791873152042647,2020,10,0,0,3,0,0,0,0,3,0,0,0,0,10,0,3,0,3,3,0,0,1,3,3,10,6
200,2020,10,69992,NC,3.0,6.0,0.133333333333333,1.0,0.4705882352941176,0.375,0.125,0.0,0.166666666666667,0.0,0.0,0.33333333333333304,0.4333333333333333,0.5416666666666662,0.9749999999999994,2020,10,0,0,3,0,0,0,0,3,0,0,0,0,10,0,3,0,3,3,0,0,1,3,3,10,6
201,2020,10,68043,KT,0.0,0.0,0.0,0.0,0.0,0.0,0.0,0.0,0.0,0.0,0.0,0.0,0.0,0.0,0.0,2020,10,3,0,0,9,0,1,0,0,3,0,0,0,0,0,0,0,3,3,0,3,3,1,3,9,7
202,2020,10,64014,KT,4.0,0.0,0.0,0.0,0.17124394184168,0.0,0.0,0.33333333333333304,0.0,0.0,0.0,0.15773809523809512,0.15773809523809512,0.3154761904761901,0.4732142857142852,2020,10,3,0,0,9,0,1,0,0,3,0,0,0,0,0,0,0,3,3,0,3,3,1,3,9,7
203,2020,10,63448,KT,0.0,0.0,0.0,0.0,inf,0.0,0.0,0.0,0.0,0.0,0.0,inf,inf,inf,inf,2020,10,3,0,0,9,0,1,0,0,3,0,0,0,0,0,0,0,3,3,0,3,3,1,3,9,7
204,2020,10,67063,KT,1.0,0.0,0.0,0.0,0.0,0.0,0.0,0.0,0.0,0.0,0.0,0.0,0.0,0.0,0.0,2020,10,3,0,0,9,0,1,0,0,3,0,0,0,0,0,0,0,3,3,0,3,3,1,3,9,7
205,2020,10,64724,KT,0.0,0.0,0.0,0.0,0.0,0.0,0.0,0.0,0.0,0.0,0.0,0.0,0.0,0.0,0.0,2020,10,3,0,0,9,0,1,0,0,3,0,0,0,0,0,0,0,3,3,0,3,3,1,3,9,7
206,2020,10,64041,KT,0.0,0.0,0.0,0.0,0.0,0.0,0.0,0.0,0.0,0.0,0.0,0.0,0.0,0.0,0.0,2020,10,3,0,0,9,0,1,0,0,3,0,0,0,0,0,0,0,3,3,0,3,3,1,3,9,7
207,2020,10,76757,KT,0.0,0.0,0.0,0.0,0.0,0.0,0.0,0.0,0.0,0.0,0.0,0.0,0.0,0.0,0.0,2020,10,3,0,0,9,0,1,0,0,3,0,0,0,0,0,0,0,3,3,0,3,3,1,3,9,7
208,2020,10,67008,KT,0.0,0.0,0.0,0.0,0.0,0.0,0.0,0.0,0.0,0.0,0.0,0.0,0.0,0.0,0.0,2020,10,3,0,0,9,0,1,0,0,3,0,0,0,0,0,0,0,3,3,0,3,3,1,3,9,7
209,2020,10,65057,KT,0.0,0.0,0.0,0.0,0.0,0.0,0.0,0.0,0.0,0.0,0.0,0.0,0.0,0.0,0.0,2020,10,3,0,0,9,0,1,0,0,3,0,0,0,0,0,0,0,3,3,0,3,3,1,3,9,7
210,2020,10,75340,KT,0.0,0.0,0.0,0.0,0.0,0.0,0.0,0.0,0.0,0.0,0.0,0.0,0.0,0.0,0.0,2020,10,3,0,0,9,0,1,0,0,3,0,0,0,0,0,0,0,3,3,0,3,3,1,3,9,7
211,2020,10,50054,KT,4.0,7.0,0.0273972602739726,0.5,0.24999999999999978,0.23076923076923103,0.0,0.0,0.0958904109589041,0.0136986301369863,0.0,0.1999999999999998,0.28767123287671215,0.24615384615384595,0.5338250790305581,2020,10,3,0,0,9,0,1,0,0,3,0,0,0,0,0,0,0,3,3,0,3,3,1,3,9,7
212,2020,10,77243,KT,6.0,8.0,0.0,0.0,0.15236056827346595,0.0,0.0,0.0,0.0930232558139535,0.0232558139534884,0.0232558139534884,0.11118203630766436,0.21194733356706008,0.11118203630766436,0.32312936987472446,2020,10,3,0,0,9,0,1,0,0,3,0,0,0,0,0,0,0,3,3,0,3,3,1,3,9,7
213,2020,10,67005,KT,13.0,0.0,0.0714285714285714,0.0,0.06923076923076915,0.0,0.0,0.0,0.214285714285714,0.0,0.0,0.050349650349650325,0.25384615384615355,0.050349650349650325,0.3041958041958039,2020,10,3,0,0,9,0,1,0,0,3,0,0,0,0,0,0,0,3,3,0,3,3,1,3,9,7
214,2020,10,63636,HT,0.0,0.0,0.0,0.0,0.0,0.0,0.0,0.0,0.0,0.0,0.0,0.0,0.0,0.0,0.0,2020,10,0,0,6,0,0,0,6,1,0,0,0,0,3,3,0,0,3,0,3,3,3,0,1,6,10
215,2020,10,65653,HT,7.0,6.0,0.0405405405405405,0.5,0.31285251410056386,0.178571428571429,0.0714285714285714,0.14285714285714302,0.0945945945945946,0.0202702702702703,0.0135135135135135,0.2185235827557481,0.3023817230404055,0.3824162698225594,0.6847979928629648,2020,10,0,0,6,0,0,0,6,1,0,0,0,0,3,3,0,0,3,0,3,3,3,0,1,6,10
216,2020,10,78643,HT,6.0,8.0,0.0,0.0,0.2569165108681286,0.166666666666667,0.0,0.222222222222222,0.150537634408602,0.0,0.010752688172043001,0.2288265306122452,0.34245666008338826,0.4195153061224494,0.7619719662058377,2020,10,0,0,6,0,0,0,6,1,0,0,0,0,3,3,0,0,3,0,3,3,3,0,1,6,10
217,2020,10,69636,HT,9.0,8.0,0.0,0.0,0.2516538037486216,0.0,0.0,0.266666666666667,0.0422535211267606,0.028169014084507005,0.028169014084507005,0.1905417814508721,0.247545881348698,0.34297520661156994,0.5905210879602679,2020,10,0,0,6,0,0,0,6,1,0,0,0,0,3,3,0,0,3,0,3,3,3,0,1,6,10
218,2020,10,66657,HT,9.0,0.0,0.0,0.0,0.15694444444444441,0.0,0.0,0.0,0.0714285714285714,0.0,0.0714285714285714,0.09658119658119657,0.1611111111111111,0.09658119658119657,0.25769230769230766,2020,10,0,0,6,0,0,0,6,1,0,0,0,0,3,3,0,0,3,0,3,3,3,0,1,6,10
219,2020,10,62893,HT,2.0,7.0,0.0,0.0,0.283684210526316,0.0,0.0,0.0,0.166666666666667,0.0,0.0,0.22694736842105265,0.35578947368421077,0.22694736842105265,0.5827368421052634,2020,10,0,0,6,0,0,0,6,1,0,0,0,0,3,3,0,0,3,0,3,3,3,0,1,6,10
220,2020,10,62908,HT,4.0,0.0,0.0273972602739726,1.0,0.22233539094650237,0.17647058823529396,0.0,0.0,0.0410958904109589,0.0,0.0410958904109589,0.19057319223985916,0.22383730762726223,0.22420375557630487,0.44804106320356707,2020,10,0,0,6,0,0,0,6,1,0,0,0,0,3,3,0,0,3,0,3,3,3,0,1,6,10
221,2020,10,67449,SS,5.0,0.0,0.0,0.0,0.0,0.0,0.0,0.0,0.0,0.0,0.0,0.0,0.0,0.0,0.0,2020,10,0,0,3,0,3,7,0,0,0,0,0,0,3,3,0,1,3,3,3,0,3,0,0,7,9
222,2020,10,63435,SS,4.0,0.0,0.125,1.0,0.16666666666666666,0.0,0.0,0.0,0.0,0.0,0.0,0.125,0.125,0.125,0.25,2020,10,0,0,3,0,3,7,0,0,0,0,0,0,3,3,0,1,3,3,3,0,3,0,0,7,9
223,2020,10,69418,SS,0.0,7.0,0.0497237569060773,0.444444444444444,0.0,0.25,0.0,0.0227272727272727,0.0386740331491713,0.0110497237569061,0.0220994475138122,0.0,0.0,0.0,0.0,2020,10,0,0,3,0,3,7,0,0,0,0,0,0,3,3,0,1,3,3,3,0,3,0,0,7,9
224,2020,10,61457,SS,0.0,0.0,0.0,0.0,0.0,0.0,0.0,0.0,0.0,0.0,0.0,0.0,0.0,0.0,0.0,2020,10,0,0,3,0,3,7,0,0,0,0,0,0,3,3,0,1,3,3,3,0,3,0,0,7,9
225,2020,10,66707,HH,7.0,8.0,0.0,0.0,0.2701298701298698,0.33333333333333304,0.0,0.0,0.0,0.0285714285714286,0.0285714285714286,0.16684491978609617,0.19064935064935057,0.22245989304812816,0.4131092436974787,2020,10,0,0,3,0,7,0,3,0,3,0,0,0,0,0,3,0,0,3,0,4,0,3,3,7,9
226,2020,10,65522,LT,0.0,0.0,0.0,0.0,0.0,0.0,0.0,0.0,0.25,0.0,0.0,0.0,0.0,0.0,0.0,2020,10,0,0,1,0,0,3,0,0,9,0,0,0,3,3,0,3,4,0,3,0,0,3,0,9,7
