"year","month","P_ID","T_ID","AB","HIT","H2","H3","HR","RBI","BB","HP","KK","GD","AVG","PA","SB","CS","SF"
2020,7,65207,"LG",2,2,0,0,0,3,0,0,0,0,1,2,0,1,0
2020,7,69992,"NC",2,2,2,0,0,1,0,0,0,0,1,2,0,0,0
2020,7,50066,"KT",1,1,0,0,1,1,0,0,0,0,1,1,0,0,0
2020,7,61554,"HH",1,1,0,0,0,0,0,0,0,0,1,1,0,0,0
2020,7,78603,"HT",17,12,3,0,0,4,1,1,1,0,0.706,20,0,0,1
2020,7,66606,"HT",5,3,0,0,0,3,0,0,0,0,0.6,5,0,0,0
2020,7,64407,"SS",12,7,1,0,0,3,2,1,1,0,0.583,15,0,0,0
2020,7,68204,"OB",2,1,0,0,0,0,1,0,1,0,0.5,3,0,0,0
2020,7,67207,"OB",6,3,0,0,0,1,0,0,0,0,0.5,7,2,0,1
2020,7,79240,"OB",83,41,5,0,0,12,6,2,5,2,0.494,92,6,3,1
2020,7,68912,"NC",7,3,0,0,0,2,0,0,1,0,0.429,7,0,0,0
2020,7,67025,"KT",85,35,10,0,8,20,11,1,24,3,0.412,97,0,0,0
2020,7,61208,"HH",25,10,5,0,1,4,6,0,3,1,0.4,32,2,1,1
2020,7,62404,"SS",75,29,4,0,2,13,9,1,19,0,0.387,85,3,3,0
2020,7,79402,"SS",78,30,4,1,3,11,15,0,4,4,0.385,93,2,1,0
2020,7,74540,"SS",69,26,5,0,5,18,7,0,10,2,0.377,76,0,0,0
2020,7,77463,"SK",64,24,1,0,4,15,10,0,12,1,0.375,74,0,0,0
2020,7,77564,"LG",32,12,2,0,2,12,3,0,3,1,0.375,35,0,0,0
2020,7,50150,"LG",8,3,1,0,0,1,0,0,2,0,0.375,8,1,0,0
2020,7,74465,"NC",67,25,5,0,4,16,9,0,8,1,0.373,77,0,0,1
2020,7,62244,"OB",54,20,2,0,1,13,4,2,3,1,0.37,63,1,1,3
2020,7,76313,"KT",98,36,8,0,6,16,6,0,14,2,0.367,104,0,1,0
2020,7,62864,"HT",30,11,1,1,0,6,2,0,5,0,0.367,32,0,0,0
2020,7,79456,"WO",52,19,2,0,0,3,3,1,4,2,0.365,57,0,0,1
2020,7,75847,"SK",72,26,6,0,9,22,12,3,13,0,0.361,89,2,0,2
2020,7,64004,"KT",25,9,1,0,0,2,3,0,4,0,0.36,29,1,0,1
2020,7,50350,"WO",14,5,2,0,1,5,0,1,2,1,0.357,15,0,0,0
2020,7,61743,"SK",56,20,6,0,2,8,5,1,14,0,0.357,62,0,1,0
2020,7,64560,"HT",71,25,6,1,0,6,8,1,14,1,0.352,80,0,1,0
2020,7,76290,"LG",91,32,5,0,9,29,14,0,10,3,0.352,106,0,1,1
2020,7,64166,"KT",81,28,2,0,5,13,10,1,27,0,0.346,93,8,4,1
2020,7,77532,"LT",84,29,6,0,0,10,9,1,14,0,0.345,96,2,0,2
2020,7,62907,"NC",71,24,3,0,0,6,6,0,10,1,0.338,78,3,2,1
2020,7,79109,"LG",95,32,7,1,5,20,4,1,17,0,0.337,101,4,0,1
2020,7,50202,"OB",6,2,0,0,0,2,0,0,1,0,0.333,7,1,0,1
2020,7,64300,"WO",93,31,3,0,7,24,13,1,10,2,0.333,110,4,0,3
2020,7,66917,"NC",12,4,1,0,0,2,0,0,2,0,0.333,15,1,1,3
2020,7,63634,"KT",3,1,0,0,0,0,0,0,1,0,0.333,3,0,0,0
2020,7,78643,"HT",12,4,0,0,2,4,4,0,3,0,0.333,17,0,0,1
2020,7,61566,"LT",9,3,0,0,0,3,1,0,1,0,0.333,10,0,0,0
2020,7,75334,"OB",97,32,7,0,1,15,6,0,11,2,0.33,104,0,0,1
2020,7,69209,"OB",91,30,3,0,7,20,11,4,6,1,0.33,106,0,0,0
2020,7,72443,"HT",88,29,7,0,2,15,9,3,17,3,0.33,100,0,0,0
2020,7,62415,"SS",85,28,3,2,1,10,7,1,13,3,0.329,95,5,6,2
2020,7,62947,"NC",73,24,5,1,5,12,7,1,20,1,0.329,82,0,0,1
2020,7,60523,"LT",92,30,6,0,4,20,10,2,23,0,0.326,104,3,1,0
2020,7,78629,"HT",83,27,3,0,3,20,10,5,10,1,0.325,99,0,0,1
2020,7,50506,"LT",77,25,4,0,2,13,9,0,6,4,0.325,87,1,0,1
2020,7,78224,"OB",87,28,5,0,3,16,12,0,24,3,0.322,100,1,0,1
2020,7,76267,"OB",84,27,3,1,2,16,6,2,15,2,0.321,92,1,1,0
2020,7,67341,"WO",94,30,6,1,5,22,9,0,8,2,0.319,105,3,1,2
2020,7,50357,"WO",19,6,2,0,0,1,0,0,7,0,0.316,19,0,1,0
2020,7,74215,"SK",32,10,1,0,3,9,2,0,3,0,0.313,35,0,0,1
2020,7,79231,"OB",68,21,2,2,1,6,6,1,6,1,0.309,77,3,0,2
2020,7,62356,"WO",13,4,1,0,0,1,1,0,2,0,0.308,14,0,0,0
2020,7,66113,"LG",39,12,2,0,2,5,4,0,5,0,0.308,43,0,0,0
2020,7,62925,"NC",78,24,3,0,1,12,3,0,6,2,0.308,81,1,0,0
2020,7,50054,"KT",13,4,0,0,0,1,1,0,1,0,0.308,14,0,1,0
2020,7,74339,"KT",72,22,4,0,1,12,5,0,10,1,0.306,77,0,0,0
2020,7,64657,"WO",56,17,2,0,0,4,18,3,17,2,0.304,77,1,0,0
2020,7,76232,"NC",63,19,2,0,3,15,8,3,11,0,0.302,74,0,0,0
2020,7,75566,"SS",64,19,1,0,3,21,15,1,10,1,0.297,85,0,1,5
2020,7,62700,"HH",71,21,3,0,0,7,3,0,13,0,0.296,75,1,1,1
2020,7,61186,"LG",51,15,2,0,0,7,8,3,6,0,0.294,63,1,0,1
2020,7,79150,"LG",68,20,3,3,0,9,7,0,8,0,0.294,76,3,3,1
2020,7,62934,"NC",34,10,1,0,2,6,0,1,5,0,0.294,35,5,2,0
2020,7,68525,"LT",68,20,3,0,7,22,7,1,16,4,0.294,79,0,0,3
2020,7,71564,"LT",82,24,6,0,2,13,8,0,9,4,0.293,91,0,0,1
2020,7,64868,"KT",62,18,0,0,0,3,9,1,17,0,0.29,72,4,2,0
2020,7,78548,"KT",59,17,2,0,3,17,8,0,7,1,0.288,69,0,0,2
2020,7,79608,"LT",80,23,4,0,1,6,5,2,8,3,0.288,90,3,0,3
2020,7,78168,"WO",91,26,5,2,1,5,14,0,15,1,0.286,109,5,2,4
2020,7,78217,"LG",14,4,0,0,1,1,0,0,3,0,0.286,15,0,0,1
2020,7,73306,"NC",7,2,1,0,0,2,2,0,0,1,0.286,11,0,0,2
2020,7,62556,"LT",7,2,0,0,1,1,1,0,2,0,0.286,8,0,0,0
2020,7,78813,"NC",39,11,5,0,0,1,0,0,4,1,0.282,39,0,0,0
2020,7,62931,"NC",71,20,4,1,5,17,6,1,10,3,0.282,78,0,0,0
2020,7,69418,"SS",32,9,3,0,0,1,2,1,6,0,0.281,36,0,0,1
2020,7,65586,"WO",68,19,2,1,1,9,6,1,20,2,0.279,75,2,0,0
2020,7,64646,"HT",86,24,2,0,2,8,5,0,15,3,0.279,94,3,1,3
2020,7,78513,"LT",87,24,4,0,4,17,10,2,10,4,0.276,100,1,1,1
2020,7,66108,"LG",69,19,5,1,0,6,18,2,10,3,0.275,89,0,0,0
2020,7,68868,"SK",91,25,2,0,2,9,10,0,14,1,0.275,103,0,1,2
2020,7,61700,"HH",44,12,2,0,1,3,12,0,12,0,0.273,56,0,1,0
2020,7,61204,"LT",11,3,1,0,0,0,1,0,3,0,0.273,12,3,1,0
2020,7,76802,"SK",63,17,0,0,0,2,8,0,7,3,0.27,73,1,1,2
2020,7,50165,"LG",89,24,4,0,6,13,9,2,27,3,0.27,101,0,0,1
2020,7,74163,"HH",89,24,1,0,0,4,12,0,6,2,0.27,102,7,3,1
2020,7,73209,"HT",82,22,1,0,2,12,2,1,21,3,0.268,87,0,0,2
2020,7,78135,"LG",60,16,3,1,3,8,7,3,14,1,0.267,70,0,0,0
2020,7,64266,"SS",60,16,2,0,3,7,6,0,21,0,0.267,69,1,0,3
2020,7,66409,"SS",30,8,0,0,3,8,2,2,9,0,0.267,35,1,0,1
2020,7,61197,"SS",34,9,1,0,0,3,2,0,6,1,0.265,37,1,0,1
2020,7,50923,"NC",87,23,4,2,5,19,5,1,29,3,0.264,94,4,0,1
2020,7,75151,"SK",19,5,0,0,0,0,1,0,6,0,0.263,20,0,0,0
2020,7,78288,"HH",58,15,6,0,0,5,7,1,12,3,0.259,66,0,0,0
2020,7,62265,"HT",66,17,5,0,0,6,14,0,12,3,0.258,82,0,0,2
2020,7,63722,"HT",39,10,2,0,2,5,2,2,10,1,0.256,45,0,0,2
2020,7,61102,"LG",79,20,2,0,3,13,2,2,19,4,0.253,83,0,0,0
2020,7,79215,"OB",83,21,6,0,3,10,11,1,14,1,0.253,96,2,0,1
2020,7,68050,"KT",83,21,5,0,2,12,10,1,19,4,0.253,95,0,1,1
2020,7,79365,"WO",60,15,3,0,3,11,3,1,12,2,0.25,64,0,0,0
2020,7,71837,"SK",44,11,1,0,0,4,3,1,8,1,0.25,49,1,0,1
2020,7,61869,"SK",16,4,1,0,0,1,1,0,3,1,0.25,17,2,0,0
2020,7,62884,"SK",4,1,0,0,0,2,0,0,1,0,0.25,4,0,0,0
2020,7,64115,"LG",12,3,0,0,0,2,1,0,1,0,0.25,13,0,0,0
2020,7,73113,"KT",60,15,1,0,4,14,9,0,19,4,0.25,71,0,1,2
2020,7,64984,"HT",20,5,1,0,1,3,1,0,5,0,0.25,22,1,0,1
2020,7,66838,"SS",52,13,3,0,1,6,4,0,13,2,0.25,56,1,0,0
2020,7,69652,"HT",89,22,5,0,5,15,16,2,8,1,0.247,107,0,0,0
2020,7,75125,"WO",81,20,2,0,6,19,9,2,23,4,0.247,93,0,0,1
2020,7,50730,"HH",37,9,3,0,1,4,4,2,10,2,0.243,43,0,0,0
2020,7,68743,"HH",70,17,1,0,1,9,17,2,8,3,0.243,91,0,0,2
2020,7,76812,"SK",21,5,1,0,0,3,2,1,1,3,0.238,24,0,0,0
2020,7,78122,"NC",21,5,0,0,0,2,0,0,2,0,0.238,25,0,0,4
2020,7,74206,"OB",38,9,2,0,0,5,5,0,3,2,0.237,44,0,0,1
2020,7,65869,"SK",55,13,1,0,2,7,4,2,19,2,0.236,63,1,0,2
2020,7,65610,"HT",17,4,1,0,2,4,3,0,4,1,0.235,20,0,0,0
2020,7,76753,"HH",17,4,1,0,0,2,0,0,5,1,0.235,17,0,0,0
2020,7,62558,"LT",47,11,0,0,0,5,11,0,12,1,0.234,58,0,0,0
2020,7,65399,"WO",52,12,0,0,1,4,7,0,9,3,0.231,59,0,0,0
2020,7,50468,"SS",13,3,0,0,0,2,4,1,3,1,0.231,18,1,0,0
2020,7,74729,"HH",78,18,4,0,3,9,8,0,20,3,0.231,87,0,0,1
2020,7,76249,"LT",67,15,5,0,0,5,4,0,13,4,0.224,73,3,2,2
2020,7,64469,"SS",27,6,4,0,0,5,2,1,4,2,0.222,30,0,0,0
2020,7,71752,"HH",81,18,3,0,0,12,14,0,16,3,0.222,97,0,0,2
2020,7,64209,"HH",9,2,0,0,0,0,0,0,5,0,0.222,9,0,1,0
2020,7,62895,"SK",46,10,0,0,4,9,5,3,11,3,0.217,54,1,0,0
2020,7,64006,"KT",69,15,2,1,1,7,3,0,15,1,0.217,73,4,4,1
2020,7,50704,"HH",23,5,2,0,0,0,1,0,6,1,0.217,24,0,0,0
2020,7,67872,"SK",83,18,2,0,5,7,13,0,29,1,0.217,96,2,0,0
2020,7,77243,"KT",14,3,0,0,0,1,0,0,3,1,0.214,14,0,0,0
2020,7,76849,"NC",66,14,1,1,0,6,4,0,15,2,0.212,70,1,0,0
2020,7,50854,"SK",95,20,3,0,1,9,7,2,19,0,0.211,107,6,2,3
2020,7,67304,"WO",81,17,5,0,1,11,11,1,21,2,0.21,95,5,1,2
2020,7,50458,"SS",43,9,1,0,0,4,3,0,9,0,0.209,47,5,0,1
2020,7,79192,"LG",59,12,2,0,2,14,4,2,15,1,0.203,65,0,0,0
2020,7,71184,"LG",20,4,1,0,0,1,2,0,5,2,0.2,22,0,0,0
2020,7,64906,"KT",5,1,0,0,0,1,0,0,0,0,0.2,5,0,0,0
2020,7,69636,"HT",15,3,0,0,0,2,2,0,7,1,0.2,17,0,0,0
2020,7,65464,"HT",25,5,1,0,0,3,1,0,6,0,0.2,27,0,0,1
2020,7,63704,"HH",5,1,0,0,0,0,0,0,1,0,0.2,5,0,1,0
2020,7,64704,"HH",20,4,1,0,0,1,1,1,7,0,0.2,23,0,0,1
2020,7,69453,"SS",63,12,2,0,0,3,6,0,18,3,0.19,71,3,1,2
2020,7,60343,"HH",21,4,0,0,0,3,2,0,6,1,0.19,24,0,0,1
2020,7,63963,"NC",58,11,2,0,1,4,12,1,12,1,0.19,72,0,0,1
2020,7,69766,"HH",32,6,1,0,0,0,2,0,12,0,0.188,34,0,1,0
2020,7,64793,"SS",11,2,0,0,0,0,1,0,3,0,0.182,13,0,0,1
2020,7,50707,"HH",11,2,0,0,0,1,1,0,3,1,0.182,13,0,0,1
2020,7,79290,"OB",17,3,0,0,0,2,0,0,4,1,0.176,17,0,0,0
2020,7,77248,"OB",58,10,4,1,1,10,5,0,16,2,0.172,64,5,1,1
2020,7,66614,"HT",41,7,1,1,1,2,5,0,7,0,0.171,49,0,0,3
2020,7,63257,"OB",6,1,1,0,0,0,1,0,0,0,0.167,8,0,0,1
2020,7,69306,"WO",6,1,1,0,0,0,0,0,2,0,0.167,6,0,0,0
2020,7,60558,"SK",12,2,0,0,0,0,0,0,6,1,0.167,12,0,0,0
2020,7,64012,"KT",6,1,0,0,0,0,0,0,3,0,0.167,6,0,0,0
2020,7,61404,"SS",6,1,0,0,0,0,1,1,1,1,0.167,8,0,1,0
2020,7,62409,"SS",12,2,1,0,0,0,1,0,3,0,0.167,14,1,0,1
2020,7,71842,"OB",19,3,1,0,0,1,0,0,6,0,0.158,20,0,0,1
2020,7,63700,"HH",13,2,1,0,1,2,1,0,4,0,0.154,14,0,0,0
2020,7,66354,"WO",20,3,0,0,0,0,1,0,4,0,0.15,22,0,0,1
2020,7,65503,"HH",20,3,0,0,1,4,0,0,5,0,0.15,20,0,0,0
2020,7,65898,"WO",7,1,0,0,0,0,2,0,4,0,0.143,9,0,0,0
2020,7,64890,"SK",7,1,1,0,0,0,0,0,1,1,0.143,7,0,0,0
2020,7,50709,"HH",14,2,0,0,0,1,1,0,8,1,0.143,15,0,0,0
2020,7,78756,"HH",64,9,1,0,1,6,4,0,13,5,0.141,69,0,0,1
2020,7,61353,"SK",31,4,0,0,0,2,2,0,7,1,0.129,33,0,1,0
2020,7,63202,"OB",8,1,0,0,0,0,0,0,2,1,0.125,8,0,0,0
2020,7,62802,"KT",8,1,0,0,0,1,3,0,3,0,0.125,12,1,0,1
2020,7,68518,"LT",25,3,0,0,0,0,2,0,8,2,0.12,30,0,0,3
2020,7,63450,"SK",17,2,0,0,0,0,3,0,6,0,0.118,20,0,0,0
2020,7,75808,"LG",17,2,0,0,0,4,2,0,2,1,0.118,19,0,0,0
2020,7,65506,"LT",17,2,0,0,0,0,2,0,5,1,0.118,19,1,0,0
2020,7,69100,"LG",18,2,0,0,0,0,3,1,4,0,0.111,23,0,0,1
2020,7,68106,"LG",9,1,0,0,0,0,0,0,4,0,0.111,9,0,0,0
2020,7,64504,"LT",9,1,0,0,0,0,3,1,4,0,0.111,13,0,1,0
2020,7,65109,"LG",11,1,0,0,0,0,3,1,5,0,0.091,19,0,0,4
2020,7,66702,"HH",11,1,0,0,0,0,0,1,4,0,0.091,12,0,0,0
2020,7,65653,"HT",23,2,0,0,0,3,1,1,11,0,0.087,27,0,1,2
2020,7,64007,"KT",15,1,0,0,0,0,1,0,7,0,0.067,16,0,0,0
2020,7,50204,"OB",1,0,0,0,0,0,0,0,1,0,0,1,0,0,0
2020,7,63559,"OB",0,0,0,0,0,0,0,0,0,0,0,0,0,0,0
2020,7,64213,"OB",0,0,0,0,0,0,0,0,0,0,0,0,0,0,0
2020,7,62353,"WO",6,0,0,0,0,0,1,0,2,0,0,7,1,0,0
2020,7,65362,"WO",2,0,0,0,0,0,0,0,0,0,0,2,0,0,0
2020,7,68341,"WO",0,0,0,0,0,0,0,0,0,0,0,0,0,0,0
2020,7,63342,"WO",0,0,0,0,0,0,0,0,0,0,0,0,0,0,0
2020,7,64260,"SK",18,0,0,0,0,0,0,0,2,0,0,18,0,2,0
2020,7,76869,"SK",4,0,0,0,0,0,0,0,2,0,0,4,0,0,0
2020,7,63894,"SK",0,0,0,0,0,0,0,0,0,0,0,0,0,0,0
2020,7,65411,"SK",0,0,0,0,0,0,0,0,0,0,0,0,0,0,0
2020,7,66052,"SK",2,0,0,0,0,0,0,0,1,0,0,2,0,0,0
2020,7,64893,"SK",0,0,0,0,0,0,0,0,0,0,0,0,0,0,0
2020,7,61895,"SK",0,0,0,0,0,0,0,0,0,0,0,0,0,0,0
2020,7,50819,"SK",2,0,0,0,0,0,1,0,1,0,0,3,0,0,0
2020,7,62056,"SK",0,0,0,0,0,0,0,0,0,0,0,0,0,0,0
2020,7,50840,"SK",0,0,0,0,0,0,0,0,0,0,0,0,0,0,0
2020,7,65136,"LG",0,0,0,0,0,0,0,0,0,0,0,0,0,0,0
2020,7,78819,"LG",0,0,0,0,0,0,0,0,0,0,0,0,0,0,0
2020,7,67164,"LG",0,0,0,0,0,0,0,0,0,0,0,0,0,0,0
2020,7,62146,"LG",0,0,0,0,0,0,0,0,0,0,0,0,0,0,0
2020,7,63913,"LG",6,0,0,0,0,0,0,0,4,1,0,6,0,0,0
2020,7,64101,"LG",1,0,0,0,0,0,0,0,1,0,0,1,1,0,0
2020,7,63920,"NC",5,0,0,0,0,0,1,0,2,0,0,6,0,0,0
2020,7,75867,"NC",0,0,0,0,0,0,0,0,0,0,0,0,0,0,0
2020,7,76118,"NC",0,0,0,0,0,0,0,0,0,0,0,0,0,0,0
2020,7,60566,"NC",7,0,0,0,0,0,2,0,1,1,0,9,4,0,0
2020,7,65062,"KT",0,0,0,0,0,0,0,0,0,0,0,0,0,0,0
2020,7,65040,"KT",2,0,0,0,0,0,0,0,1,0,0,2,0,0,0
2020,7,75342,"KT",0,0,0,0,0,0,0,0,0,0,0,0,0,0,0
2020,7,67045,"KT",0,0,0,0,0,0,0,0,0,0,0,0,0,0,0
2020,7,65060,"KT",0,0,0,0,0,0,0,0,0,0,0,0,0,0,0
2020,7,62893,"HT",0,0,0,0,0,0,0,0,0,0,0,0,0,0,0
2020,7,50600,"HT",0,0,0,0,0,0,0,0,0,0,0,0,0,0,0
2020,7,60288,"SS",0,0,0,0,0,0,0,0,0,0,0,0,0,0,0
2020,7,64499,"SS",3,0,0,0,0,1,1,0,0,0,0,4,0,0,0
2020,7,64468,"SS",0,0,0,0,0,0,0,0,0,0,0,0,0,0,0
2020,7,69737,"HH",7,0,0,0,0,0,0,0,4,0,0,7,0,0,0
2020,7,66707,"HH",5,0,0,0,0,0,0,0,2,0,0,5,0,0,0
2020,7,73136,"HH",2,0,0,0,0,0,0,0,1,0,0,2,0,0,0
2020,8,63202,"OB",1,1,0,0,0,0,0,0,0,0,1,1,0,0,0
2020,8,66209,"OB",1,1,0,0,0,0,0,0,0,0,1,1,0,0,0
2020,8,65462,"NC",2,1,1,0,0,0,0,0,0,0,0.5,2,0,0,0
2020,8,63260,"HT",4,2,0,0,0,0,0,1,2,0,0.5,5,0,0,0
2020,8,75151,"SK",9,4,1,0,0,3,0,0,3,0,0.444,9,0,0,0
2020,8,69508,"LT",7,3,0,0,0,2,1,0,0,0,0.429,8,1,1,0
2020,8,76849,"NC",87,36,7,1,0,14,11,0,13,0,0.414,100,3,1,2
2020,8,66707,"HH",5,2,0,0,0,0,0,0,1,0,0.4,5,0,0,0
2020,8,79231,"OB",99,39,3,0,1,16,9,0,10,2,0.394,109,4,4,1
2020,8,71837,"SK",32,12,4,0,2,12,3,1,5,2,0.375,38,0,0,2
2020,8,50150,"LG",8,3,0,0,0,0,1,0,2,1,0.375,9,1,0,0
2020,8,62908,"HT",8,3,1,0,0,1,1,0,0,0,0.375,9,0,0,0
2020,8,72443,"HT",91,34,7,1,2,13,11,1,19,1,0.374,103,0,0,0
2020,8,62947,"NC",97,36,7,1,9,29,10,2,22,2,0.371,109,0,0,0
2020,8,62907,"NC",30,11,1,0,1,2,4,1,3,0,0.367,35,0,1,0
2020,8,69209,"OB",104,38,4,0,2,22,9,2,12,5,0.365,118,0,1,3
2020,8,64260,"SK",11,4,1,1,0,3,0,0,3,1,0.364,11,0,0,0
2020,8,76290,"LG",94,34,5,0,6,21,10,2,8,0,0.362,106,0,0,0
2020,8,62025,"NC",36,13,3,2,1,3,1,0,8,0,0.361,38,0,0,1
2020,8,50506,"LT",81,29,10,0,3,9,7,3,7,3,0.358,91,3,0,0
2020,8,77532,"LT",81,29,7,0,4,20,8,0,7,3,0.358,90,0,0,1
2020,8,66838,"SS",59,21,4,0,4,8,4,0,19,2,0.356,64,0,0,1
2020,8,61353,"SK",45,16,4,0,1,7,3,0,3,0,0.356,49,0,1,1
2020,8,68050,"KT",91,32,8,0,4,14,11,1,15,0,0.352,103,1,1,0
2020,8,62415,"SS",94,33,4,1,2,11,5,0,13,1,0.351,100,6,2,1
2020,8,79290,"OB",20,7,0,0,1,4,2,0,5,0,0.35,22,0,1,0
2020,8,78135,"LG",81,28,4,1,5,14,10,1,12,2,0.346,92,1,0,0
2020,8,76802,"SK",61,21,3,1,1,7,4,1,4,0,0.344,67,0,0,1
2020,8,68204,"OB",3,1,0,0,0,0,0,0,1,0,0.333,3,0,0,0
2020,8,63559,"OB",3,1,0,0,0,0,0,1,1,0,0.333,4,0,0,0
2020,8,64086,"OB",3,1,1,0,0,0,1,0,2,0,0.333,4,0,0,0
2020,8,62353,"WO",3,1,0,0,0,0,0,0,1,0,0.333,3,5,0,0
2020,8,68305,"WO",21,7,2,0,0,4,1,0,4,1,0.333,22,0,0,0
2020,8,64890,"SK",12,4,0,0,0,1,0,0,2,1,0.333,12,0,1,0
2020,8,69100,"LG",12,4,0,1,0,1,2,0,3,1,0.333,14,0,0,0
2020,8,65610,"HT",6,2,0,0,0,1,0,0,1,1,0.333,6,0,0,0
2020,8,67341,"WO",97,32,10,0,2,17,7,2,6,4,0.33,107,2,0,1
2020,8,79192,"LG",85,28,5,0,2,22,7,2,18,2,0.329,96,0,1,2
2020,8,73209,"HT",49,16,2,0,0,6,7,0,12,1,0.327,56,0,0,0
2020,8,66108,"LG",92,30,9,3,2,10,15,3,25,2,0.326,112,1,1,2
2020,8,78813,"NC",46,15,3,1,1,4,2,0,8,1,0.326,48,0,0,0
2020,8,76232,"NC",80,26,4,0,5,21,9,5,6,4,0.325,96,3,0,2
2020,8,67304,"WO",93,30,5,1,1,13,6,0,10,0,0.323,99,10,1,0
2020,8,61404,"SS",62,20,3,0,2,7,2,0,10,1,0.323,65,2,1,1
2020,8,64657,"WO",50,16,5,0,1,7,8,5,20,0,0.32,65,1,0,2
2020,8,69652,"HT",88,28,2,0,8,17,15,1,11,0,0.318,104,0,1,0
2020,8,63440,"SK",41,13,0,0,1,11,1,0,8,3,0.317,42,0,0,0
2020,8,62884,"SK",57,18,2,0,0,5,9,0,12,2,0.316,67,0,0,1
2020,8,69992,"NC",19,6,1,1,0,1,5,0,5,0,0.316,25,2,0,1
2020,8,78548,"KT",57,18,2,0,1,10,8,0,4,4,0.316,68,0,0,3
2020,8,67872,"SK",73,23,4,0,5,20,19,2,10,1,0.315,96,1,0,2
2020,8,76267,"OB",86,27,5,1,1,11,9,0,8,1,0.314,98,1,1,3
2020,8,79456,"WO",48,15,1,1,0,6,1,1,5,1,0.313,51,0,1,1
2020,8,74163,"HH",80,25,4,0,0,3,15,2,4,1,0.313,97,2,2,0
2020,8,50350,"WO",87,27,4,0,0,11,11,0,10,4,0.31,99,0,0,1
2020,8,60523,"LT",87,27,2,1,3,13,17,0,15,2,0.31,106,3,0,2
2020,8,65898,"WO",68,21,5,0,3,12,1,0,19,2,0.309,75,0,0,6
2020,8,75334,"OB",85,26,2,0,4,18,9,0,19,1,0.306,94,0,0,0
2020,8,60558,"SK",36,11,4,0,1,8,2,1,2,1,0.306,40,2,1,1
2020,8,74540,"SS",60,18,1,0,4,12,10,2,11,6,0.3,74,0,0,2
2020,8,79215,"OB",94,28,6,0,6,12,5,4,9,1,0.298,104,2,2,1
2020,8,64300,"WO",101,30,3,0,5,23,13,2,8,5,0.297,118,6,0,2
2020,8,78513,"LT",92,27,6,1,3,18,5,2,9,3,0.293,101,1,1,2
2020,8,50923,"NC",58,17,2,0,2,11,8,1,18,1,0.293,68,2,1,1
2020,8,68525,"LT",82,24,2,0,2,9,13,0,19,2,0.293,97,0,0,2
2020,8,63920,"NC",24,7,0,0,0,2,4,0,4,1,0.292,28,0,0,0
2020,8,69737,"HH",52,15,2,2,2,11,4,2,16,2,0.288,59,0,0,1
2020,8,74206,"OB",80,23,3,0,1,6,11,1,10,4,0.288,92,0,0,0
2020,8,50848,"SK",14,4,0,0,2,4,1,1,3,0,0.286,16,0,0,0
2020,8,69860,"SK",14,4,0,0,2,4,1,1,3,0,0.286,NA,NA,NA,NA
2020,8,78217,"LG",7,2,1,0,0,2,1,0,2,0,0.286,8,2,0,0
2020,8,77243,"KT",7,2,0,0,0,1,1,1,2,0,0.286,9,0,0,0
2020,8,66606,"HT",74,21,3,0,1,4,4,1,8,0,0.284,81,5,0,2
2020,8,64868,"KT",67,19,4,0,0,3,10,0,17,1,0.284,77,0,0,0
2020,8,62925,"NC",39,11,2,0,2,6,1,0,3,0,0.282,42,0,1,2
2020,8,65399,"WO",75,21,5,0,2,11,6,1,16,2,0.28,82,0,0,0
2020,8,50458,"SS",75,21,3,0,1,2,8,2,9,0,0.28,85,8,0,0
2020,8,50854,"SK",86,24,5,2,0,5,12,2,11,0,0.279,103,1,1,3
2020,8,78629,"HT",86,24,2,0,4,24,9,2,30,0,0.279,98,0,0,1
2020,8,69418,"SS",54,15,4,0,0,5,0,1,7,2,0.278,56,0,3,1
2020,8,63704,"HH",72,20,3,1,0,6,14,1,14,1,0.278,88,2,2,1
2020,8,78288,"HH",54,15,2,0,1,5,2,5,7,1,0.278,62,0,0,1
2020,8,65506,"LT",18,5,1,0,0,0,3,0,8,0,0.278,22,3,0,1
2020,8,78224,"OB",76,21,3,0,5,14,16,0,21,3,0.276,92,3,0,0
2020,8,62802,"KT",40,11,1,0,1,3,4,1,12,0,0.275,46,2,0,1
2020,8,50600,"HT",40,11,1,0,0,6,0,0,7,0,0.275,41,0,1,1
2020,8,77248,"OB",11,3,0,0,0,2,1,0,5,0,0.273,13,3,1,1
2020,8,64704,"HH",11,3,0,1,0,1,0,0,4,0,0.273,11,0,0,0
2020,8,62556,"LT",22,6,0,0,1,6,4,0,2,1,0.273,28,1,0,2
2020,8,64213,"OB",37,10,0,1,0,7,0,0,7,2,0.27,38,0,0,1
2020,8,50165,"LG",89,24,1,1,10,18,11,0,31,2,0.27,100,1,0,0
2020,8,64004,"KT",30,8,1,0,1,6,6,0,9,0,0.267,36,2,1,0
2020,8,61208,"HH",15,4,0,1,0,1,2,0,1,0,0.267,18,0,1,1
2020,8,74339,"KT",79,21,4,0,2,10,10,0,9,5,0.266,90,0,0,1
2020,8,62558,"LT",38,10,1,0,2,9,10,0,9,0,0.263,50,1,1,2
2020,8,77463,"SK",46,12,1,0,2,5,7,0,10,1,0.261,53,0,0,0
2020,8,78756,"HH",23,6,1,0,0,1,3,0,2,0,0.261,27,0,0,1
2020,8,71564,"LT",90,23,4,0,3,19,3,1,13,4,0.256,97,0,0,3
2020,8,65586,"WO",67,17,3,2,2,7,7,1,12,2,0.254,77,2,0,2
2020,8,66203,"OB",8,2,0,0,0,1,2,0,1,0,0.25,11,0,0,1
2020,8,75847,"SK",76,19,3,0,6,23,16,3,18,1,0.25,98,2,1,3
2020,8,77564,"LG",52,13,3,0,0,7,2,1,16,3,0.25,57,0,0,2
2020,8,64153,"LG",12,3,0,0,0,1,0,0,2,0,0.25,12,0,0,0
2020,8,79109,"LG",96,24,8,2,1,10,7,0,21,1,0.25,104,1,2,1
2020,8,79150,"LG",68,17,1,0,0,10,9,0,15,1,0.25,78,1,0,1
2020,8,62931,"NC",72,18,3,1,4,19,9,0,16,2,0.25,81,0,0,0
2020,8,66657,"HT",4,1,0,0,0,1,1,0,1,0,0.25,5,0,0,0
2020,8,79402,"SS",32,8,1,0,0,3,1,2,3,0,0.25,35,0,0,0
2020,8,76313,"KT",86,21,9,1,1,14,13,1,16,2,0.244,100,3,2,0
2020,8,75125,"WO",37,9,1,0,3,8,10,2,14,1,0.243,51,0,0,2
2020,8,61102,"LG",74,18,3,0,6,16,7,1,20,3,0.243,82,0,0,0
2020,8,63257,"OB",29,7,3,0,1,7,5,0,5,1,0.241,36,0,0,2
2020,8,63722,"HT",29,7,0,0,2,5,8,0,8,0,0.241,38,0,0,1
2020,8,62404,"SS",87,21,1,0,1,13,13,1,19,0,0.241,102,3,0,1
2020,8,79240,"OB",63,15,2,0,1,5,5,0,5,2,0.238,70,1,0,2
2020,8,66354,"WO",21,5,1,0,0,2,6,0,6,0,0.238,30,0,0,3
2020,8,61743,"SK",21,5,1,0,0,2,0,0,5,0,0.238,21,0,0,0
2020,8,69636,"HT",21,5,0,0,2,7,0,2,9,0,0.238,23,0,0,0
2020,8,64166,"KT",76,18,4,0,2,8,18,0,20,3,0.237,94,3,3,0
2020,8,62700,"HH",72,17,2,0,2,12,3,1,21,1,0.236,78,0,0,2
2020,8,62895,"SK",68,16,2,0,3,5,14,3,17,2,0.235,85,1,0,0
2020,8,62934,"NC",17,4,2,0,0,1,2,1,4,0,0.235,20,1,1,0
2020,8,64560,"HT",17,4,2,0,0,1,2,0,3,1,0.235,19,0,0,0
2020,8,64468,"SS",64,15,2,0,1,5,3,0,13,1,0.234,69,1,1,2
2020,8,75566,"SS",60,14,2,0,0,4,5,0,11,1,0.233,65,0,0,0
2020,8,63634,"KT",13,3,0,0,1,2,3,1,3,0,0.231,17,0,0,0
2020,8,63636,"HT",13,3,0,0,0,0,0,0,5,0,0.231,13,0,0,0
2020,8,69442,"SS",13,3,2,0,0,5,1,0,5,0,0.231,17,0,0,3
2020,8,50704,"HH",26,6,1,0,0,2,2,0,10,0,0.231,28,0,0,0
2020,8,64504,"LT",13,3,1,0,0,3,0,0,3,0,0.231,13,0,0,0
2020,8,78603,"HT",31,7,1,0,0,1,3,0,6,0,0.226,34,0,0,0
2020,8,76753,"HH",31,7,1,0,2,7,3,0,4,5,0.226,35,0,0,1
2020,8,78168,"WO",81,18,4,0,0,7,20,0,6,2,0.222,105,4,2,4
2020,8,74729,"HH",45,10,1,0,1,4,4,2,12,2,0.222,52,0,0,1
2020,8,74465,"NC",50,11,1,0,0,7,15,4,10,1,0.22,69,0,1,0
2020,8,79608,"LT",73,16,4,0,0,5,7,1,8,1,0.219,81,3,0,0
2020,8,50730,"HH",55,12,3,0,1,8,7,2,17,0,0.218,64,0,0,0
2020,8,76249,"LT",51,11,0,0,0,6,3,2,13,0,0.216,57,0,1,1
2020,8,61700,"HH",42,9,1,0,1,6,7,1,16,0,0.214,53,0,1,3
2020,8,72133,"LG",24,5,0,0,0,2,1,0,6,1,0.208,26,0,0,1
2020,8,62864,"HT",58,12,1,0,0,4,7,0,12,2,0.207,67,0,0,2
2020,8,67025,"KT",97,20,3,1,7,23,6,1,27,3,0.206,106,0,1,2
2020,8,63963,"NC",44,9,2,0,1,4,7,2,10,0,0.205,55,0,0,2
2020,8,64646,"HT",79,16,2,0,0,8,6,0,17,0,0.203,88,5,0,3
2020,8,50202,"OB",5,1,0,0,0,0,0,0,0,0,0.2,5,0,0,0
2020,8,62356,"WO",5,1,0,0,0,1,0,1,0,0,0.2,7,0,0,1
2020,8,76869,"SK",10,2,0,0,0,0,0,0,2,0,0.2,10,0,0,0
2020,8,65207,"LG",5,1,0,0,0,0,1,0,1,1,0.2,6,2,1,0
2020,8,78122,"NC",10,2,0,0,0,2,0,0,1,0,0.2,10,0,0,0
2020,8,60288,"SS",5,1,0,0,0,0,0,1,2,0,0.2,6,0,0,0
2020,8,73306,"NC",51,10,4,0,0,3,6,1,13,3,0.196,59,1,0,1
2020,8,64006,"KT",67,13,1,1,1,6,8,1,14,2,0.194,80,3,1,4
2020,8,64115,"LG",31,6,1,0,1,4,4,0,4,1,0.194,37,0,0,2
2020,8,64266,"SS",26,5,1,0,0,3,2,0,5,0,0.192,28,0,0,0
2020,8,68743,"HH",26,5,0,0,0,0,4,1,11,0,0.192,32,0,0,1
2020,8,79365,"WO",37,7,1,0,0,2,4,1,9,2,0.189,42,0,0,0
2020,8,71184,"LG",16,3,0,0,0,1,1,0,3,0,0.188,18,0,0,1
2020,8,62265,"HT",86,16,5,0,2,19,14,2,20,2,0.186,103,0,0,1
2020,8,64407,"SS",27,5,1,0,0,1,1,2,6,0,0.185,30,0,0,0
2020,8,67207,"OB",33,6,1,0,0,1,5,1,10,2,0.182,40,7,0,1
2020,8,71842,"OB",11,2,1,0,0,2,1,0,3,0,0.182,13,0,0,1
2020,8,65653,"HT",22,4,1,0,1,5,3,0,10,1,0.182,25,0,0,0
2020,8,50469,"SS",22,4,0,0,1,1,3,0,6,1,0.182,25,0,0,0
2020,8,60343,"HH",11,2,0,0,0,1,1,1,4,0,0.182,15,0,0,2
2020,8,61566,"LT",11,2,2,0,0,0,2,0,4,1,0.182,13,0,0,0
2020,8,75808,"LG",6,1,0,0,0,1,2,0,0,0,0.167,8,0,0,0
2020,8,68912,"NC",18,3,0,0,0,0,0,0,5,0,0.167,18,0,0,0
2020,8,64906,"KT",12,2,0,0,0,0,1,0,4,0,0.167,15,0,0,2
2020,8,62244,"OB",38,6,1,0,1,3,5,2,4,1,0.158,45,1,0,0
2020,8,73113,"KT",32,5,1,0,1,4,5,0,14,0,0.156,37,0,0,0
2020,8,66614,"HT",41,6,0,0,1,1,3,1,10,0,0.146,47,0,1,2
2020,8,66409,"SS",42,6,2,0,2,4,1,0,12,0,0.143,43,1,0,0
2020,8,71752,"HH",32,4,0,0,0,4,1,0,5,1,0.125,34,0,0,1
2020,8,73136,"HH",16,2,0,0,2,4,3,1,3,0,0.125,20,0,0,0
2020,8,68868,"SK",26,3,0,0,0,1,2,0,7,1,0.115,31,0,0,3
2020,8,66928,"NC",26,3,3,0,0,3,1,1,9,2,0.115,28,0,0,0
2020,8,78643,"HT",9,1,0,0,0,0,1,0,3,0,0.111,10,0,0,0
2020,8,64012,"KT",10,1,0,0,0,0,2,0,3,0,0.1,12,0,0,0
2020,8,69766,"HH",10,1,0,0,0,0,2,0,6,0,0.1,12,0,0,0
2020,8,76812,"SK",31,3,1,0,1,1,6,1,4,2,0.097,40,0,0,2
2020,8,68518,"LT",22,2,1,0,0,0,3,1,3,0,0.091,27,0,0,1
2020,8,50707,"HH",17,1,0,0,0,0,0,0,4,0,0.059,17,0,0,0
2020,8,68200,"OB",0,0,0,0,0,0,0,0,0,0,0,0,0,0,0
2020,8,50204,"OB",1,0,0,0,0,0,0,0,1,0,0,1,0,0,0
2020,8,50208,"OB",2,0,0,0,0,0,0,0,1,0,0,2,0,0,0
2020,8,68211,"OB",0,0,0,0,0,0,0,0,0,0,0,0,0,0,0
2020,8,50360,"WO",0,0,0,0,0,0,0,0,0,0,0,0,0,0,0
2020,8,76430,"WO",0,0,0,0,0,0,0,0,0,0,0,0,0,0,0
2020,8,68346,"WO",0,0,0,0,0,0,1,0,0,0,0,1,0,0,0
2020,8,65304,"WO",0,0,0,0,0,0,0,0,0,0,0,0,0,0,0
2020,8,67391,"WO",0,0,0,0,0,0,0,0,0,0,0,0,0,0,0
2020,8,69306,"WO",1,0,0,0,0,0,1,0,0,0,0,2,0,0,0
2020,8,50357,"WO",2,0,0,0,0,0,0,0,2,0,0,2,0,0,0
2020,8,65362,"WO",6,0,0,0,0,0,0,0,1,0,0,6,0,0,0
2020,8,64346,"WO",1,0,0,0,0,0,0,0,1,0,0,1,0,0,0
2020,8,63348,"WO",0,0,0,0,0,0,0,0,0,0,0,0,0,0,0
2020,8,69360,"WO",0,0,0,0,0,0,0,0,0,0,0,0,0,0,0
2020,8,63894,"SK",0,0,0,0,0,0,0,0,0,0,0,0,0,0,0
2020,8,79847,"SK",0,0,0,0,0,0,0,0,0,0,0,0,0,0,0
2020,8,64893,"SK",0,0,0,0,0,0,0,0,0,0,0,0,0,0,0
2020,8,64896,"SK",0,0,0,0,0,0,0,0,0,0,0,0,0,0,0
2020,8,61895,"SK",0,0,0,0,0,0,0,0,0,0,0,0,0,0,0
2020,8,50859,"SK",0,0,0,0,0,0,0,0,0,0,0,0,0,0,0
2020,8,74215,"SK",4,0,0,0,0,0,0,0,2,0,0,4,0,0,0
2020,8,65869,"SK",2,0,0,0,0,0,0,0,1,0,0,2,0,0,0
2020,8,63450,"SK",3,0,0,0,0,0,0,0,0,0,0,3,0,1,0
2020,8,50802,"SK",5,0,0,0,0,0,0,1,0,0,0,6,0,0,0
2020,8,66113,"LG",11,0,0,0,0,0,0,1,0,1,0,12,0,0,0
2020,8,64100,"LG",0,0,0,0,0,0,0,0,0,0,0,0,0,0,0
2020,8,73801,"LG",0,0,0,0,0,0,0,0,0,0,0,0,0,0,0
2020,8,68106,"LG",2,0,0,0,0,0,0,0,2,0,0,2,0,0,0
2020,8,69134,"LG",0,0,0,0,0,0,0,0,0,0,0,0,0,0,0
2020,8,79140,"LG",0,0,0,0,0,0,0,0,0,0,0,0,0,0,0
2020,8,62146,"LG",0,0,0,0,0,0,0,0,0,0,0,0,0,0,0
2020,8,63913,"LG",0,0,0,0,0,0,0,0,0,0,0,0,0,0,0
2020,8,64101,"LG",0,0,0,0,0,0,0,0,0,0,0,0,0,0,0
2020,8,61295,"NC",0,0,0,0,0,0,0,0,0,0,0,0,0,0,0
2020,8,60339,"NC",0,0,0,0,0,0,0,0,0,0,0,0,0,0,0
2020,8,66917,"NC",1,0,0,0,0,0,0,0,1,0,0,1,0,0,0
2020,8,63914,"NC",0,0,0,0,0,0,0,0,0,0,0,0,0,0,0
2020,8,63903,"NC",3,0,0,0,0,0,0,0,0,0,0,3,0,0,0
2020,8,60566,"NC",9,0,0,0,0,0,0,0,1,0,0,9,0,1,0
2020,8,68043,"KT",0,0,0,0,0,0,0,0,0,0,0,0,0,0,0
2020,8,64014,"KT",0,0,0,0,0,0,0,0,0,0,0,0,0,0,0
2020,8,63448,"KT",3,0,0,0,0,0,0,0,2,0,0,4,0,0,1
2020,8,65040,"KT",1,0,0,0,0,0,0,0,0,0,0,1,0,0,0
2020,8,64724,"KT",0,0,0,0,0,0,0,0,0,0,0,NA,NA,NA,NA
2020,8,65060,"KT",0,0,0,0,0,0,0,0,0,0,0,0,0,0,0
2020,8,50054,"KT",12,0,0,0,0,0,1,1,3,0,0,14,0,0,0
2020,8,67005,"KT",1,0,0,0,0,0,0,0,1,0,0,1,0,0,0
2020,8,50657,"HT",1,0,0,0,0,0,1,0,1,0,0,2,0,0,0
2020,8,62893,"HT",2,0,0,0,0,0,0,0,1,0,0,2,0,0,0
2020,8,65464,"HT",2,0,0,0,0,0,0,0,1,0,0,2,0,0,0
2020,8,64793,"SS",1,0,0,0,0,0,0,0,0,0,0,1,0,0,0
2020,8,64499,"SS",3,0,0,0,0,1,0,0,2,0,0,4,0,0,1
2020,8,62409,"SS",2,0,0,0,0,0,2,0,2,0,0,4,0,0,0
2020,8,69403,"SS",6,0,0,0,0,0,1,0,2,0,0,7,0,0,0
2020,8,69453,"SS",15,0,0,0,0,0,5,0,3,0,0,21,0,0,1
2020,8,68701,"HH",1,0,0,0,0,0,0,0,1,0,0,1,0,0,0
2020,8,50709,"HH",3,0,0,0,0,0,0,0,2,0,0,3,0,0,0
2020,8,64209,"HH",7,0,0,0,0,0,1,1,4,0,0,9,0,0,0
2020,8,65522,"LT",3,0,0,0,0,0,1,0,2,0,0,4,0,0,0
2020,8,61204,"LT",5,0,0,0,0,0,1,0,0,1,0,6,2,0,0
2020,9,65304,"WO",2,2,0,0,0,0,0,0,0,0,1,3,0,0,0
2020,9,64012,"KT",7,4,1,0,1,2,2,0,2,0,0.571,10,0,0,0
2020,9,68204,"OB",4,2,1,0,0,3,0,0,1,0,0.5,4,0,0,0
2020,9,66203,"OB",6,3,1,0,0,0,0,0,3,0,0.5,6,0,0,0
2020,9,50293,"OB",2,1,0,0,0,0,0,0,0,0,0.5,2,0,0,0
2020,9,64213,"OB",6,3,0,0,0,2,2,0,1,0,0.5,8,0,0,0
2020,9,62356,"WO",2,1,0,0,0,0,0,0,1,0,0.5,3,0,0,0
2020,9,79192,"LG",12,6,0,0,1,6,0,1,2,0,0.5,22,0,0,0
2020,9,64469,"SS",2,1,0,0,0,0,0,0,0,0,0.5,3,0,0,0
2020,9,60343,"HH",25,12,3,0,1,1,1,1,3,1,0.48,28,0,2,0
2020,9,66606,"HT",63,28,5,1,0,7,6,3,7,0,0.444,82,2,1,0
2020,9,62907,"NC",79,33,6,2,0,14,3,5,12,1,0.418,98,5,1,2
2020,9,66838,"SS",60,25,3,0,5,18,2,0,7,2,0.417,71,0,1,1
2020,9,64007,"KT",17,7,0,1,2,5,2,0,3,0,0.412,21,0,0,0
2020,9,64610,"SS",32,13,0,0,0,3,6,0,7,1,0.406,48,0,0,3
2020,9,76232,"NC",75,30,3,1,7,24,6,1,6,0,0.4,90,1,2,1
2020,9,78603,"HT",23,9,1,0,0,3,2,0,3,3,0.391,34,0,0,2
2020,9,76290,"LG",55,21,4,0,1,20,9,0,10,0,0.382,74,0,0,2
2020,9,63257,"OB",8,3,0,0,0,3,4,0,0,0,0.375,13,0,0,0
2020,9,77564,"LG",8,3,0,0,1,2,0,0,2,0,0.375,15,1,0,0
2020,9,76313,"KT",72,27,3,2,3,15,9,1,16,1,0.375,92,4,1,1
2020,9,64407,"SS",8,3,0,0,0,0,0,0,1,0,0.375,8,0,0,0
2020,9,67025,"KT",67,25,3,0,5,16,12,1,14,3,0.373,91,0,0,2
2020,9,66614,"HT",19,7,0,0,1,5,0,0,4,0,0.368,22,0,0,1
2020,9,66928,"NC",11,4,1,0,0,0,0,1,4,0,0.364,13,1,0,0
2020,9,79608,"LT",55,20,4,0,2,15,5,2,5,2,0.364,67,0,0,1
2020,9,79402,"SS",64,23,0,1,1,12,9,0,8,0,0.359,82,2,0,0
2020,9,72443,"HT",68,24,8,0,5,20,7,0,13,1,0.353,84,0,0,1
2020,9,77532,"LT",63,22,4,0,0,6,1,0,4,3,0.349,74,1,0,0
2020,9,75566,"SS",58,20,2,0,3,9,1,0,12,0,0.345,69,0,0,2
2020,9,62404,"SS",71,24,5,1,3,17,7,0,13,2,0.338,88,2,0,1
2020,9,67207,"OB",6,2,0,0,0,1,2,1,3,0,0.333,9,0,2,0
2020,9,78217,"LG",3,1,0,0,0,1,1,0,1,0,0.333,5,0,0,1
2020,9,66113,"LG",9,3,1,0,0,2,1,0,3,0,0.333,10,0,0,0
2020,9,72133,"LG",42,14,3,0,2,6,4,0,4,0,0.333,46,0,0,0
2020,9,64100,"LG",6,2,0,0,0,0,0,0,2,1,0.333,7,0,0,1
2020,9,71184,"LG",6,2,0,0,0,0,0,0,0,0,0.333,6,0,0,0
2020,9,73113,"KT",54,18,5,0,1,8,5,4,18,1,0.333,72,0,0,1
2020,9,62802,"KT",15,5,1,0,0,2,1,1,8,0,0.333,19,1,0,1
2020,9,64984,"HT",51,17,1,0,0,7,1,1,5,1,0.333,61,0,1,0
2020,9,60288,"SS",12,4,0,0,0,0,0,0,2,0,0.333,13,0,0,1
2020,9,50707,"HH",30,10,0,0,0,3,3,0,8,0,0.333,39,0,0,2
2020,9,65506,"LT",33,11,0,0,1,4,5,1,8,0,0.333,39,4,0,0
2020,9,50923,"NC",70,23,4,1,4,16,8,2,18,1,0.329,89,4,0,2
2020,9,68050,"KT",70,23,3,0,2,14,10,2,12,0,0.329,91,1,0,0
2020,9,78168,"WO",58,19,7,0,0,2,12,1,6,0,0.328,80,3,1,2
2020,9,68525,"LT",68,22,4,0,0,7,12,0,15,2,0.324,89,0,0,0
2020,9,69209,"OB",72,23,3,0,2,8,5,1,7,3,0.319,86,0,0,0
2020,9,66108,"LG",70,22,4,1,0,5,11,0,12,0,0.314,92,3,1,2
2020,9,78629,"HT",51,16,3,0,2,11,13,4,15,1,0.314,77,0,0,1
2020,9,64300,"WO",68,21,3,0,2,12,8,1,12,1,0.309,86,3,0,0
2020,9,65207,"LG",13,4,1,0,0,1,1,0,2,0,0.308,15,0,0,1
2020,9,50704,"HH",26,8,0,0,1,6,1,1,9,0,0.308,35,0,1,1
2020,9,78513,"LT",72,22,4,0,3,16,9,2,13,1,0.306,93,0,1,1
2020,9,74206,"OB",53,16,0,0,0,2,4,0,11,0,0.302,65,2,0,0
2020,9,60558,"SK",60,18,3,0,2,7,2,1,8,1,0.3,68,5,3,1
2020,9,61186,"LG",47,14,4,1,2,7,4,0,9,4,0.298,55,1,0,0
2020,9,69652,"HT",64,19,7,0,5,20,12,1,9,1,0.297,87,0,0,2
2020,9,67341,"WO",71,21,4,0,1,17,13,0,11,0,0.296,95,3,0,2
2020,9,62700,"HH",62,18,2,0,0,5,6,1,17,1,0.29,79,1,0,1
2020,9,79215,"OB",69,20,9,0,0,11,3,0,8,2,0.29,81,0,0,1
2020,9,67872,"SK",69,20,1,0,7,18,8,2,14,0,0.29,87,0,1,0
2020,9,65399,"WO",59,17,2,0,0,9,9,0,14,0,0.288,70,0,0,1
2020,9,79109,"LG",66,19,4,0,1,7,9,1,18,0,0.288,86,5,0,1
2020,9,50854,"SK",63,18,2,0,0,4,3,0,13,1,0.286,75,4,0,3
2020,9,62947,"NC",42,12,1,0,2,9,4,0,13,0,0.286,47,2,1,0
2020,9,62864,"HT",42,12,2,0,2,6,2,0,4,1,0.286,49,0,0,2
2020,9,74163,"HH",42,12,3,1,0,2,4,0,3,0,0.286,46,0,0,0
2020,9,78288,"HH",35,10,0,0,0,4,2,2,5,0,0.286,48,0,0,2
2020,9,76267,"OB",60,17,2,0,1,6,4,1,8,0,0.283,76,0,0,2
2020,9,62884,"SK",39,11,1,0,2,7,8,0,4,0,0.282,47,0,0,0
2020,9,76802,"SK",54,15,3,0,1,8,3,0,3,3,0.278,65,0,0,2
2020,9,61743,"SK",11,3,0,0,0,0,1,0,2,1,0.273,12,0,1,0
2020,9,63963,"NC",44,12,3,0,0,6,2,1,8,0,0.273,57,1,0,1
2020,9,76753,"HH",33,9,0,0,2,11,1,1,9,0,0.273,43,0,0,0
2020,9,61208,"HH",33,9,2,0,0,1,3,2,10,1,0.273,43,1,1,3
2020,9,76100,"LT",59,16,2,0,4,15,11,0,16,3,0.271,78,0,0,0
2020,9,71564,"LT",74,20,4,0,1,11,7,0,11,4,0.27,91,0,0,1
2020,9,67893,"SK",15,4,1,0,0,2,2,0,3,0,0.267,21,0,0,0
2020,9,64266,"SS",15,4,2,0,0,1,2,0,6,1,0.267,17,0,0,0
2020,9,62025,"NC",19,5,0,0,2,4,2,0,4,2,0.263,27,0,0,1
2020,9,67304,"WO",73,19,4,1,0,6,3,1,13,1,0.26,86,1,3,0
2020,9,76249,"LT",27,7,0,0,0,4,4,0,5,2,0.259,32,1,0,1
2020,9,65898,"WO",62,16,3,0,4,12,8,1,21,3,0.258,81,1,0,1
2020,9,78135,"LG",35,9,4,0,1,3,2,1,10,1,0.257,44,0,0,1
2020,9,74465,"NC",51,13,4,0,0,6,7,2,13,3,0.255,69,0,0,1
2020,9,79231,"OB",59,15,3,1,0,2,7,0,9,2,0.254,76,2,0,2
2020,9,64166,"KT",67,17,1,0,3,13,9,0,19,1,0.254,90,2,2,3
2020,9,69825,"SK",4,1,1,0,0,0,0,0,0,1,0.25,5,0,0,0
2020,9,79150,"LG",48,12,2,0,0,0,2,0,8,2,0.25,59,2,1,2
2020,9,62925,"NC",60,15,2,0,0,5,3,1,6,2,0.25,64,3,0,0
2020,9,78122,"NC",8,2,0,0,0,0,1,0,0,1,0.25,13,0,0,1
2020,9,64499,"SS",4,1,0,0,0,1,2,0,1,0,0.25,6,0,0,0
2020,9,62415,"SS",60,15,3,1,1,5,11,2,5,0,0.25,85,5,1,3
2020,9,64209,"HH",4,1,0,0,0,0,0,0,2,0,0.25,4,0,0,0
2020,9,74729,"HH",24,6,0,0,1,3,2,2,8,0,0.25,34,0,0,0
2020,9,65514,"LT",4,1,0,0,0,0,3,0,1,0,0.25,7,0,0,0
2020,9,64504,"LT",12,3,1,0,0,1,3,0,3,0,0.25,19,1,0,0
2020,9,78548,"KT",57,14,2,0,1,8,2,0,11,3,0.246,70,0,0,2
2020,9,61404,"SS",53,13,1,0,1,10,4,0,5,3,0.245,61,2,0,1
2020,9,64646,"HT",49,12,3,0,0,5,8,0,6,1,0.245,67,0,3,5
2020,9,60523,"LT",49,12,1,0,1,5,9,1,7,1,0.245,70,0,0,2
2020,9,62244,"OB",45,11,2,0,0,7,7,2,9,1,0.244,62,0,0,3
2020,9,76849,"NC",70,17,3,0,1,5,12,1,13,2,0.243,94,3,1,3
2020,9,74540,"SS",42,10,1,0,1,3,5,0,5,4,0.238,50,0,0,0
2020,9,64868,"KT",47,11,2,0,0,3,6,0,13,1,0.234,60,2,1,0
2020,9,74339,"KT",56,13,0,0,1,9,5,0,6,0,0.232,68,0,0,0
2020,9,64657,"WO",39,9,1,0,2,6,8,1,11,0,0.231,58,1,0,1
2020,9,64153,"LG",48,11,2,0,3,7,4,1,12,0,0.229,54,0,0,1
2020,9,79240,"OB",57,13,3,0,1,6,5,0,2,3,0.228,71,1,1,1
2020,9,61353,"SK",66,15,2,0,1,1,3,0,12,0,0.227,70,0,1,0
2020,9,50469,"SS",66,15,3,0,3,12,7,0,18,0,0.227,83,1,0,2
2020,9,50165,"LG",67,15,4,1,5,16,11,0,28,1,0.224,87,1,0,0
2020,9,50506,"LT",67,15,3,0,1,7,9,1,9,5,0.224,86,2,0,1
2020,9,65610,"HT",9,2,0,0,0,0,2,0,3,0,0.222,15,0,0,0
2020,9,69442,"SS",9,2,0,0,0,2,0,0,3,0,0.222,12,0,0,0
2020,9,73136,"HH",45,10,2,0,2,7,2,1,17,1,0.222,48,0,0,0
2020,9,61204,"LT",9,2,1,0,0,0,0,0,3,0,0.222,9,0,2,0
2020,9,79365,"WO",37,8,2,0,0,3,8,2,13,2,0.216,47,0,0,0
2020,9,63634,"KT",14,3,1,0,0,1,0,1,5,0,0.214,16,0,0,1
2020,9,75334,"OB",61,13,3,0,3,12,11,0,16,5,0.213,79,1,0,1
2020,9,64006,"KT",61,13,3,0,0,6,4,0,16,0,0.213,78,6,2,4
2020,9,50350,"WO",66,14,3,0,0,6,6,1,9,1,0.212,84,2,0,2
2020,9,75151,"SK",19,4,2,0,0,3,0,0,5,0,0.211,24,0,0,1
2020,9,62934,"NC",29,6,0,0,2,2,5,0,6,0,0.207,43,2,1,3
2020,9,50458,"SS",29,6,0,0,0,1,6,0,9,0,0.207,36,2,2,1
2020,9,50600,"HT",34,7,2,0,0,1,1,0,5,1,0.206,39,0,1,3
2020,9,69737,"HH",68,14,3,0,1,8,9,0,29,2,0.206,86,0,1,0
2020,9,62265,"HT",59,12,4,0,1,9,6,1,11,2,0.203,70,0,0,0
2020,9,62931,"NC",64,13,2,0,1,6,8,2,21,0,0.203,85,0,2,2
2020,9,79456,"WO",30,6,1,0,0,3,2,1,2,2,0.2,37,0,0,0
2020,9,61700,"HH",40,8,1,0,2,7,7,2,15,1,0.2,55,0,0,2
2020,9,65586,"WO",52,10,1,0,2,9,10,0,21,0,0.192,69,2,0,0
2020,9,61102,"LG",53,10,3,0,0,5,3,1,10,3,0.189,64,0,0,0
2020,9,78224,"OB",64,12,2,0,4,13,9,1,15,1,0.188,83,0,0,0
2020,9,66965,"NC",11,2,0,0,0,1,2,0,3,0,0.182,13,0,0,0
2020,9,64906,"KT",11,2,0,0,0,1,1,0,1,0,0.182,12,0,0,0
2020,9,61566,"LT",11,2,1,0,0,1,1,0,3,0,0.182,12,0,0,0
2020,9,50730,"HH",67,12,1,0,1,8,7,1,29,1,0.179,86,0,1,2
2020,9,50802,"SK",17,3,1,0,1,4,6,1,1,0,0.176,24,0,0,0
2020,9,64704,"HH",17,3,0,0,0,0,0,0,3,0,0.176,20,0,0,0
2020,9,71837,"SK",29,5,0,0,0,2,3,1,7,2,0.172,39,0,0,0
2020,9,69100,"LG",12,2,0,0,0,1,0,0,2,0,0.167,12,0,0,0
2020,9,75808,"LG",6,1,0,0,0,1,1,0,1,0,0.167,8,0,0,1
2020,9,62558,"LT",42,7,2,0,0,8,10,1,6,2,0.167,63,1,1,2
2020,9,63704,"HH",61,10,1,0,0,6,4,0,13,1,0.164,74,4,0,1
2020,9,78756,"HH",25,4,0,0,0,2,3,2,6,1,0.16,34,0,0,3
2020,9,68305,"WO",19,3,1,0,0,6,0,0,7,1,0.158,21,0,0,1
2020,9,76812,"SK",38,6,0,0,0,3,7,2,4,3,0.158,54,0,0,2
2020,9,62895,"SK",19,3,0,0,2,5,5,0,4,0,0.158,24,0,0,0
2020,9,64468,"SS",32,5,2,0,0,3,1,0,7,1,0.156,34,1,0,1
2020,9,68912,"NC",13,2,0,0,0,0,2,0,6,0,0.154,19,0,0,0
2020,9,75847,"SK",61,9,3,0,2,7,4,0,18,3,0.148,73,0,0,1
2020,9,77248,"OB",7,1,0,0,0,0,2,0,3,0,0.143,12,0,0,0
2020,9,77463,"SK",21,3,1,0,0,2,5,0,4,1,0.143,31,0,0,0
2020,9,64004,"KT",21,3,0,0,0,0,2,0,4,1,0.143,24,0,0,0
2020,9,63920,"NC",15,2,1,0,0,0,1,0,1,0,0.133,16,0,0,0
2020,9,63440,"SK",17,2,0,0,0,0,2,0,2,1,0.118,21,0,0,0
2020,9,62556,"LT",17,2,0,0,0,1,4,0,5,1,0.118,21,0,0,0
2020,9,68868,"SK",10,1,0,0,0,0,1,0,1,0,0.1,11,0,0,0
2020,9,63722,"HT",23,2,1,0,0,2,1,0,7,0,0.087,29,0,0,1
2020,9,66354,"WO",12,1,1,0,0,1,2,0,6,0,0.083,19,0,0,0
2020,9,68518,"LT",12,1,0,0,0,0,0,0,3,0,0.083,12,0,0,0
2020,9,66409,"SS",15,1,0,0,0,0,2,0,6,0,0.067,18,0,0,1
2020,9,79290,"OB",6,0,0,0,0,0,0,0,1,0,0,6,0,0,0
2020,9,50203,"OB",0,0,0,0,0,0,0,0,0,0,0,0,0,0,0
2020,9,64086,"OB",1,0,0,0,0,0,2,0,1,0,0,3,0,0,0
2020,9,68211,"OB",1,0,0,0,0,0,0,0,1,0,0,1,0,0,0
2020,9,66209,"OB",5,0,0,0,0,0,0,0,2,0,0,5,0,1,0
2020,9,67828,"WO",0,0,0,0,0,0,0,0,0,0,0,0,0,0,0
2020,9,68346,"WO",1,0,0,0,0,0,0,0,0,0,0,1,0,0,0
2020,9,62332,"WO",1,0,0,0,0,0,0,0,0,0,0,2,0,0,0
2020,9,50365,"WO",1,0,0,0,0,0,0,0,0,0,0,1,0,0,0
2020,9,62353,"WO",2,0,0,0,0,0,0,0,0,0,0,2,1,0,0
2020,9,65362,"WO",4,0,0,0,0,0,2,1,3,0,0,7,0,0,0
2020,9,67365,"WO",0,0,0,0,0,0,0,0,0,0,0,0,0,0,0
2020,9,65398,"WO",0,0,0,0,0,0,0,0,0,0,0,0,0,0,0
2020,9,63342,"WO",0,0,0,0,0,0,0,0,0,0,0,0,0,0,0
2020,9,64260,"SK",4,0,0,0,0,0,0,0,0,0,0,4,0,1,0
2020,9,50848,"SK",0,0,0,0,0,0,0,0,0,0,0,0,0,0,0
2020,9,69860,"SK",0,0,0,0,0,0,0,0,0,0,0,NA,NA,NA,NA
2020,9,79847,"SK",0,0,0,0,0,0,0,0,0,0,0,0,0,0,0
2020,9,66052,"SK",4,0,0,0,0,0,1,0,1,0,0,5,0,0,0
2020,9,60841,"SK",0,0,0,0,0,0,0,0,0,0,0,0,0,0,0
2020,9,61895,"SK",0,0,0,0,0,0,0,0,0,0,0,0,0,0,0
2020,9,50859,"SK",0,0,0,0,0,0,0,0,0,0,0,0,0,0,0
2020,9,64890,"SK",1,0,0,0,0,0,0,0,1,0,0,1,0,0,0
2020,9,65869,"SK",0,0,0,0,0,0,0,0,0,0,0,0,0,0,0
2020,9,63450,"SK",3,0,0,0,0,0,0,0,1,0,0,3,0,0,0
2020,9,69804,"SK",2,0,0,0,0,0,0,0,0,0,0,10,1,0,0
2020,9,69104,"LG",0,0,0,0,0,0,0,0,0,0,0,0,0,0,0
2020,9,50150,"LG",0,0,0,0,0,0,0,0,0,0,0,0,1,0,0
2020,9,68106,"LG",6,0,0,0,0,0,1,0,3,0,0,7,0,0,0
2020,9,64115,"LG",3,0,0,0,0,0,0,0,0,1,0,3,0,0,0
2020,9,79140,"LG",0,0,0,0,0,0,0,0,0,0,0,0,0,0,0
2020,9,60339,"NC",0,0,0,0,0,0,0,0,0,0,0,0,0,0,0
2020,9,78813,"NC",1,0,0,0,0,0,0,0,0,0,0,1,0,0,0
2020,9,76118,"NC",0,0,0,0,0,0,0,0,0,0,0,0,0,0,0
2020,9,60566,"NC",0,0,0,0,0,0,0,0,0,0,0,2,0,0,0
2020,9,73306,"NC",7,0,0,0,0,0,0,0,5,0,0,8,0,0,1
2020,9,69992,"NC",3,0,0,0,0,0,0,0,3,0,0,3,2,0,0
2020,9,68043,"KT",0,0,0,0,0,0,0,0,0,0,0,0,0,0,0
2020,9,64014,"KT",4,0,0,0,0,0,0,0,2,0,0,4,0,0,0
2020,9,63448,"KT",0,0,0,0,0,0,0,0,0,0,0,0,0,0,0
2020,9,67063,"KT",1,0,0,0,0,0,0,0,0,0,0,1,0,0,0
2020,9,64724,"KT",2,0,0,0,0,0,0,0,1,0,0,NA,NA,NA,NA
2020,9,64041,"KT",0,0,0,0,0,0,0,0,0,0,0,0,0,0,0
2020,9,76757,"KT",0,0,0,0,0,0,0,0,0,0,0,0,0,0,0
2020,9,67008,"KT",0,0,0,0,0,0,0,0,0,0,0,0,0,0,0
2020,9,65057,"KT",0,0,0,0,0,0,0,0,0,0,0,0,0,0,0
2020,9,75340,"KT",0,0,0,0,0,0,0,0,0,0,0,0,0,0,0
2020,9,50054,"KT",4,0,0,0,0,0,0,0,1,0,0,4,0,0,0
2020,9,77243,"KT",4,0,0,0,0,0,1,0,3,0,0,6,0,0,1
2020,9,67005,"KT",10,0,0,0,0,1,3,0,2,0,0,13,0,1,0
2020,9,63636,"HT",0,0,0,0,0,0,0,0,0,0,0,0,0,0,0
2020,9,65653,"HT",5,0,0,0,0,0,1,0,4,0,0,7,0,1,0
2020,9,78643,"HT",1,0,0,0,0,0,2,0,1,0,0,6,0,0,0
2020,9,69636,"HT",7,0,0,0,0,0,1,0,3,0,0,9,0,0,0
2020,9,66657,"HT",8,0,0,0,0,1,0,0,4,1,0,9,0,0,0
2020,9,62893,"HT",0,0,0,0,0,0,1,0,0,0,0,2,0,0,0
2020,9,62908,"HT",2,0,0,0,0,0,2,0,2,0,0,4,0,0,0
2020,9,67449,"SS",1,0,0,0,0,0,0,0,0,0,0,5,0,0,0
2020,9,63435,"SS",4,0,0,0,0,0,0,0,1,0,0,4,0,0,0
2020,9,69418,"SS",0,0,0,0,0,0,0,0,0,0,0,0,0,0,0
2020,9,61457,"SS",0,0,0,0,0,0,0,0,0,0,0,0,0,0,0
2020,9,66707,"HH",7,0,0,0,0,0,0,0,4,0,0,7,0,0,0
2020,9,65522,"LT",0,0,0,0,0,0,0,0,0,0,0,0,0,0,0
