,year_x,month_x,P_ID,T_ID,PA,BABIP,FIP,kwERA,SB_try,SB_succ,GD_rate,H2_rate,H3_rate,HR_rate,BB_rate,HP_rate,KK_rate,BK_rate,AVG,OBP,SLG,OPS,ER_rate,year_y,month_y,stadium_MH,stadium_MS,stadium_JS,stadium_SW,stadium_DJ,stadium_DG,stadium_GJ,stadium_GC,stadium_SJ,stadium_PH,stadium_US,stadium_CJ,stadium_CW,VS_T_ID_HH,VS_T_ID_HT,VS_T_ID_KT,VS_T_ID_LG,VS_T_ID_LT,VS_T_ID_NC,VS_T_ID_OB,VS_T_ID_SK,VS_T_ID_SS,VS_T_ID_WO,HOME,AWAY
0,2020,10,69054,KT,3,0.4222222222222222,4.260690465007046,5.880000000000001,0.01923077,0.0,0.01923077,0.45454545454545503,0.0,0.0,0.12,0.0,0.08,0.0,0.2966490299823633,0.3691851851851851,0.431489498156165,0.8006746833413501,0.5,2020,10,3,0,0,9,0,1,0,0,3,0,0,0,0,0,0,0,3,3,0,3,3,1,3,9,7
1,2020,10,67646,HT,5,0.34065934065934067,10.255602026830605,6.010169491525428,0.02459016,0.8888889000000001,0.03278689,0.11764705882352902,0.0,0.294117647058824,0.18644067796610198,0.0338983050847458,0.135593220338983,0.0,0.30978499761108474,0.4618662693238968,0.6195699952221697,1.0814362645460665,0.5,2020,10,0,0,6,0,0,0,6,1,0,0,0,0,3,3,0,0,3,0,3,3,3,0,1,6,10
2,2020,10,66663,HT,9,0.125,6.206129032258063,5.1000000000000005,0.0,0.0,0.0,0.166666666666667,0.0,0.33333333333333304,0.05,0.025,0.075,0.0,0.16216216216216214,0.22499999999999998,0.3513513513513512,0.5763513513513512,1.0,2020,10,0,0,6,0,0,0,6,1,0,0,0,0,3,3,0,0,3,0,3,3,3,0,1,6,10
3,2020,10,50262,OB,7,0.3,8.689999999999998,8.557894736842105,0.0,0.0,0.0,0.33333333333333304,0.0,0.0,0.368421052631579,0.0,0.10526315789473699,0.0,0.2727272727272726,0.5263157894736842,0.36363636363636337,0.8899521531100476,1.0,2020,10,3,0,6,3,1,0,0,3,0,0,0,0,0,4,3,3,0,0,0,0,3,0,3,6,10
4,2020,10,68341,WO,9,0.3211009174311927,4.487250304538412,3.525000000000001,0.03139717,0.7,0.01726845,0.0769230769230769,0.0,0.153846153846154,0.135416666666667,0.0,0.29166666666666696,0.0,0.3565789429611696,0.4437088777685114,0.5485829891710303,0.9922918669395417,0.5,2020,10,3,0,0,3,3,0,0,7,0,0,0,0,0,3,1,3,0,0,3,3,3,0,0,7,9
5,2020,10,66801,SK,3,0.5,16.890000000000015,7.971428571428576,0.0,0.0,0.0,0.0,0.0,0.2,0.28571428571428603,0.0,0.0714285714285714,0.0,0.5,0.642857142857143,0.8,1.442857142857143,1.0,2020,10,9,0,0,0,0,3,3,0,0,0,0,0,1,0,3,3,0,0,1,3,0,3,3,9,7
6,2020,10,50813,SK,5,0.0,9.69,10.2,0.0,0.0,0.0,0.0,0.0,1.0,0.4,0.0,0.0,0.0,0.0,0.4,0.0,0.4,1.0,2020,10,9,0,0,0,0,3,3,0,0,0,0,0,1,0,3,3,0,0,1,3,0,3,3,9,7
7,2020,10,50109,LG,4,0.35294117647058826,4.44,5.4,0.0,0.0,0.0,0.166666666666667,0.0,0.0,0.05,0.05,0.05,0.0,0.3333333333333334,0.4,0.38888888888888906,0.7888888888888891,1.0,2020,10,0,0,10,3,0,0,0,0,3,0,0,0,0,0,3,3,0,4,3,0,0,3,0,10,6
8,2020,10,60339,NC,34,0.28818897637795277,6.193094254703118,4.399999999999992,0.02150538,0.7777778000000001,0.01911589,0.1875,0.0,0.25,0.12037037037037,0.0185185185185185,0.203703703703704,0.0,0.30556762683145616,0.36240594925634256,0.5920372769859463,0.9544432262422888,0.5,2020,10,0,0,3,0,0,0,0,3,0,0,0,0,10,0,3,0,3,3,0,0,1,3,3,10,6
9,2020,10,63638,HT,16,0.2651685393258427,1.9732625137355677,3.2260869565217383,0.04821429,0.9259258999999999,0.0375,0.04,0.0,0.04,0.0289855072463768,0.0,0.21014492753623198,0.0,0.25333613494942353,0.2621281821635999,0.2938699165413313,0.5559980987049312,0.5,2020,10,0,0,6,0,0,0,6,1,0,0,0,0,3,3,0,0,3,0,3,3,3,0,1,6,10
10,2020,10,61457,SS,17,0.2668918918918919,5.0678722706453865,4.65,0.025000000000000005,0.8000000000000002,0.012500000000000002,0.111111111111111,0.0,0.111111111111111,0.075,0.0625,0.1375,0.0,0.2728980426907139,0.34558475755166934,0.3941860616643644,0.7397708192160337,0.5833333333333334,2020,10,0,0,3,0,3,7,0,0,0,0,0,0,3,3,0,1,3,3,3,0,3,0,0,7,9
11,2020,10,67443,SS,4,0.37142857142857144,9.123235570804052,5.4,0.004854369,1.0,0.004854369,0.0967741935483871,0.0,0.129032258064516,0.15748031496063,0.0236220472440945,0.15748031496063,0.0,0.514124338624339,0.5859246760821567,0.7628941798941803,1.348818855976337,0.5128205,2020,10,0,0,3,0,3,7,0,0,0,0,0,0,3,3,0,1,3,3,3,0,3,0,0,7,9
12,2020,10,72523,LT,13,0.3352165725047081,11.908947198412594,6.323076923076912,0.01960784,0.5882353,0.01614764,0.14285714285714302,0.0,0.28571428571428603,0.179487179487179,0.0512820512820513,0.102564102564103,0.0,0.3589869472043638,0.49770824279298825,0.717973894408728,1.2156821372017164,1.0,2020,10,0,0,1,0,0,3,0,0,9,0,0,0,3,3,0,3,4,0,3,0,0,3,0,9,7
13,2020,10,66557,LT,2,0.3333333333333333,4.163684210526314,5.787096774193547,0.0,0.0,0.0,0.125,0.0,0.0,0.129032258064516,0.0,0.0967741935483871,0.0,0.296296296296296,0.38709677419354804,0.333333333333333,0.7204301075268811,1.0,2020,10,0,0,1,0,0,3,0,0,9,0,0,0,3,3,0,3,4,0,3,0,0,3,0,9,7
14,2020,10,62242,OB,18,0.277882797731569,4.483670410062492,4.986206896551724,0.02411576,0.8000000000000002,0.022508039999999997,0.133333333333333,0.0222222222222222,0.0888888888888889,0.0632183908045977,0.00574712643678161,0.0977011494252874,0.0,0.2698144968655335,0.3031148794637677,0.38973205102799274,0.6928469304917604,0.8222222333333334,2020,10,3,0,6,3,1,0,0,3,0,0,0,0,0,4,3,3,0,0,0,0,3,0,3,6,10
15,2020,10,65241,OB,9,0.33695652173913043,4.2443478260869565,4.850980392156865,0.0,0.0,0.01204819,0.0909090909090909,0.0303030303030303,0.0606060606060606,0.156862745098039,0.0261437908496732,0.20261437908496696,0.0,0.266129032258064,0.3986928104575158,0.35483870967741876,0.7535315201349346,1.0,2020,10,3,0,6,3,1,0,0,3,0,0,0,0,0,4,3,3,0,0,0,0,3,0,3,6,10
16,2020,10,64896,SK,5,0.2777777777777778,5.900526315789486,3.685714285714289,0.0,0.0,0.0,0.14285714285714302,0.0,0.28571428571428603,0.0714285714285714,0.0,0.214285714285714,0.0,0.26923076923076944,0.3214285714285716,0.5384615384615392,0.8598901098901108,1.0,2020,10,9,0,0,0,0,3,3,0,0,0,0,0,1,0,3,3,0,0,1,3,0,3,3,9,7
17,2020,10,65937,NC,17,0.375,6.689999999999996,4.878260869565213,0.0,0.0,0.0,0.0,0.0,0.14285714285714302,0.0869565217391304,0.0434782608695652,0.130434782608696,0.0,0.35000000000000003,0.43478260869565216,0.5000000000000002,0.9347826086956523,0.5,2020,10,0,0,3,0,0,0,0,3,0,0,0,0,10,0,3,0,3,3,0,0,1,3,3,10,6
18,2020,10,64041,KT,5,0.3142857142857143,16.340602409638553,10.2,0.0,0.0,0.01754386,0.0,0.0,0.0,0.4,0.0,0.0,0.0,0.5257142857142857,0.7154285714285714,0.5257142857142857,1.241142857142857,1.0,2020,10,3,0,0,9,0,1,0,0,3,0,0,0,0,0,0,0,3,3,0,3,3,1,3,9,7
19,2020,10,66660,HT,5,0.4032258064516129,7.46156839052683,5.655319148936171,0.02083333,1.0,0.0,0.272727272727273,0.0909090909090909,0.0909090909090909,0.14893617021276598,0.0212765957446809,0.127659574468085,0.0,0.49007168458781375,0.5455868222374745,0.8464874551971331,1.3920742774346075,0.6875,2020,10,0,0,6,0,0,0,6,1,0,0,0,0,3,3,0,0,3,0,3,3,3,0,1,6,10
20,2020,10,63512,LT,10,0.3426395939086294,2.557784535625923,3.185714285714286,0.01284247,0.46666670000000005,0.01369863,0.276595744680851,0.0212765957446809,0.10638297872340399,0.0654761904761905,0.0178571428571429,0.25,0.0,0.1727259321266748,0.23652478504091992,0.2829765271011479,0.5195013121420679,0.5,2020,10,0,0,1,0,0,3,0,0,9,0,0,0,3,3,0,3,4,0,3,0,0,3,0,9,7
21,2020,10,77263,OB,13,0.32295081967213113,3.6900000000000017,4.990909090909092,0.01609195,0.5,0.02873563,0.15,0.05,0.0,0.147727272727273,0.0340909090909091,0.18181818181818202,0.0,0.23978544660142465,0.3752814398716042,0.2997318082517808,0.675013248123385,0.6,2020,10,3,0,6,3,1,0,0,3,0,0,0,0,0,4,3,3,0,0,0,0,3,0,3,6,10
22,2020,10,62951,OB,10,0.2844364937388193,6.713703077498348,5.695081967213124,0.01736614,0.6666667,0.03762663,0.2,0.0,0.166666666666667,0.13114754098360698,0.0163934426229508,0.10655737704917999,0.0,0.2747005227781927,0.3794602774274908,0.4669908887229278,0.8464511661504186,0.5,2020,10,3,0,6,3,1,0,0,3,0,0,0,0,0,4,3,3,0,0,0,0,3,0,3,6,10
23,2020,10,63894,SK,18,0.23333333333333334,4.295373677044643,5.338461538461541,0.02238806,0.3333333,0.01492537,0.25925925925925897,0.037037037037037,0.037037037037037,0.19487179487179504,0.0256410256410256,0.2,0.0,0.19110274341043573,0.36065483234714013,0.27603729603729593,0.636692128384436,0.5952381,2020,10,9,0,0,0,0,3,3,0,0,0,0,0,1,0,3,3,0,0,1,3,0,3,3,9,7
24,2020,10,65343,SK,18,0.3548387096774194,5.550088762238498,4.768421052631572,0.05277778,0.6315789,0.01111111,0.111111111111111,0.0555555555555556,0.166666666666667,0.171052631578947,0.0,0.223684210526316,0.0,0.29553936871314596,0.4121505376344083,0.5089844683393071,0.9211350059737153,0.66666665,2020,10,9,0,0,0,0,3,3,0,0,0,0,0,1,0,3,3,0,0,1,3,0,3,3,9,7
25,2020,10,75138,SK,26,0.26455026455026454,8.162172185430475,5.787096774193548,0.01831502,0.6,0.01648352,0.133333333333333,0.0666666666666667,0.266666666666667,0.17741935483871,0.0,0.145161290322581,0.0,0.30708180708180743,0.4052542439639219,0.6346357346357355,1.0398899785996574,1.0,2020,10,9,0,0,0,0,3,3,0,0,0,0,0,1,0,3,3,0,0,1,3,0,3,3,9,7
26,2020,10,64995,NC,19,0.2918454935622318,5.802173716551627,5.340886699507392,0.01785714,0.6666667,0.014880949999999999,0.18421052631578896,0.0526315789473684,0.10526315789473699,0.15763546798029598,0.0394088669950739,0.16256157635468,0.00985221674876847,0.2845358598536997,0.4199073976194006,0.4567549329230442,0.8766623305424448,0.6666666666666666,2020,10,0,0,3,0,0,0,0,3,0,0,0,0,10,0,3,0,3,3,0,0,1,3,3,10,6
27,2020,10,67962,NC,31,0.14814814814814814,4.068504672897196,5.4,0.0,0.0,0.0,0.33333333333333304,0.0,0.0,0.0967741935483871,0.032258064516129,0.0967741935483871,0.0,0.14646464646464638,0.23297491039426518,0.19528619528619512,0.4282611056804603,1.0,2020,10,0,0,3,0,0,0,0,3,0,0,0,0,10,0,3,0,3,3,0,0,1,3,3,10,6
28,2020,10,65062,KT,30,0.3270893371757925,2.881565606890936,3.3029126213592246,0.04583333,0.6363635999999999,0.008333333,0.0408163265306122,0.0204081632653061,0.10204081632653099,0.058252427184465994,0.0,0.23300970873786397,0.0,0.28648798946740944,0.31414461195147253,0.39757516905681345,0.711719781008286,0.5,2020,10,3,0,0,9,0,1,0,0,3,0,0,0,0,0,0,0,3,3,0,3,3,1,3,9,7
29,2020,10,65057,KT,11,0.35135135135135137,2.5860438809748736,4.4526315789473765,0.02197802,0.25,0.02747253,0.3,0.0,0.0,0.10526315789473699,0.0,0.18421052631578896,0.0,0.2806619453678278,0.3563817405922671,0.3648605289781761,0.7212422695704432,0.5,2020,10,3,0,0,9,0,1,0,0,3,0,0,0,0,0,0,0,3,3,0,3,3,1,3,9,7
30,2020,10,64047,KT,27,0.24427480916030533,3.1571924516390393,4.446357615894038,0.03,0.3333333,0.02,0.222222222222222,0.0,0.037037037037037,0.0860927152317881,0.00662251655629139,0.165562913907285,0.0,0.22820810334703462,0.2816292246250287,0.3042774711293794,0.5859066957544081,1.0,2020,10,3,0,0,9,0,1,0,0,3,0,0,0,0,0,0,0,3,3,0,3,3,1,3,9,7
31,2020,10,60146,SS,28,0.2777777777777778,5.581865587542256,3.766492146596855,0.0191458,0.7692308000000001,0.01767305,0.166666666666667,0.0277777777777778,0.25,0.0994764397905759,0.0,0.23560209424083803,0.0,0.28772930329816565,0.3510512756586056,0.5674661259491601,0.9185174016077657,1.0,2020,10,0,0,3,0,3,7,0,0,0,0,0,0,3,3,0,1,3,3,3,0,3,0,0,7,9
32,2020,10,65496,SS,17,0.3090909090909091,2.9250298599720654,3.7414634146341497,0.03092784,1.0,0.0,0.14285714285714302,0.0357142857142857,0.0714285714285714,0.0731707317073171,0.008130081300813009,0.211382113821138,0.0,0.2662032854446269,0.3128760288014234,0.38029040777803846,0.6931664365794619,0.6296296333333333,2020,10,0,0,3,0,3,7,0,0,0,0,0,0,3,3,0,1,3,3,3,0,3,0,0,7,9
33,2020,10,77591,LT,6,0.3356009070294785,3.3727806356788532,4.290756302521009,0.02097902,0.5925925999999999,0.02097902,0.166666666666667,0.0666666666666667,0.0666666666666667,0.11764705882352902,0.0252100840336134,0.21008403361344502,0.0,0.17541793051997123,0.28879306824770684,0.2631268957799569,0.5519199640276637,0.5,2020,10,0,0,1,0,0,3,0,0,9,0,0,0,3,3,0,3,4,0,3,0,0,3,0,9,7
34,2020,10,79545,LT,25,0.27184466019417475,5.082439139917424,4.694117647058832,0.010736200000000001,0.5714286,0.01687117,0.25,0.0,0.1875,0.166666666666667,0.0,0.22549019607843104,0.0,0.2571421588120619,0.36078378655420384,0.46607016284686226,0.826853949401066,1.0,2020,10,0,0,1,0,0,3,0,0,9,0,0,0,3,3,0,3,4,0,3,0,0,3,0,9,7
35,2020,10,50556,LT,23,0.25,2.2435714285714248,3.9599999999999973,0.0,0.0,0.0,0.3571428571428571,0.0,0.0,0.0666666666666667,0.0,0.18666666666666698,0.0,0.2153846153846154,0.25333333333333335,0.2923076923076923,0.5456410256410257,1.0,2020,10,0,0,1,0,0,3,0,0,9,0,0,0,3,3,0,3,4,0,3,0,0,3,0,9,7
36,2020,10,50203,OB,13,0.4074074074074074,3.4500000000000037,3.351219512195125,0.0,0.0,0.0,0.0833333333333333,0.0,0.0833333333333333,0.0487804878048781,0.0487804878048781,0.21951219512195103,0.0,0.3243243243243244,0.3902439024390245,0.43243243243243246,0.822676334871457,1.0,2020,10,3,0,6,3,1,0,0,3,0,0,0,0,0,4,3,3,0,0,0,0,3,0,3,6,10
37,2020,10,76329,OB,24,0.3260135135135135,2.9806400660083066,4.066666666666664,0.01606426,0.6666667,0.01874163,0.195121951219512,0.0487804878048781,0.0487804878048781,0.0994152046783626,0.0116959064327485,0.21052631578947398,0.00584795321637427,0.2629592483108107,0.3325504781096886,0.3784047719594594,0.710955250069148,0.83333335,2020,10,3,0,6,3,1,0,0,3,0,0,0,0,0,4,3,3,0,0,0,0,3,0,3,6,10
38,2020,10,50360,WO,20,0.25925925925925924,3.8053846153846114,3.73333333333333,0.0,0.0,0.06666667,0.125,0.125,0.125,0.0277777777777778,0.0277777777777778,0.166666666666667,0.0,0.2352941176470588,0.2777777777777778,0.41176470588235287,0.6895424836601307,1.0,2020,10,3,0,0,3,3,0,0,7,0,0,0,0,0,3,1,3,0,0,3,3,3,0,0,7,9
39,2020,10,64051,WO,26,0.32727272727272727,4.7409743265724265,4.377272727272725,0.02112676,0.8333333,0.02464789,0.075,0.0,0.125,0.0965909090909091,0.0113636363636364,0.18181818181818202,0.005681818181818179,0.3151497509113406,0.37833870674779796,0.4569671388214439,0.8353058455692419,1.0,2020,10,3,0,0,3,3,0,0,7,0,0,0,0,0,3,1,3,0,0,3,3,3,0,0,7,9
40,2020,10,76858,SK,26,0.3030852994555354,3.650530195747226,3.6857142857142886,0.01701571,0.6923077000000001,0.02225131,0.214285714285714,0.0,0.14285714285714302,0.0892857142857143,0.0,0.23214285714285698,0.0,0.25558389986702146,0.31520362577531363,0.41988783549582104,0.7350914612711347,0.5555555666666666,2020,10,9,0,0,0,0,3,3,0,0,0,0,0,1,0,3,3,0,0,1,3,0,3,3,9,7
41,2020,10,75867,NC,47,0.2931258106355383,1.4778809331007694,1.7823529411764714,0.022202490000000002,0.56,0.01420959,0.258064516129032,0.032258064516129,0.129032258064516,0.0367647058823529,0.0,0.33823529411764697,0.0,0.22470495901978646,0.24329499909906843,0.38417299445318315,0.6274679935522516,0.6190476333333333,2020,10,0,0,3,0,0,0,0,3,0,0,0,0,10,0,3,0,3,3,0,0,1,3,3,10,6
42,2020,10,69974,NC,15,0.35555555555555557,9.801534795042897,5.685714285714286,0.03703704,0.0,0.03703704,0.25,0.0,0.25,0.11904761904761901,0.0,0.0952380952380952,0.0,0.36996996996997006,0.4449735449735451,0.7399399399399402,1.1849134849134852,1.0,2020,10,0,0,3,0,0,0,0,3,0,0,0,0,10,0,3,0,3,3,0,0,1,3,3,10,6
43,2020,10,60263,NC,17,0.32196969696969696,5.522084875167058,4.944715447154472,0.01788432,0.4680851,0.01560122,0.208333333333333,0.0104166666666667,0.135416666666667,0.10840108401084,0.010840108401084,0.146341463414634,0.002710027100271,0.30018106309991843,0.3803743123443734,0.4909211136113252,0.8712954259556986,1.0,2020,10,0,0,3,0,0,0,0,3,0,0,0,0,10,0,3,0,3,3,0,0,1,3,3,10,6
44,2020,10,65696,HT,16,0.36046511627906974,7.486980954725517,5.640000000000001,0.0,0.0,0.01010101,0.25,0.0,0.166666666666667,0.22,0.04,0.2,0.0,0.306153100775194,0.4804302325581396,0.5357679263565898,1.0161981589147293,0.5,2020,10,0,0,6,0,0,0,6,1,0,0,0,0,3,3,0,0,3,0,3,3,3,0,1,6,10
45,2020,10,78247,HT,35,0.2857142857142857,5.804540656026143,5.119298245614037,0.01286174,0.25,0.03536977,0.35,0.0,0.2,0.251461988304094,0.0175438596491228,0.27485380116959096,0.0,0.2316583776367691,0.4302184031507344,0.4517338363916998,0.8819522395424342,1.0,2020,10,0,0,6,0,0,0,6,1,0,0,0,0,3,3,0,0,3,0,3,3,3,0,1,6,10
46,2020,10,75421,SS,20,0.3069306930693069,3.2431914893617004,4.46382978723404,0.01515152,1.0,0.01515152,0.28125,0.03125,0.03125,0.0921985815602837,0.0141843971631206,0.170212765957447,0.0,0.2580645161290323,0.3333333333333334,0.37096774193548393,0.7043010752688174,1.0,2020,10,0,0,3,0,3,7,0,0,0,0,0,0,3,3,0,1,3,3,3,0,3,0,0,7,9
47,2020,10,63765,HH,43,0.2714285714285714,4.947385956920671,4.9688622754491005,0.03947368,0.7777778000000001,0.026315789999999995,0.212121212121212,0.0909090909090909,0.12121212121212101,0.125748502994012,0.0179640718562874,0.161676646706587,0.0,0.25788100396174723,0.35063505707110254,0.4532454009024647,0.8038804579735672,0.6111111,2020,10,0,0,3,0,7,0,3,0,3,0,0,0,0,0,3,0,0,3,0,4,0,3,3,7,9
48,2020,10,73738,HH,20,0.362874251497006,4.605704928312895,4.117557251908398,0.011288810000000002,0.3333333,0.01881468,0.20512820512820498,0.0,0.12820512820512803,0.0763358778625954,0.0152671755725191,0.18320610687022898,0.0,0.32747106627081984,0.37157831620100634,0.520595028430534,0.8921733446315403,0.6,2020,10,0,0,3,0,7,0,3,0,3,0,0,0,0,0,3,0,0,3,0,4,0,3,3,7,9
49,2020,10,67266,OB,40,0.32973805855161786,3.9486560070652987,4.609302325581397,0.024906599999999997,0.85,0.03237858,0.204081632653061,0.0204081632653061,0.0612244897959184,0.12015503875969,0.0155038759689922,0.18604651162790697,0.0,0.30700689713193346,0.39149799567196003,0.4385812816170477,0.8300792772890078,0.75,2020,10,3,0,6,3,1,0,0,3,0,0,0,0,0,4,3,3,0,0,0,0,3,0,3,6,10
50,2020,10,66018,WO,33,0.31,3.6473434602137274,3.650000000000004,0.004016064000000001,1.0,0.01204819,0.111111111111111,0.0,0.111111111111111,0.0625,0.0416666666666667,0.208333333333333,0.0,0.23953246753246749,0.3137575757575758,0.34599134199134185,0.6597489177489176,0.5,2020,10,3,0,0,3,3,0,0,7,0,0,0,0,0,3,1,3,0,0,3,3,3,0,0,7,9
51,2020,10,74359,WO,23,0.3191489361702128,6.115482503867069,3.616216216216212,0.01367188,0.2857143,0.01660156,0.0952380952380952,0.0,0.23809523809523803,0.0,0.0,0.14864864864864902,0.0135135135135135,0.3602945505003784,0.3213437882841213,0.6519615675721131,0.9733053558562343,0.91666665,2020,10,3,0,0,3,3,0,0,7,0,0,0,0,0,3,1,3,0,0,3,3,3,0,0,7,9
52,2020,10,69134,LG,36,0.20634920634920634,3.6130769230769197,3.1142857142857103,0.0,0.0,0.0,0.17647058823529396,0.0,0.23529411764705901,0.0761904761904762,0.019047619047619,0.266666666666667,0.00952380952380952,0.19999999999999993,0.257142857142857,0.37647058823529406,0.633613445378151,0.9,2020,10,0,0,10,3,0,0,0,0,3,0,0,0,0,0,3,3,0,4,3,0,0,3,0,10,6
53,2020,10,69159,LG,40,0.24210526315789474,3.5052209724660464,4.33117408906882,0.02676399,0.7272727,0.03163017,0.102564102564103,0.0,0.0512820512820513,0.0809716599190283,0.0323886639676113,0.17004048582996,0.0,0.22873834744299731,0.3041299577864674,0.28738920576171473,0.5915191635481821,1.0,2020,10,0,0,10,3,0,0,0,0,3,0,0,0,0,0,3,3,0,4,3,0,0,3,0,10,6
54,2020,10,76650,LG,41,0.34045584045584043,2.2020016620159115,3.5684210526315745,0.01960784,0.5263158,0.01135191,0.0909090909090909,0.0,0.0227272727272727,0.0947368421052632,0.0210526315789474,0.247368421052632,0.0,0.2579279245830824,0.33434945188355936,0.29896191258493643,0.6333113644684958,0.7936508,2020,10,0,0,10,3,0,0,0,0,3,0,0,0,0,0,3,3,0,4,3,0,0,3,0,10,6
55,2020,10,65639,NC,29,0.3333333333333333,5.486703296703284,5.262068965517233,0.00877193,0.0,0.04385965,0.25,0.0833333333333333,0.0833333333333333,0.18390804597701102,0.0574712643678161,0.195402298850575,0.0,0.24793388429752053,0.42946708463949795,0.4132231404958675,0.8426902251353654,1.0,2020,10,0,0,3,0,0,0,0,3,0,0,0,0,10,0,3,0,3,3,0,0,1,3,3,10,6
56,2020,10,63991,NC,12,0.2916666666666667,4.102055619838012,4.80740740740741,0.01769912,0.5,0.022756010000000004,0.15,0.0,0.05,0.0617283950617284,0.0308641975308642,0.111111111111111,0.0,0.26481829573934923,0.32144790989820304,0.3442637844611541,0.6657116943593571,0.8690476333333333,2020,10,0,0,3,0,0,0,0,3,0,0,0,0,10,0,3,0,3,3,0,0,1,3,3,10,6
57,2020,10,63959,NC,31,0.30739299610894943,4.61315646878552,4.6653061224489845,0.008645533,0.6666667,0.025936599999999997,0.115384615384615,0.0,0.0769230769230769,0.10204081632653099,0.0476190476190476,0.163265306122449,0.0,0.2982617992200285,0.3809649327284578,0.4015062681808074,0.7824712009092651,0.875,2020,10,0,0,3,0,0,0,0,3,0,0,0,0,10,0,3,0,3,3,0,0,1,3,3,10,6
58,2020,10,62655,NC,25,0.3045267489711934,4.5655374415615,5.012903225806448,0.01140684,0.0,0.01901141,0.23076923076923103,0.0,0.0769230769230769,0.0806451612903226,0.0161290322580645,0.112903225806452,0.0,0.28251758676915917,0.3382811628833135,0.41291031912415577,0.7511914820074692,0.5,2020,10,0,0,3,0,0,0,0,3,0,0,0,0,10,0,3,0,3,3,0,0,1,3,3,10,6
59,2020,10,78517,KT,48,0.1792452830188679,4.610092873727451,6.05625,0.03703704,1.0,0.01234568,0.0,0.0,0.0,0.171875,0.015625,0.1171875,0.0,0.16984477452161112,0.31222975628930816,0.16984477452161112,0.4820745308109193,0.9090909,2020,10,3,0,0,9,0,1,0,0,3,0,0,0,0,0,0,0,3,3,0,3,3,1,3,9,7
60,2020,10,63628,HT,19,0.3378016085790885,4.121967689750847,5.050485436893204,0.008196721,0.3333333,0.03825137,0.15625,0.0,0.046875,0.058252427184465994,0.004854368932038829,0.087378640776699,0.00970873786407767,0.30052090529482717,0.3388274325277783,0.389738049054229,0.7285654815820073,1.0,2020,10,0,0,6,0,0,0,6,1,0,0,0,0,3,3,0,0,3,0,3,3,3,0,1,6,10
61,2020,10,69620,HT,19,0.2643312101910828,3.472287955712173,4.606611570247932,0.04205607,0.6666667,0.01635514,0.1875,0.0,0.0625,0.12396694214876,0.008264462809917359,0.190082644628099,0.0,0.17903875536732325,0.28167697762065796,0.2461782886300695,0.5278552662507274,0.94444445,2020,10,0,0,6,0,0,0,6,1,0,0,0,0,3,3,0,0,3,0,3,3,3,0,1,6,10
62,2020,10,65665,HT,26,0.34615384615384615,3.287688082793906,4.399999999999994,0.01729107,1.0,0.01440922,0.23809523809523803,0.0476190476190476,0.0476190476190476,0.0972222222222222,0.0,0.18055555555555605,0.0,0.30385601577909266,0.36309623602892827,0.4485493566262796,0.8116455926552079,1.0,2020,10,0,0,6,0,0,0,6,1,0,0,0,0,3,3,0,0,3,0,3,3,3,0,1,6,10
63,2020,10,66609,HT,23,0.30835734870317005,2.191389809222125,2.860317460317456,0.02272727,0.5454545,0.01239669,0.17142857142857096,0.0285714285714286,0.11428571428571402,0.111111111111111,0.0,0.322751322751323,0.0,0.2272267251833903,0.3046746177488139,0.35707056814532734,0.6617451858941412,0.5625,2020,10,0,0,6,0,0,0,6,1,0,0,0,0,3,3,0,0,3,0,3,3,3,0,1,6,10
64,2020,10,79440,SS,26,0.3177710843373494,7.773171728109473,5.861538461538468,0.045989300000000004,0.7906977,0.01069519,0.0,0.0,0.2,0.153846153846154,0.0384615384615385,0.115384615384615,0.0,0.2850527108433735,0.41157900834105665,0.45608433734939763,0.8676633456904543,1.0,2020,10,0,0,3,0,3,7,0,0,0,0,0,0,3,3,0,1,3,3,3,0,3,0,0,7,9
65,2020,10,67737,HH,36,0.3236514522821577,3.357006610549518,3.5123595505617984,0.03114187,0.7777778000000001,0.024221449999999995,0.075,0.0,0.125,0.0898876404494382,0.00561797752808989,0.247191011235955,0.0,0.2761390942204878,0.3297584450971554,0.4004016866197074,0.7301601317168628,0.6888888999999999,2020,10,0,0,3,0,7,0,3,0,3,0,0,0,0,0,3,0,0,3,0,4,0,3,3,7,9
66,2020,10,79293,LT,26,0.3036649214659686,5.3537469330729905,4.344,0.01428571,0.5714286,0.03061224,0.193548387096774,0.032258064516129,0.161290322580645,0.04,0.008,0.128,0.0,0.32326880479568765,0.33764884909693615,0.5631134019021653,0.9007622509991015,1.0,2020,10,0,0,1,0,0,3,0,0,9,0,0,0,3,3,0,3,4,0,3,0,0,3,0,9,7
67,2020,10,68200,OB,58,0.23529411764705882,3.0847171302308936,4.31612903225806,0.0,0.0,0.05,0.42307692307692296,0.0,0.0384615384615385,0.0903225806451613,0.0129032258064516,0.180645161290323,0.0,0.22415122641348623,0.2753161028593862,0.34484804063613267,0.6201641434955188,1.0,2020,10,3,0,6,3,1,0,0,3,0,0,0,0,0,4,3,3,0,0,0,0,3,0,3,6,10
68,2020,10,67828,WO,20,0.333843797856049,5.219749496669618,4.578082191780816,0.01760176,0.4375,0.00990099,0.19047619047619,0.0,0.14285714285714302,0.10958904109588999,0.0136986301369863,0.178082191780822,0.0,0.3308172805674213,0.3815970546896301,0.5356089304424917,0.9172059851321218,0.8,2020,10,3,0,0,3,3,0,0,7,0,0,0,0,0,3,1,3,0,0,3,3,3,0,0,7,9
69,2020,10,65392,WO,12,0.44086021505376344,8.202129380053911,7.4,0.008547009,1.0,0.01709402,0.5,0.0,0.0,0.25,0.0,0.0833333333333333,0.0,0.6263440860215055,0.667562724014337,0.9395161290322582,1.6070788530465951,1.0,2020,10,3,0,0,3,3,0,0,7,0,0,0,0,0,3,1,3,0,0,3,3,3,0,0,7,9
70,2020,10,67365,WO,31,0.3484848484848485,2.906140896552511,4.694117647058827,0.0,0.0,0.0,0.0909090909090909,0.0,0.0,0.0784313725490196,0.0,0.137254901960784,0.0,0.279000760291083,0.32460851398232815,0.3043644657720905,0.6289729797544186,0.5,2020,10,3,0,0,3,3,0,0,7,0,0,0,0,0,3,1,3,0,0,3,3,3,0,0,7,9
71,2020,10,69839,SK,31,0.3191489361702128,7.0324799966629,5.63076923076924,0.027397259999999996,0.5,0.03424658,0.135135135135135,0.0,0.189189189189189,0.19871794871794898,0.0128205128205128,0.179487179487179,0.0,0.28223736081725714,0.4304533375569753,0.4805663170672214,0.9110196546241967,0.8472222333333334,2020,10,9,0,0,0,0,3,3,0,0,0,0,0,1,0,3,3,0,0,1,3,0,3,3,9,7
72,2020,10,50859,SK,27,0.3142857142857143,4.948064516129031,5.16,0.0,0.0,0.0,0.0833333333333333,0.0,0.0833333333333333,0.12,0.02,0.14,0.02,0.2999999999999998,0.37999999999999995,0.39999999999999974,0.7799999999999997,0.42857145,2020,10,9,0,0,0,0,3,3,0,0,0,0,0,1,0,3,3,0,0,1,3,0,3,3,9,7
73,2020,10,69104,LG,30,0.2727272727272727,2.8328571428571387,4.599999999999996,0.0,0.0,0.0,0.5,0.166666666666667,0.0,0.1,0.0,0.166666666666667,0.0,0.23076923076923078,0.3,0.42307692307692324,0.7230769230769232,1.0,2020,10,0,0,10,3,0,0,0,0,3,0,0,0,0,0,3,3,0,4,3,0,0,3,0,10,6
74,2020,10,61145,LG,20,0.2961672473867596,9.187166603702298,6.600000000000001,0.03562945,0.5333333,0.03800475,0.222222222222222,0.0,0.111111111111111,0.23333333333333303,0.0666666666666667,0.133333333333333,0.0,0.34121453459432527,0.5388501742160275,0.5307781649245058,1.0696283391405332,0.5,2020,10,0,0,10,3,0,0,0,0,3,0,0,0,0,0,3,3,0,4,3,0,0,3,0,10,6
75,2020,10,79140,LG,38,0.26865671641791045,3.417960502403033,3.778378378378374,0.02442529,0.7058824,0.01436782,0.18604651162790697,0.0232558139534884,0.116279069767442,0.0594594594594595,0.00540540540540541,0.194594594594595,0.0,0.24312977031468275,0.2790819057367204,0.38448428793949835,0.6635661936762187,0.92857145,2020,10,0,0,10,3,0,0,0,0,3,0,0,0,0,0,3,3,0,4,3,0,0,3,0,10,6
76,2020,10,62146,LG,24,0.3288590604026846,3.043913936687697,4.300000000000004,0.008595989,0.6666667,0.01146132,0.103448275862069,0.0344827586206897,0.0344827586206897,0.0916666666666667,0.00833333333333333,0.18333333333333302,0.0,0.27303406356844384,0.3411800894854587,0.3483538052424973,0.689533894727956,1.0,2020,10,0,0,10,3,0,0,0,0,3,0,0,0,0,0,3,3,0,4,3,0,0,3,0,10,6
77,2020,10,75340,KT,36,0.3289902280130293,4.665957303507935,5.3178082191780724,0.0290404,0.6956521999999999,0.02146465,0.11764705882352902,0.0,0.0588235294117647,0.10958904109588999,0.00684931506849315,0.116438356164384,0.0,0.3130096381039811,0.3801382567588331,0.4050712963698578,0.7852095531286909,1.0,2020,10,3,0,0,9,0,1,0,0,3,0,0,0,0,0,0,0,3,3,0,3,3,1,3,9,7
78,2020,10,65060,KT,35,0.2975778546712803,5.3017914979815135,4.924229074889873,0.01813187,0.6666667,0.01758242,0.214285714285714,0.0,0.11904761904761901,0.0969162995594714,0.0044052863436123395,0.136563876651982,0.0,0.3355037277898201,0.3836176740434169,0.5272201436697173,0.9108378177131342,0.6111111,2020,10,3,0,0,9,0,1,0,0,3,0,0,0,0,0,0,0,3,3,0,3,3,1,3,9,7
79,2020,10,63464,HH,46,0.2782608695652174,3.9227586206896596,4.572413793103452,0.04347826,0.3333333,0.02898551,0.11428571428571402,0.0,0.0857142857142857,0.12068965517241399,0.0114942528735632,0.18965517241379298,0.0,0.24475524475524482,0.3333333333333335,0.3356643356643357,0.6689976689976691,0.5375,2020,10,0,0,3,0,7,0,3,0,3,0,0,0,0,0,3,0,0,3,0,4,0,3,3,7,9
80,2020,10,79764,HH,35,0.3391238670694864,4.0849426557940784,4.642105263157892,0.02523836,0.7555556,0.01962984,0.21311475409836103,0.0327868852459016,0.0655737704918033,0.0473684210526316,0.0105263157894737,0.110526315789474,0.0,0.31102852080568283,0.34436837442628687,0.4588945388936305,0.8032629133199174,0.75,2020,10,0,0,3,0,7,0,3,0,3,0,0,0,0,0,3,0,0,3,0,4,0,3,3,7,9
81,2020,10,63543,LT,31,0.2799043062200957,4.734229857250201,3.6590673575129538,0.03171953,0.7368420999999999,0.02170284,0.23529411764705901,0.0,0.20588235294117604,0.0880829015544041,0.0,0.233160621761658,0.0,0.2825147913772699,0.336930127119875,0.5234832899049411,0.8604134170248161,0.91666665,2020,10,0,0,1,0,0,3,0,0,9,0,0,0,3,3,0,3,4,0,3,0,0,3,0,9,7
82,2020,10,60559,LT,25,0.29640287769784174,6.368396532365882,5.5655172413793,0.01734104,0.6666667,0.01348748,0.21875,0.0,0.15625,0.158620689655172,0.00689655172413793,0.144827586206897,0.0,0.2970786411806229,0.39908251789373084,0.5013202069923011,0.9004027248860319,0.5,2020,10,0,0,1,0,0,3,0,0,9,0,0,0,3,3,0,3,4,0,3,0,0,3,0,9,7
83,2020,10,68529,LT,22,0.4,2.3993690248565964,4.275,0.0,0.0,0.03846154,0.0,0.14285714285714302,0.0,0.09375,0.0,0.1875,0.0,0.2992592592592592,0.34625,0.38476190476190486,0.7310119047619048,0.5,2020,10,0,0,1,0,0,3,0,0,9,0,0,0,3,3,0,3,4,0,3,0,0,3,0,9,7
84,2020,10,67246,OB,42,0.3422459893048128,5.0395440729483365,4.400000000000004,0.0195122,0.25,0.01463415,0.14285714285714302,0.0,0.14285714285714302,0.05,0.0166666666666667,0.133333333333333,0.0,0.3358585858585858,0.3353535353535354,0.5277777777777779,0.8631313131313133,1.0,2020,10,3,0,6,3,1,0,0,3,0,0,0,0,0,4,3,3,0,0,0,0,3,0,3,6,10
85,2020,10,66291,OB,45,0.30633802816901406,4.105490237820085,5.050273224043717,0.030320369999999996,0.6792453,0.019450799999999997,0.185714285714286,0.007142857142857141,0.0571428571428571,0.109289617486339,0.00910746812386157,0.13843351548269597,0.0018214936247723103,0.24251835801131602,0.32513404653787975,0.332596605272662,0.6577306518105417,0.80437564,2020,10,3,0,6,3,1,0,0,3,0,0,0,0,0,4,3,3,0,0,0,0,3,0,3,6,10
86,2020,10,64893,SK,38,0.2757009345794392,3.7292716224669156,4.33922651933702,0.02231237,0.9090908999999999,0.01622718,0.22857142857142898,0.0,0.0857142857142857,0.0883977900552486,0.0110497237569061,0.17679558011049698,0.0,0.2493459823736375,0.3157310454843154,0.37045688809797583,0.6861879335822912,0.7222222333333334,2020,10,9,0,0,0,0,3,3,0,0,0,0,0,1,0,3,3,0,0,1,3,0,3,3,9,7
87,2020,10,66145,LG,32,0.31390593047034765,5.7792554641990925,5.020253164556964,0.015432099999999999,0.65,0.025462959999999996,0.189189189189189,0.0540540540540541,0.162162162162162,0.145569620253165,0.006329113924050629,0.177215189873418,0.0,0.2888738665022554,0.3895797635778054,0.5152885186256446,0.90486828220345,0.8055555666666666,2020,10,0,0,10,3,0,0,0,0,3,0,0,0,0,0,3,3,0,4,3,0,0,3,0,10,6
88,2020,10,67008,KT,31,0.2835820895522388,7.291741034087503,5.4,0.01847575,0.875,0.01847575,0.15,0.0,0.2,0.0684931506849315,0.0136986301369863,0.0684931506849315,0.0,0.3286377684936398,0.36130878967952973,0.5751160948638697,0.9364248845433994,0.9090909,2020,10,3,0,0,9,0,1,0,0,3,0,0,0,0,0,0,0,3,3,0,3,3,1,3,9,7
89,2020,10,62920,SS,33,0.30939226519337015,5.24480246476419,5.11875,0.007722008,1.0,0.01930502,0.130434782608696,0.0,0.130434782608696,0.171875,0.0078125,0.1953125,0.0,0.2649524153187728,0.39289139670182494,0.403188458093785,0.7960798547956099,0.6349206333333334,2020,10,0,0,3,0,3,7,0,0,0,0,0,0,3,3,0,1,3,3,3,0,3,0,0,7,9
90,2020,10,61411,SS,40,0.26763110307414106,2.7068063491750034,4.004651162790708,0.03043478,0.8571429,0.005434783,0.0,0.0,0.0,0.162790697674419,0.0465116279069767,0.27906976744186,0.0,0.19230799914902685,0.3613598132806261,0.19230799914902685,0.553667812429653,0.33333335,2020,10,0,0,3,0,3,7,0,0,0,0,0,0,3,3,0,1,3,3,3,0,3,0,0,7,9
91,2020,10,67421,SS,23,0.30861244019138756,3.688199640132742,4.55577889447236,0.02241379,0.7692308000000001,0.02068966,0.147058823529412,0.0,0.0588235294117647,0.155778894472362,0.0150753768844221,0.226130653266332,0.0,0.2760137793175554,0.3872268822790888,0.3653123549791175,0.7525392372582063,0.5,2020,10,0,0,3,0,3,7,0,0,0,0,0,0,3,3,0,1,3,3,3,0,3,0,0,7,9
92,2020,10,67711,HH,20,0.4666666666666667,2.8718181818181816,4.800000000000001,0.0,0.0,0.0,0.42857142857142894,0.0,0.0,0.1,0.0,0.15,0.0,0.3888888888888889,0.45,0.5555555555555558,1.0055555555555558,0.75,2020,10,0,0,3,0,7,0,3,0,3,0,0,0,0,0,3,0,0,3,0,4,0,3,3,7,9
93,2020,10,64565,LT,24,0.375,3.6133294708381625,4.881481481481483,0.011695909999999999,0.0,0.011695909999999999,0.130434782608696,0.0,0.0217391304347826,0.0555555555555556,0.00617283950617284,0.0987654320987654,0.0,0.3735544217687077,0.40069444444444463,0.4466411564625853,0.8473356009070299,0.8333333333333334,2020,10,0,0,1,0,0,3,0,0,9,0,0,0,3,3,0,3,4,0,3,0,0,3,0,9,7
94,2020,10,61643,OB,33,0.354639175257732,4.547501980722304,3.7755458515283884,0.01645768,0.6666667,0.022727270000000004,0.211538461538462,0.0576923076923077,0.134615384615385,0.07423580786026202,0.0174672489082969,0.20960698689956303,0.0,0.3381893648430948,0.39297218527507133,0.5853277468438185,0.9782999321188899,0.8888889,2020,10,3,0,6,3,1,0,0,3,0,0,0,0,0,4,3,3,0,0,0,0,3,0,3,6,10
95,2020,10,76430,WO,25,0.3213367609254499,2.779167093898651,3.579775280898879,0.028448280000000003,0.7272727,0.01637931,0.2,0.0,0.075,0.0898876404494382,0.0112359550561798,0.24157303370786498,0.0,0.2506662253103397,0.32221683917822097,0.3571993710672341,0.6794162102454551,0.5333333333333333,2020,10,3,0,0,3,3,0,0,7,0,0,0,0,0,3,1,3,0,0,3,3,3,0,0,7,9
96,2020,10,76350,SK,31,0.35313531353135313,6.541472841543014,4.8375,0.03191489,0.7916667,0.0212766,0.15625,0.0,0.1875,0.1328125,0.0078125,0.1796875,0.0,0.3425978715340035,0.4163092247500184,0.5888400916990685,1.0051493164490868,0.94444445,2020,10,9,0,0,0,0,3,3,0,0,0,0,0,1,0,3,3,0,0,1,3,0,3,3,9,7
97,2020,10,79847,SK,35,0.31396786155747836,5.307849629933105,5.079389312977092,0.02227935,0.7692308000000001,0.02313625,0.21818181818181798,0.0,0.10909090909090899,0.12977099236641199,0.0114503816793893,0.15648854961832098,0.0,0.30683811273100103,0.40121397338275644,0.4742043560388196,0.875418329421576,1.0,2020,10,9,0,0,0,0,3,3,0,0,0,0,0,1,0,3,3,0,0,1,3,0,3,3,9,7
98,2020,10,61895,SK,32,0.30132450331125826,5.5974694563803755,4.164705882352932,0.02105263,0.6,0.012631579999999998,0.1,0.025,0.225,0.137254901960784,0.00490196078431373,0.24019607843137303,0.0,0.2829303693278209,0.3779321705182819,0.5163479240232731,0.894280094541555,0.8121212,2020,10,9,0,0,0,0,3,3,0,0,0,0,0,1,0,3,3,0,0,1,3,0,3,3,9,7
99,2020,10,65643,NC,37,0.2938496583143508,5.176533174876282,3.8046242774566505,0.01100917,1.0,0.01100917,0.18604651162790697,0.0232558139534884,0.209302325581395,0.0578034682080925,0.0115606936416185,0.19075144508670497,0.0,0.28273776729299543,0.3259527714739901,0.5260237531032471,0.8519765245772373,0.822916675,2020,10,0,0,3,0,0,0,0,3,0,0,0,0,10,0,3,0,3,3,0,0,1,3,3,10,6
100,2020,10,76118,NC,41,0.31157894736842107,3.849862542665541,4.248484848484846,0.02827965,0.6944444000000001,0.0290652,0.0714285714285714,0.0,0.0952380952380952,0.0858585858585859,0.00505050505050505,0.18181818181818202,0.0,0.2896655790348028,0.3396118607874569,0.39311757154723226,0.7327294323346891,1.0,2020,10,0,0,3,0,0,0,0,3,0,0,0,0,10,0,3,0,3,3,0,0,1,3,3,10,6
101,2020,10,75342,KT,34,0.325452016689847,3.6870764966671428,4.280000000000005,0.02928416,0.8148148000000001,0.01952278,0.172413793103448,0.0,0.0689655172413793,0.04,0.0066666666666666706,0.133333333333333,0.0,0.3238188913080025,0.3359448762351489,0.44664674663172743,0.7825916228668763,0.5,2020,10,3,0,0,9,0,1,0,0,3,0,0,0,0,0,0,0,3,3,0,3,3,1,3,9,7
102,2020,10,64580,HT,28,0.3157894736842105,7.748823529411762,4.542857142857141,0.0,0.0,0.0,0.0,0.0,0.25,0.0714285714285714,0.0357142857142857,0.14285714285714302,0.0,0.42105263157894723,0.39285714285714285,0.7368421052631576,1.1296992481203005,1.0,2020,10,0,0,6,0,0,0,6,1,0,0,0,0,3,3,0,0,3,0,3,3,3,0,1,6,10
103,2020,10,76225,LT,50,0.2971246006389776,2.645203296787505,3.4000000000000004,0.02071006,0.2857143,0.02366864,0.1875,0.0,0.0625,0.0490196078431373,0.0294117647058824,0.215686274509804,0.0,0.22934896257941323,0.2740525465138133,0.3153548235466932,0.5894073700605065,1.0,2020,10,0,0,1,0,0,3,0,0,9,0,0,0,3,3,0,3,4,0,3,0,0,3,0,9,7
104,2020,10,69399,WO,33,0.422680412371134,5.7152843884239495,5.2938053097345135,0.0,0.0,0.04615385,0.0952380952380952,0.0238095238095238,0.0714285714285714,0.0707964601769911,0.0176991150442478,0.079646017699115,0.0,0.41078375878824985,0.45565627997887814,0.5574922440697676,1.0131485240486457,0.5833333333333334,2020,10,3,0,0,3,3,0,0,7,0,0,0,0,0,3,1,3,0,0,3,3,3,0,0,7,9
105,2020,10,65398,WO,37,0.288135593220339,7.233270700404242,4.64528301886792,0.00862069,0.0,0.02586207,0.136363636363636,0.0,0.25,0.0628930817610063,0.0125786163522013,0.125786163522013,0.0,0.311878074589939,0.35596581551170614,0.5883154588855666,0.9442812743972727,0.83333335,2020,10,3,0,0,3,3,0,0,7,0,0,0,0,0,3,1,3,0,0,3,3,3,0,0,7,9
106,2020,10,69360,WO,61,0.26865671641791045,6.794967759848017,5.658064516129032,0.07843137,1.0,0.01960784,0.15,0.025,0.175,0.129032258064516,0.021505376344086002,0.10752688172043,0.00537634408602151,0.27195937049524727,0.3771704431546414,0.4691299141043015,0.8463003572589429,0.608333325,2020,10,3,0,0,3,3,0,0,7,0,0,0,0,0,3,1,3,0,0,3,3,3,0,0,7,9
107,2020,10,65411,SK,23,0.375,6.097894736842107,5.4,0.01666667,0.0,0.05,0.125,0.0,0.1,0.118518518518519,0.0222222222222222,0.118518518518519,0.0,0.3539823008849558,0.4370370370370375,0.5044247787610621,0.9414618157980996,0.9375,2020,10,9,0,0,0,0,3,3,0,0,0,0,0,1,0,3,3,0,0,1,3,0,3,3,9,7
108,2020,10,62056,SK,24,0.2786885245901639,5.970703898325791,4.768421052631577,0.02405498,0.7857143,0.0137457,0.161290322580645,0.0,0.193548387096774,0.0964912280701754,0.0263157894736842,0.14912280701754402,0.0087719298245614,0.26753151935102243,0.35044348576358925,0.46602264661145826,0.8164661323750475,0.75,2020,10,9,0,0,0,0,3,3,0,0,0,0,0,1,0,3,3,0,0,1,3,0,3,3,9,7
109,2020,10,67119,LG,37,0.2857142857142857,2.2645437808655466,3.471428571428576,0.01615074,0.75,0.01884253,0.24,0.0,0.04,0.0982142857142857,0.0178571428571429,0.258928571428571,0.0,0.21841265463714438,0.3071825013789299,0.29704121030651637,0.6042237116854463,0.875,2020,10,0,0,10,3,0,0,0,0,3,0,0,0,0,0,3,3,0,4,3,0,0,3,0,10,6
110,2020,10,78352,NC,44,0.30390143737166325,2.820040249242881,3.6992125984251967,0.02057613,0.7333333000000001,0.01234568,0.24,0.04,0.08,0.118110236220472,0.0078740157480315,0.25984251968503896,0.0,0.23440688744792093,0.323476668952185,0.36567474441875664,0.6891514133709417,0.664285725,2020,10,0,0,3,0,0,0,0,3,0,0,0,0,10,0,3,0,3,3,0,0,1,3,3,10,6
111,2020,10,68043,KT,29,0.3135935397039031,5.921452086306368,5.216326530612253,0.02743902,0.8148148000000001,0.02642276,0.0909090909090909,0.0,0.136363636363636,0.14285714285714302,0.0204081632653061,0.158163265306122,0.0,0.291861214704709,0.40449753460287186,0.43779182205706313,0.842289356659935,0.69294872,2020,10,3,0,0,9,0,1,0,0,3,0,0,0,0,0,0,0,3,3,0,3,3,1,3,9,7
112,2020,10,63960,SS,33,0.2777777777777778,6.652678609511616,5.066666666666665,0.0625,0.0,0.0625,0.111111111111111,0.0,0.222222222222222,0.138888888888889,0.0,0.166666666666667,0.0,0.30969387755102035,0.3797619047619048,0.5505668934240359,0.9303287981859407,0.5,2020,10,0,0,3,0,3,7,0,0,0,0,0,0,3,3,0,1,3,3,3,0,3,0,0,7,9
113,2020,10,69745,HH,45,0.29961089494163423,6.495335901435858,5.8352331606217565,0.05263158,0.7333333000000001,0.02807018,0.232558139534884,0.0,0.13953488372093,0.170984455958549,0.0103626943005181,0.13471502590673598,0.0,0.2852154403127164,0.4089283824256906,0.4709371223768107,0.8798655048025013,0.92857145,2020,10,0,0,3,0,7,0,3,0,3,0,0,0,0,0,3,0,0,3,0,4,0,3,3,7,9
114,2020,10,67703,HH,55,0.29014598540145986,4.113639171293211,3.8225352112676045,0.0179558,0.8461538000000001,0.02900552,0.23404255319148898,0.0212765957446809,0.14893617021276598,0.07981220657277,0.0187793427230047,0.211267605633803,0.0,0.26214537287529965,0.32258430921739223,0.4517824511255164,0.7743667603429086,0.69188312,2020,10,0,0,3,0,7,0,3,0,3,0,0,0,0,0,3,0,0,3,0,4,0,3,3,7,9
115,2020,10,63342,WO,33,0.3386363636363636,1.6436316748373794,2.876923076923074,0.01238938,0.8571429,0.0159292,0.0909090909090909,0.0,0.0454545454545455,0.0615384615384615,0.00512820512820513,0.271794871794872,0.0,0.2525416065416065,0.2997819957819957,0.3099374262101535,0.6097194219921492,0.6111111,2020,10,3,0,0,3,3,0,0,7,0,0,0,0,0,3,1,3,0,0,3,3,3,0,0,7,9
116,2020,10,64861,SK,96,0.2403846153846154,4.759210155112517,5.133924611973384,0.02764977,0.3333333,0.01843318,0.164556962025316,0.0506329113924051,0.11392405063291099,0.137472283813747,0.0110864745011086,0.15964523281596502,0.00221729490022173,0.23215751542757304,0.3318139146168867,0.37321524632027525,0.705029160937162,1.0,2020,10,9,0,0,0,0,3,3,0,0,0,0,0,1,0,3,3,0,0,1,3,0,3,3,9,7
117,2020,10,60768,SK,33,0.3181818181818182,3.750868329469047,4.302857142857145,0.024307900000000004,0.6944444000000001,0.026333559999999995,0.11320754716981098,0.0188679245283019,0.0943396226415094,0.0857142857142857,0.0,0.177142857142857,0.0,0.2704303803586101,0.3206023875114785,0.38778696051423317,0.7083893480257117,0.9166666666666666,2020,10,9,0,0,0,0,3,3,0,0,0,0,0,1,0,3,3,0,0,1,3,0,3,3,9,7
118,2020,10,73801,LG,45,0.3336236933797909,4.945526715687646,5.092307692307687,0.03650138,0.7924528000000001,0.02134986,0.137254901960784,0.0196078431372549,0.0784313725490196,0.0769230769230769,0.0153846153846154,0.102564102564103,0.0,0.3275365112313738,0.3778523431247874,0.4624044864442922,0.8402568295690795,0.94444445,2020,10,0,0,10,3,0,0,0,0,3,0,0,0,0,0,3,3,0,4,3,0,0,3,0,10,6
119,2020,10,50705,HH,48,0.2912621359223301,2.0009243697478962,3.1590361445783106,0.0,0.0,0.02040816,0.15625,0.0,0.0625,0.0903614457831325,0.0,0.27710843373494,0.006024096385542171,0.22068965517241382,0.28313253012048195,0.29655172413793107,0.5796842542584131,0.5555555666666666,2020,10,0,0,3,0,7,0,3,0,3,0,0,0,0,0,3,0,0,3,0,4,0,3,3,7,9
120,2020,10,74857,HH,44,0.30279898218829515,1.925673747064299,3.200000000000004,0.017163499999999998,0.4210526,0.009936766,0.22727272727272702,0.0227272727272727,0.0227272727272727,0.05,0.0222222222222222,0.23333333333333303,0.0,0.24882345301305003,0.2851045098000539,0.3336496301765898,0.6187541399766436,1.0,2020,10,0,0,3,0,7,0,3,0,3,0,0,0,0,0,3,0,0,3,0,4,0,3,3,7,9
121,2020,10,50234,OB,60,0.3130841121495327,2.385652173913037,3.3636363636363584,0.02222222,0.8333333,0.01481481,0.152777777777778,0.0,0.0694444444444444,0.0818181818181818,0.00303030303030303,0.25151515151515197,0.0,0.24573378839590426,0.30303030303030287,0.3344709897610919,0.6375012927913948,0.8653198666666667,2020,10,3,0,6,3,1,0,0,3,0,0,0,0,0,4,3,3,0,0,0,0,3,0,3,6,10
122,2020,10,69343,WO,89,0.26910994764397905,2.9256465972877375,3.874383301707785,0.02816901,0.6333333000000001,0.02441315,0.188679245283019,0.0283018867924528,0.0566037735849057,0.0379506641366224,0.0094876660341556,0.16508538899430703,0.00189753320683112,0.2547891473387737,0.27660352151532974,0.360550680196378,0.6371542017117078,0.77584414,2020,10,3,0,0,3,3,0,0,7,0,0,0,0,0,3,1,3,0,0,3,3,3,0,0,7,9
123,2020,10,67603,WO,41,0.30609756097560975,4.714976491033098,4.609756097560978,0.02885572,0.5862069000000001,0.0159204,0.145631067961165,0.0,0.11650485436893199,0.0804878048780488,0.00975609756097561,0.146341463414634,0.0024390243902439,0.2883574543353901,0.3483589896124102,0.43113638803543763,0.7794953776478478,0.848660725,2020,10,3,0,0,3,3,0,0,7,0,0,0,0,0,3,1,3,0,0,3,3,3,0,0,7,9
124,2020,10,76757,KT,29,0.2965235173824131,6.730358989237369,4.971428571428569,0.02401372,0.9285714,0.02401372,0.20512820512820498,0.0,0.179487179487179,0.0969387755102041,0.005102040816326529,0.13265306122449003,0.0,0.33720412542036526,0.40139549909767125,0.5879456545790979,0.9893411536767691,1.0,2020,10,3,0,0,9,0,1,0,0,3,0,0,0,0,0,0,0,3,3,0,3,3,1,3,9,7
125,2020,10,65616,HT,47,0.3367198838896952,4.904342725380294,4.734811529933483,0.03321033,0.8148148000000001,0.019680200000000002,0.15044247787610598,0.0353982300884956,0.0973451327433628,0.0909090909090909,0.0133037694013304,0.146341463414634,0.0,0.33511071812956167,0.3969703391198388,0.5071144495588942,0.904084788678733,0.9033730200000001,2020,10,0,0,6,0,0,0,6,1,0,0,0,0,3,3,0,0,3,0,3,3,3,0,1,6,10
126,2020,10,68701,HH,68,0.272108843537415,5.412492420255315,4.851428571428573,0.02777778,0.0,0.01388889,0.225,0.025,0.15,0.0914285714285714,0.0228571428571429,0.13714285714285698,0.0,0.30543083870279136,0.34292251354323244,0.5268681967623151,0.8697907103055476,0.94444445,2020,10,0,0,3,0,7,0,3,0,3,0,0,0,0,0,3,0,0,3,0,4,0,3,3,7,9
127,2020,10,62360,WO,37,0.32737030411449014,3.2612080252797258,4.557024793388434,0.011994,0.75,0.026986510000000002,0.19672131147541003,0.0163934426229508,0.0163934426229508,0.0661157024793388,0.0206611570247934,0.136363636363636,0.0,0.2924086920052309,0.34656144124431676,0.3738996389575084,0.7204610802018252,0.8796296333333333,2020,10,3,0,0,3,3,0,0,7,0,0,0,0,0,3,1,3,0,0,3,3,3,0,0,7,9
128,2020,10,61268,WO,35,0.2838196286472148,3.6002729585300113,4.494339622641512,0.01507538,0.3333333,0.03015075,0.169811320754717,0.0188679245283019,0.0566037735849057,0.0660377358490566,0.0141509433962264,0.141509433962264,0.0,0.2499138035845297,0.30181035412213014,0.34422089927680505,0.6460312533989352,1.0,2020,10,3,0,0,3,3,0,0,7,0,0,0,0,0,3,1,3,0,0,3,3,3,0,0,7,9
129,2020,10,50157,LG,35,0.32298136645962733,4.7040845070422534,4.539013452914799,0.01515152,0.0,0.0,0.172413793103448,0.0,0.103448275862069,0.0762331838565022,0.0269058295964126,0.147982062780269,0.0,0.2974358974358973,0.36322869955156944,0.44102564102564085,0.8042543405772102,0.8916666666666666,2020,10,0,0,10,3,0,0,0,0,3,0,0,0,0,0,3,3,0,4,3,0,0,3,0,10,6
130,2020,10,50640,HT,100,0.3,2.7706451612903167,4.142647058823525,0.04467354,0.7692308000000001,0.0137457,0.19658119658119702,0.0427350427350427,0.0256410256410256,0.0900735294117647,0.0110294117647059,0.194852941176471,0.0,0.2594235033259425,0.31617647058823545,0.3525498891352552,0.6687263597234907,0.83770398,2020,10,0,0,6,0,0,0,6,1,0,0,0,0,3,3,0,0,3,0,3,3,3,0,1,6,10
131,2020,10,63950,HT,42,0.30499468650371947,5.5521391414264984,4.809836065573766,0.02146558,0.6551724,0.01184308,0.14285714285714302,0.0571428571428571,0.14285714285714302,0.0819672131147541,0.0163934426229508,0.13114754098360698,0.0,0.3027882888997035,0.36392087633006776,0.5104145441452146,0.8743354204752823,0.93055555,2020,10,0,0,6,0,0,0,6,1,0,0,0,0,3,3,0,0,3,0,3,3,3,0,1,6,10
132,2020,10,50662,HT,35,0.35443037974683544,3.305384615384617,4.0341463414634156,0.03225806,0.0,0.03225806,0.133333333333333,0.0333333333333333,0.0666666666666667,0.105691056910569,0.016260162601626,0.21951219512195103,0.0,0.2941176470588236,0.3658536585365853,0.411764705882353,0.7776183644189383,0.875,2020,10,0,0,6,0,0,0,6,1,0,0,0,0,3,3,0,0,3,0,3,3,3,0,1,6,10
133,2020,10,68403,SS,37,0.2893401015228426,4.641594519623063,5.081415929203549,0.01630435,0.6666667,0.01630435,0.12962962962963,0.0,0.0925925925925926,0.11061946902654901,0.00442477876106195,0.13716814159291998,0.0,0.2757990460929504,0.3432496531831052,0.38816162042711555,0.7314112736102207,0.7857143,2020,10,0,0,3,0,3,7,0,0,0,0,0,0,3,3,0,1,3,3,3,0,3,0,0,7,9
134,2020,10,77927,SS,33,0.33640552995391704,5.2678389378219865,4.81747572815534,0.01515152,0.6315789,0.021531099999999997,0.258064516129032,0.0,0.129032258064516,0.0970873786407767,0.0,0.145631067961165,0.0,0.315293375438303,0.3787086460225619,0.5187084563662402,0.897417102388802,0.9,2020,10,0,0,3,0,3,7,0,0,0,0,0,0,3,3,0,1,3,3,3,0,3,0,0,7,9
135,2020,10,62528,LT,40,0.33306451612903226,3.996383230439436,3.4327868852459082,0.04042082,0.6849314999999999,0.01162791,0.263157894736842,0.0263157894736842,0.157894736842105,0.0655737704918033,0.0,0.22950819672131098,0.0,0.30410233545190807,0.3381026394213821,0.544183126598151,0.8822857660195331,0.7222222333333334,2020,10,0,0,1,0,0,3,0,0,9,0,0,0,3,3,0,3,4,0,3,0,0,3,0,9,7
136,2020,10,61101,LG,65,0.3218689162881246,4.186092785089726,4.022950819672129,0.02448211,0.6153846,0.01412429,0.22549019607843104,0.00980392156862745,0.127450980392157,0.104508196721311,0.008196721311475409,0.21926229508196696,0.0,0.2904735038766905,0.3686549316946245,0.47273138866206493,0.8413863203566894,0.8666666666666666,2020,10,0,0,10,3,0,0,0,0,3,0,0,0,0,0,3,3,0,4,3,0,0,3,0,10,6
137,2020,10,69103,LG,72,0.2908902691511387,3.207996611989692,3.7157894736842128,0.02242991,0.5833333,0.02336449,0.182481751824818,0.0072992700729927,0.0948905109489051,0.0543859649122807,0.0105263157894737,0.19473684210526299,0.0,0.241171784470322,0.2878904042383504,0.3573567317333969,0.6452471359717473,0.935317475,2020,10,0,0,10,3,0,0,0,0,3,0,0,0,0,0,3,3,0,4,3,0,0,3,0,10,6
138,2020,10,68902,NC,39,0.27722772277227725,7.414137931034475,4.955555555555553,0.0,0.0,0.0,0.135135135135135,0.0,0.24324324324324303,0.0666666666666667,0.0148148148148148,0.103703703703704,0.0,0.3057851239669421,0.3555555555555555,0.5702479338842971,0.9258034894398526,1.0,2020,10,0,0,3,0,0,0,0,3,0,0,0,0,10,0,3,0,3,3,0,0,1,3,3,10,6
139,2020,10,69748,HH,56,0.30144167758846657,4.436072673849289,4.49826589595376,0.03329753,0.7096774,0.02470462,0.12941176470588198,0.0,0.11764705882352902,0.101156069364162,0.0144508670520231,0.17630057803468202,0.0,0.261635865416708,0.3417026698254212,0.387836694617708,0.7295393644431292,0.94444445,2020,10,0,0,3,0,7,0,3,0,3,0,0,0,0,0,3,0,0,3,0,4,0,3,3,7,9
140,2020,10,62869,SK,94,0.2964426877470356,3.5914907494647164,3.9214285714285757,0.010132500000000001,0.5,0.02221356,0.23529411764705901,0.0,0.100840336134454,0.0660714285714286,0.00892857142857143,0.189285714285714,0.0,0.2823011049988547,0.319492921293651,0.4341269093679868,0.7536198306616377,0.924519225,2020,10,9,0,0,0,0,3,3,0,0,0,0,0,1,0,3,3,0,0,1,3,0,3,3,9,7
141,2020,10,69439,SS,101,0.26804123711340205,4.347325958942674,4.290173410404619,0.03503185,0.7272727,0.01592357,0.136363636363636,0.0151515151515152,0.136363636363636,0.0953757225433526,0.0202312138728324,0.187861271676301,0.0,0.2593263028961604,0.321718882359665,0.40863538638182806,0.730354268741493,1.0,2020,10,0,0,3,0,3,7,0,0,0,0,0,0,3,3,0,1,3,3,3,0,3,0,0,7,9
142,2020,10,76355,LT,40,0.35945273631840796,6.085107280676386,5.025,0.03177756,0.6875,0.01290963,0.163265306122449,0.0,0.12244897959183698,0.0625,0.01875,0.09375,0.0,0.35840781557329643,0.40381703401596686,0.5485833911836173,0.9524004251995841,0.90625,2020,10,0,0,1,0,0,3,0,0,9,0,0,0,3,3,0,3,4,0,3,0,0,3,0,9,7
143,2020,10,64805,OB,63,0.3107142857142857,3.522925233157188,4.136842105263156,0.013937280000000002,0.75,0.010452960000000002,0.24324324324324303,0.0540540540540541,0.0810810810810811,0.10526315789473699,0.0131578947368421,0.21052631578947398,0.0,0.27675180738962263,0.3460129994980449,0.44130693610777666,0.7873199356058216,0.6388889,2020,10,3,0,6,3,1,0,0,3,0,0,0,0,0,4,3,3,0,0,0,0,3,0,3,6,10
144,2020,10,63248,OB,63,0.3006993006993007,2.188562280510282,3.740425531914896,0.02028081,0.7307691999999999,0.01170047,0.11904761904761901,0.0,0.0238095238095238,0.0904255319148936,0.0,0.22872340425531898,0.0,0.2363413009754471,0.301624141297208,0.281358691637437,0.5829828329346449,0.875,2020,10,3,0,6,3,1,0,0,3,0,0,0,0,0,4,3,3,0,0,0,0,3,0,3,6,10
145,2020,10,67313,WO,94,0.30407343660355707,2.5792117511730135,3.4677966101694935,0.01342883,0.7333333000000001,0.02641003,0.0810810810810811,0.0135135135135135,0.0675675675675676,0.0734463276836158,0.0112994350282486,0.23446327683615803,0.0,0.26399590199418105,0.30175934316470815,0.3460486823437238,0.647808025508432,0.93333335,2020,10,3,0,0,3,3,0,0,7,0,0,0,0,0,3,1,3,0,0,3,3,3,0,0,7,9
146,2020,10,62754,HT,65,0.34077750206782464,3.2352221794278995,3.792344497607661,0.02203857,0.5625,0.02823691,0.179245283018868,0.009433962264150941,0.0754716981132075,0.0574162679425837,0.0119617224880383,0.19138755980861197,0.00239234449760766,0.3114083091941463,0.34055651805423265,0.44360994988977437,0.784166467944007,0.8741186,2020,10,0,0,6,0,0,0,6,1,0,0,0,0,3,3,0,0,3,0,3,3,3,0,1,6,10
147,2020,10,73117,SS,26,0.3316363636363636,2.8274284184911296,4.074418604651156,0.01573918,0.4285714,0.02360877,0.19607843137254896,0.0196078431372549,0.0392156862745098,0.0465116279069767,0.0,0.156976744186047,0.0,0.275129576723188,0.30404570844437945,0.3722341332137249,0.6762798416581044,0.875,2020,10,0,0,3,0,3,7,0,0,0,0,0,0,3,3,0,1,3,3,3,0,3,0,0,7,9
148,2020,10,69744,HH,79,0.30925925925925923,4.24045912483143,4.447933884297519,0.01836394,0.5909091,0.02086811,0.17469879518072304,0.0180722891566265,0.0903614457831325,0.0462809917355372,0.0181818181818182,0.125619834710744,0.0,0.29679447466721415,0.32593628925227297,0.4398279564345463,0.7657642456868192,0.8338124599999999,2020,10,0,0,3,0,7,0,3,0,3,0,0,0,0,0,3,0,0,3,0,4,0,3,3,7,9
149,2020,10,78536,LT,50,0.33587786259541985,2.560467804301787,4.097142857142864,0.0173913,1.0,0.03478261,0.23076923076923103,0.0,0.0256410256410256,0.10857142857142899,0.0,0.21714285714285697,0.00571428571428571,0.2716126632860264,0.33827813809332546,0.35518579045095766,0.6934639285442832,0.7222222,2020,10,0,0,1,0,0,3,0,0,9,0,0,0,3,3,0,3,4,0,3,0,0,3,0,9,7
150,2020,10,63348,WO,47,0.32,4.908271885005904,4.5951219512195145,0.01785714,0.75,0.008928571,0.23076923076923103,0.0,0.12820512820512803,0.0792682926829268,0.00609756097560976,0.146341463414634,0.0,0.30459157279933247,0.3528121127018528,0.4920325406758447,0.8448446533776974,0.6388889,2020,10,3,0,0,3,3,0,0,7,0,0,0,0,0,3,1,3,0,0,3,3,3,0,0,7,9
151,2020,10,62363,WO,89,0.30870165745856354,3.247691067038231,3.8473197781885404,0.019450799999999997,0.6176471,0.02402746,0.130769230769231,0.007692307692307691,0.0692307692307692,0.0591497227356747,0.0258780036968577,0.18853974121996303,0.0036968576709796703,0.2576743769970432,0.31841117325055673,0.34885146424215085,0.6672626374927075,0.9488636333333332,2020,10,3,0,0,3,3,0,0,7,0,0,0,0,0,3,1,3,0,0,3,3,3,0,0,7,9
152,2020,10,69940,NC,105,0.27692307692307694,3.1381394655266286,3.784615384615387,0.01779026,0.6315789,0.02434457,0.0692307692307692,0.0153846153846154,0.0846153846153846,0.0705128205128205,0.0144230769230769,0.20512820512820498,0.0,0.24477912286409867,0.2948026133530333,0.3313932740313951,0.6261958873844284,0.9296296333333333,2020,10,0,0,3,0,0,0,0,3,0,0,0,0,10,0,3,0,3,3,0,0,1,3,3,10,6
153,2020,10,50636,HT,100,0.2988235294117647,1.8885981308411253,3.2293515358361806,0.01812689,0.6666667,0.03323263,0.13740458015267198,0.0,0.0305343511450382,0.0409556313993174,0.00511945392491468,0.221843003412969,0.00170648464163823,0.23774954627949185,0.2696245733788396,0.29219600725952827,0.5618205806383678,0.95833335,2020,10,0,0,6,0,0,0,6,1,0,0,0,0,3,3,0,0,3,0,3,3,3,0,1,6,10
154,2020,10,77637,HT,93,0.3098644578313253,3.2317099090299677,3.9506216696270045,0.02455938,0.5294118,0.02311471,0.233082706766917,0.0225563909774436,0.0827067669172932,0.088809946714032,0.00532859680284192,0.20959147424511498,0.0,0.25336915299056406,0.3196055872971095,0.3867213387750714,0.706326926072181,0.895138875,2020,10,0,0,6,0,0,0,6,1,0,0,0,0,3,3,0,0,3,0,3,3,3,0,1,6,10
155,2020,10,50524,LT,102,0.3113207547169811,4.182700729927004,4.5864406779661,0.01860465,1.0,0.0372093,0.12962962962963,0.009259259259259259,0.0833333333333333,0.0653753026634383,0.009685230024213079,0.13317191283293,0.0048426150121065395,0.30167597765363124,0.33656174334140443,0.42178770949720684,0.7583494528386112,0.8446455666666667,2020,10,0,0,1,0,0,3,0,0,9,0,0,0,3,3,0,3,4,0,3,0,0,3,0,9,7
156,2020,10,50558,LT,99,0.2727272727272727,2.1834210526315827,3.169230769230774,0.02318841,0.875,0.0115942,0.16806722689075596,0.0,0.0672268907563025,0.0705128205128205,0.008012820512820509,0.25641025641025605,0.0,0.2106194690265484,0.269230769230769,0.2884955752212385,0.5577263444520075,0.8326389,2020,10,0,0,1,0,0,3,0,0,9,0,0,0,3,3,0,3,4,0,3,0,0,3,0,9,7
157,2020,10,50126,LG,65,0.2749003984063745,3.9367532467532405,4.698245614035083,0.02339181,0.75,0.011695909999999999,0.219178082191781,0.0,0.0547945205479452,0.0847953216374269,0.0263157894736842,0.14327485380117,0.00292397660818713,0.2635379061371839,0.3245614035087718,0.3646209386281586,0.6891823421369303,0.6,2020,10,0,0,10,3,0,0,0,0,3,0,0,0,0,0,3,3,0,4,3,0,0,3,0,10,6
158,2020,10,78148,LG,75,0.3361462728551336,3.3812612945942386,3.824581005586595,0.02998847,0.7307691999999999,0.02076125,0.17045454545454503,0.0,0.0909090909090909,0.0698324022346369,0.00558659217877095,0.201117318435754,0.0,0.285225397642162,0.3367428224207518,0.41163210796084726,0.7483749303815991,0.845301775,2020,10,0,0,10,3,0,0,0,0,3,0,0,0,0,0,3,3,0,4,3,0,0,3,0,10,6
159,2020,10,68900,NC,71,0.33884297520661155,4.889388041488158,3.9000000000000004,0.01654846,0.2857143,0.02364066,0.12280701754386,0.0175438596491228,0.157894736842105,0.03125,0.00520833333333333,0.15625,0.00520833333333333,0.3202977080537897,0.3400738690926548,0.52259099735092,0.8626648664435748,0.68653845,2020,10,0,0,3,0,0,0,0,3,0,0,0,0,10,0,3,0,3,3,0,0,1,3,3,10,6
160,2020,10,65516,KT,92,0.30549199084668194,5.066306492563854,5.171186440677973,0.01655307,0.6470588,0.031158709999999996,0.214953271028037,0.0,0.10280373831775699,0.11652542372881401,0.00423728813559322,0.135593220338983,0.00211864406779661,0.287198127962028,0.37023566200091446,0.4375074285776687,0.8077430905785832,0.9296296333333333,2020,10,3,0,0,9,0,1,0,0,3,0,0,0,0,0,0,0,3,3,0,3,3,1,3,9,7
161,2020,10,69646,HT,44,0.37168141592920356,6.819620344169073,6.11428571428572,0.01176471,1.0,0.01176471,0.25,0.0,0.0833333333333333,0.166666666666667,0.0238095238095238,0.107142857142857,0.0,0.3453418286791058,0.4700386232164192,0.5180127430186586,0.9880513662350778,1.0,2020,10,0,0,6,0,0,0,6,1,0,0,0,0,3,3,0,0,3,0,3,3,3,0,1,6,10
162,2020,10,67391,WO,47,0.3464052287581699,3.924042553191482,4.37297297297297,0.009433961999999999,0.0,0.03773585,0.31034482758620696,0.0,0.0862068965517241,0.0990990990990991,0.0045045045045045,0.184684684684685,0.0,0.29591836734693844,0.3648648648648645,0.4642857142857137,0.8291505791505782,0.67238096,2020,10,3,0,0,3,3,0,0,7,0,0,0,0,0,3,1,3,0,0,3,3,3,0,0,7,9
163,2020,10,64768,SK,73,0.32599118942731276,5.0155879426610825,4.843037974683549,0.02721088,0.75,0.02040816,0.18461538461538501,0.0,0.10769230769230802,0.0675105485232067,0.008438818565400841,0.11392405063291099,0.0,0.3125448817189016,0.359481643753434,0.4712215139761905,0.8307031577296244,0.875,2020,10,9,0,0,0,0,3,3,0,0,0,0,0,1,0,3,3,0,0,1,3,0,3,3,9,7
164,2020,10,50030,KT,93,0.288135593220339,3.689999999999997,4.601716738197421,0.01162791,1.0,0.03488372,0.166666666666667,0.0,0.0555555555555556,0.0751072961373391,0.0107296137339056,0.141630901287554,0.0,0.2700000000000001,0.31759656652360524,0.36000000000000015,0.6775965665236054,0.8986111,2020,10,3,0,0,9,0,1,0,0,3,0,0,0,0,0,0,0,3,3,0,3,3,1,3,9,7
165,2020,10,69045,OB,97,0.30186823992133727,2.6213622502020337,3.2446601941747617,0.02067669,0.6818181999999999,0.01315789,0.2,0.0206896551724138,0.0827586206896552,0.0372168284789644,0.00970873786407767,0.216828478964401,0.0016181229773462801,0.25071951340783644,0.28344575455787807,0.37348561997305296,0.6569313745309311,0.9095238,2020,10,3,0,6,3,1,0,0,3,0,0,0,0,0,4,3,3,0,0,0,0,3,0,3,6,10
166,2020,10,67263,OB,104,0.30857142857142855,3.9247786852294353,4.006635071090051,0.01106195,0.4,0.019911500000000002,0.166666666666667,0.0294117647058824,0.107843137254902,0.0521327014218009,0.014218009478673,0.16824644549763001,0.0023696682464455,0.29422357012392053,0.3222276071930778,0.4557580792115633,0.777985686404641,1.0,2020,10,3,0,6,3,1,0,0,3,0,0,0,0,0,4,3,3,0,0,0,0,3,0,3,6,10
167,2020,10,61365,SS,51,0.31771894093686354,5.092798511855301,4.970149253731342,0.03127642,0.5945946,0.020287400000000004,0.174418604651163,0.0116279069767442,0.0930232558139535,0.0656716417910448,0.017910447761194,0.10149253731343301,0.00298507462686567,0.327687734971789,0.3711647584528536,0.48391095745833956,0.8550757159111932,0.7962963,2020,10,0,0,3,0,3,7,0,0,0,0,0,0,3,3,0,1,3,3,3,0,3,0,0,7,9
168,2020,10,79229,OB,46,0.3195801664857039,4.604778540031326,5.236893203883494,0.01400304,0.5652174,0.02465753,0.2,0.03125,0.075,0.0699029126213592,0.0038834951456310704,0.083495145631068,0.0,0.26843388958357095,0.3172012163796653,0.39929541075556185,0.7164966271352271,0.81174245,2020,10,3,0,6,3,1,0,0,3,0,0,0,0,0,4,3,3,0,0,0,0,3,0,3,6,10
169,2020,10,69539,LT,74,0.3177004538577912,5.307014984292869,4.775565610859735,0.026685389999999996,0.7368420999999999,0.02808989,0.135593220338983,0.0,0.127118644067797,0.0701357466063348,0.0113122171945701,0.12217194570135699,0.0,0.31517645084842394,0.3631101766631842,0.47810665001582986,0.8412168266790141,0.87714286,2020,10,0,0,1,0,0,3,0,0,9,0,0,0,3,3,0,3,4,0,3,0,0,3,0,9,7
170,2020,10,60841,SK,99,0.30176415970287834,3.9070219994745936,4.246580406654337,0.05360755,0.7735849,0.01989211,0.13223140495867802,0.0165289256198347,0.0909090909090909,0.10720887245841,0.0295748613678373,0.203327171903882,0.0,0.2436429862289527,0.34574925251429556,0.3503626413540312,0.6961118938683268,0.9070512666666667,2020,10,9,0,0,0,0,3,3,0,0,0,0,0,1,0,3,3,0,0,1,3,0,3,3,9,7
171,2020,10,69962,NC,88,0.3023255813953488,4.2176286735448505,4.299999999999996,0.01449275,0.0,0.01449275,0.178571428571429,0.0,0.125,0.1,0.00416666666666667,0.19166666666666698,0.0,0.2678477859072051,0.3374174468941911,0.4161206673915509,0.753538114285742,0.9615384499999999,2020,10,0,0,3,0,0,0,0,3,0,0,0,0,10,0,3,0,3,3,0,0,1,3,3,10,6
172,2020,10,50040,KT,111,0.31346153846153846,3.6090871369294564,4.198331015299022,0.01272265,0.4,0.02290076,0.141242937853107,0.005649717514124289,0.0790960451977401,0.0737134909596662,0.00973574408901252,0.173852573018081,0.0,0.2744186046511629,0.3296244784422811,0.3813953488372094,0.7110198272794905,0.877339575,2020,10,3,0,0,9,0,1,0,0,3,0,0,0,0,0,0,0,3,3,0,3,3,1,3,9,7
173,2020,10,69032,KT,111,0.2535364526659412,3.852950727884117,4.2757170172084145,0.01970443,0.8,0.02068966,0.192660550458716,0.009174311926605509,0.100917431192661,0.0650095602294455,0.0152963671128107,0.158699808795411,0.0,0.24309732309055107,0.289007070875062,0.36799136064166027,0.6569984315167223,0.875,2020,10,3,0,0,9,0,1,0,0,3,0,0,0,0,0,0,0,3,3,0,3,3,1,3,9,7
174,2020,10,65764,HH,94,0.3329798515376458,4.443529440790112,4.176,0.03958692,0.8043478000000001,0.01376936,0.13861386138613901,0.0,0.128712871287129,0.114,0.013999999999999999,0.21600000000000003,0.004,0.29321852924300995,0.3789950610320166,0.4470856782517185,0.826080739283735,0.8739899,2020,10,0,0,3,0,7,0,3,0,3,0,0,0,0,0,3,0,0,3,0,4,0,3,3,7,9
175,2020,10,50835,SK,99,0.3463302752293578,5.039593495934961,5.205194805194808,0.038011699999999995,0.8461538000000001,0.026315789999999995,0.17073170731707302,0.00609756097560976,0.0792682926829268,0.12012987012986999,0.0146103896103896,0.136363636363636,0.00324675324675325,0.31178707224334584,0.40097402597402576,0.4429657794676803,0.843939805441706,0.8446969666666666,2020,10,9,0,0,0,0,3,3,0,0,0,0,0,1,0,3,3,0,0,1,3,0,3,3,9,7
176,2020,10,50912,NC,107,0.2994791666666667,3.714193548387093,4.373262032085559,0.00990099,0.6666667,0.02310231,0.17741935483871,0.00806451612903226,0.0725806451612903,0.0980392156862745,0.017825311942959,0.183600713012478,0.0035650623885918,0.25203252032520324,0.33689839572192515,0.35569105691056924,0.6925894526324944,0.9070512666666667,2020,10,0,0,3,0,0,0,0,3,0,0,0,0,10,0,3,0,3,3,0,0,1,3,3,10,6
177,2020,10,73211,LT,91,0.3007985803016859,5.057616182775717,4.616783216783219,0.02448657,0.7096774,0.01816746,0.201834862385321,0.009174311926605509,0.13761467889908302,0.0629370629370629,0.00466200466200466,0.12820512820512803,0.0,0.2973727670002851,0.33793794669023586,0.4856179130830347,0.8235558597732706,0.909226175,2020,10,0,0,1,0,0,3,0,0,9,0,0,0,3,3,0,3,4,0,3,0,0,3,0,9,7
178,2020,10,65048,KT,87,0.34003350083752093,4.747523535423582,4.65558312655087,0.01830283,0.6363635999999999,0.02828619,0.096,0.008,0.10400000000000001,0.0669975186104218,0.00744416873449132,0.129032258064516,0.0,0.3131369543169923,0.36193715408756116,0.44590702294739704,0.8078441770349583,0.8237179333333334,2020,10,3,0,0,9,0,1,0,0,3,0,0,0,0,0,0,0,3,3,0,3,3,1,3,9,7
179,2020,10,64021,LT,121,0.31988130563798217,4.47963080122203,4.242300556586273,0.024197299999999998,0.6730769,0.02233597,0.14960629921259802,0.0,0.125984251968504,0.0742115027829314,0.00927643784786642,0.170686456400742,0.0,0.3085925176294749,0.34799581288463344,0.47139329464659935,0.8193891075312327,0.8713889,2020,10,0,0,1,0,0,3,0,0,9,0,0,0,3,3,0,3,4,0,3,0,0,3,0,9,7
180,2020,10,50404,SS,115,0.29347826086956524,4.002796208530812,4.377491961414796,0.0,0.0,0.05830904,0.11409395973154401,0.0134228187919463,0.0939597315436242,0.0707395498392283,0.0112540192926045,0.155948553054662,0.0,0.2655971479500894,0.32154340836012885,0.3778966131907313,0.6994400215508602,0.9076922999999999,2020,10,0,0,3,0,3,7,0,0,0,0,0,0,3,3,0,1,3,3,3,0,3,0,0,7,9
181,2020,10,69446,SS,82,0.2958904109589041,4.917231481553962,4.87390396659708,0.02316602,0.8333332999999999,0.01673102,0.17886178861788601,0.008130081300813009,0.113821138211382,0.081419624217119,0.0104384133611691,0.125260960334029,0.0,0.27500804756601205,0.34160438557664974,0.4225733413819208,0.7641777269585706,0.9041666599999999,2020,10,0,0,3,0,3,7,0,0,0,0,0,0,3,3,0,1,3,3,3,0,3,0,0,7,9
182,2020,10,68419,SS,104,0.3247978436657682,3.4958535118029235,4.106896551724142,0.01862631,0.75,0.02211874,0.214953271028037,0.0,0.0747663551401869,0.0862068965517241,0.0150862068965517,0.19396551724137898,0.0021551724137931,0.2716015827719411,0.34362727428358525,0.3909032125876534,0.7345304868712387,0.8345352500000001,2020,10,0,0,3,0,3,7,0,0,0,0,0,0,3,3,0,1,3,3,3,0,3,0,0,7,9
183,2020,10,68135,LG,112,0.29470864032150035,3.6230399236359285,4.2040540540540565,0.03986333,0.7857143,0.023918000000000002,0.13571428571428598,0.0142857142857143,0.0785714285714286,0.0625,0.0135135135135135,0.162162162162162,0.00168918918918919,0.2763069935628054,0.31404825458957897,0.3868297909879277,0.7008780455775067,0.87439076,2020,10,0,0,10,3,0,0,0,0,3,0,0,0,0,0,3,3,0,4,3,0,0,3,0,10,6
184,2020,10,77318,HH,117,0.34021469859620146,3.9717941041539233,4.392537313432836,0.029574859999999998,0.7708333,0.02341343,0.19047619047619,0.007936507936507941,0.0873015873015873,0.115671641791045,0.0111940298507463,0.199626865671642,0.0,0.28474770135182953,0.37123869892134637,0.41808194246101943,0.7893206413823658,0.9238095333333334,2020,10,0,0,3,0,7,0,3,0,3,0,0,0,0,0,3,0,0,3,0,4,0,3,3,7,9
