ds,P_ID,PA_PER_G
2020-07-31 00:00:00,60140,0.43560376424674435
2020-08-31 00:00:00,60140,0.7740593769878913
2020-09-30 00:00:00,60140,0.6991333097627677
2020-10-31,60140,0.6991333097627677
2020-07-30 00:00:00,60768,0.8567504983740003
2020-07-31 00:00:00,60768,0.6950102953002324
2020-08-31 00:00:00,60768,1.8299241375031305
2020-09-30 00:00:00,60768,1.9122974056060795
2020-10-31,60768,1.9122974056060795
2020-07-30 00:00:00,61156,0.7354471848990329
2020-07-31 00:00:00,61156,0.7430344941188189
2020-08-31 00:00:00,61156,0.882352941176471
2020-09-30 00:00:00,61156,0.882352941176471
2020-10-31,61156,0.882352941176471
2020-07-31 00:00:00,61214,0.13264900574789013
2020-08-31 00:00:00,61214,0.08396256414555256
2020-09-30 00:00:00,61214,0.04855356367963484
2020-10-31,61214,0.04855356367963484
2020-07-31 00:00:00,62611,2.035827850545766
2020-10-31,62611,2.035827850545766
2020-07-30 00:00:00,63765,1.1273718122973746
2020-07-31 00:00:00,63765,1.127480253920318
2020-08-31 00:00:00,63765,1.1308419442315647
2020-09-30 00:00:00,63765,1.134095192919868
2020-10-31,63765,1.134095192919868
2020-07-30 00:00:00,65764,1.6664629503372994
2020-07-31 00:00:00,65764,1.7733384423372596
2020-08-31 00:00:00,65764,1.598330047599716
2020-09-30 00:00:00,65764,1.203992268126367
2020-10-31,65764,1.203992268126367
2020-07-30 00:00:00,65769,5.296296296296299
2020-07-31 00:00:00,65769,5.296296296296299
2020-08-31 00:00:00,65769,3.24909213578197
2020-09-30 00:00:00,65769,3.1130643922470083
2020-10-31,65769,3.1130643922470083
2020-07-30 00:00:00,67703,2.2080265796343426
2020-07-31 00:00:00,67703,2.239906261907051
2020-08-31 00:00:00,67703,2.0671298566574565
2020-09-30 00:00:00,67703,2.3333333333333304
2020-10-31,67703,2.3333333333333304
2020-07-30 00:00:00,67737,0.011820778335446392
2020-07-31 00:00:00,67737,0.00587411346346144
2020-08-31 00:00:00,67737,0.06456300059607382
2020-09-30 00:00:00,67737,0.15059374620430208
2020-10-31,67737,0.15059374620430208
2020-07-31 00:00:00,68703,0.031202754010798806
2020-10-31,68703,0.031202754010798806
2020-07-30 00:00:00,69744,6.101783339228668
2020-07-31 00:00:00,69744,6.103127704093759
2020-08-31 00:00:00,69744,6.1448030149116235
2020-09-30 00:00:00,69744,6.185133960864395
2020-10-31,69744,6.185133960864395
2020-07-31 00:00:00,69745,2.7272507605884235
2020-08-31 00:00:00,69745,2.7615988314755175
2020-09-30 00:00:00,69745,2.794838900075931
2020-10-31,69745,2.794838900075931
2020-07-30 00:00:00,69748,2.7079112366679863
2020-07-31 00:00:00,69748,2.7019438692104547
2020-08-31 00:00:00,69748,2.5169554780269676
2020-09-30 00:00:00,69748,2.3379344543010134
2020-10-31,69748,2.3379344543010134
2020-07-31 00:00:00,73738,1.646912625415284
2020-08-31 00:00:00,73738,1.8294690868680314
2020-09-30 00:00:00,73738,2.521480519137506
2020-10-31,73738,2.521480519137506
2020-07-31 00:00:00,73750,0
2020-08-31 00:00:00,73750,0
2020-09-30 00:00:00,73750,0
2020-10-31,73750,0
2020-07-30 00:00:00,74857,1.1027941740000071
2020-07-31 00:00:00,74857,1.1492827004216795
2020-08-31 00:00:00,74857,1.0294024655286176
2020-09-30 00:00:00,74857,1.0695057781236457
2020-10-31,74857,1.0695057781236457
2020-07-30 00:00:00,77318,5.64705882352941
2020-07-31 00:00:00,77318,5.64705882352941
2020-08-31 00:00:00,77318,3.9464792482174924
2020-09-30 00:00:00,77318,3.8862516001940843
2020-10-31,77318,3.8862516001940843
2020-07-30 00:00:00,79764,2.0349728846621846
2020-07-31 00:00:00,79764,2.332483203858949
2020-08-31 00:00:00,79764,0.9764246003485646
2020-09-30 00:00:00,79764,2.5396413558988598
2020-10-31,79764,2.5396413558988598
2020-07-30 00:00:00,50636,5.4643080533028625
2020-07-31 00:00:00,50636,5.465053572130471
2020-08-31 00:00:00,50636,5.488164655786322
2020-09-30 00:00:00,50636,5.510530220614565
2020-10-31,50636,5.510530220614565
2020-07-30 00:00:00,50640,4.395146065550462
2020-07-31 00:00:00,50640,4.383875774653689
2020-08-31 00:00:00,50640,4.034496756853726
2020-09-30 00:00:00,50640,3.696388029950537
2020-10-31,50640,3.696388029950537
2020-07-30 00:00:00,61643,0.5388554790356251
2020-07-31 00:00:00,61643,0.6199951724848273
2020-08-31 00:00:00,61643,0.5960718538279816
2020-09-30 00:00:00,61643,0.5962035976446112
2020-10-31,61643,0.5962035976446112
2020-07-31 00:00:00,62263,0
2020-10-31,62263,0
2020-07-30 00:00:00,62754,4.278475550061993
2020-07-31 00:00:00,62754,4.4938312294685705
2020-08-31 00:00:00,62754,2.9653964002246727
2020-09-30 00:00:00,62754,4.612105902168285
2020-10-31,62754,4.612105902168285
2020-07-31,62908,0.0416666666666667
2020-08-31,62908,0.0416666666666667
2020-09-30,62908,0.0416666666666667
2020-10-31,62908,0.0416666666666667
2020-07-30 00:00:00,63628,0.10843991311139975
2020-07-31 00:00:00,63628,0.1085315841532958
2020-08-31 00:00:00,63628,0.0644657102169168
2020-09-30 00:00:00,63628,0.10175100822813406
2020-10-31,63628,0.10175100822813406
2020-07-30 00:00:00,63638,0.37755373309838947
2020-07-31 00:00:00,63638,0.3230404724931227
2020-08-31 00:00:00,63638,0.6850575999964472
2020-09-30 00:00:00,63638,0.4289644477910557
2020-10-31,63638,0.4289644477910557
2020-07-30 00:00:00,65616,5.52941176470588
2020-07-31 00:00:00,65616,5.52941176470588
2020-08-31 00:00:00,65616,5.278138685509575
2020-09-30 00:00:00,65616,5.52941176470588
2020-10-31,65616,5.52941176470588
2020-07-30 00:00:00,65643,0.04870785412461066
2020-07-31 00:00:00,65643,0.051172420487234575
2020-08-31 00:00:00,65643,0.027936919250587673
2020-09-30 00:00:00,65643,0.038723895523362015
2020-10-31,65643,0.038723895523362015
2020-07-31 00:00:00,65665,0.14410411206175297
2020-10-31,65665,0.14410411206175297
2020-07-31 00:00:00,65696,0
2020-08-31 00:00:00,65696,0
2020-09-30 00:00:00,65696,0
2020-10-31,65696,0
2020-07-30 00:00:00,66609,0.46848796705597895
2020-07-31 00:00:00,66609,0.4218774228354516
2020-08-31 00:00:00,66609,0.6065985421957327
2020-09-30 00:00:00,66609,0.5234018745901651
2020-10-31,66609,0.5234018745901651
2020-07-31,66630,2.2083333333333304
2020-08-31,66630,2.2083333333333304
2020-09-30,66630,2.2083333333333304
2020-10-31,66630,2.2083333333333304
2020-07-31 00:00:00,67646,0
2020-08-31 00:00:00,67646,0.00378701418911351
2020-09-30 00:00:00,67646,0.0025184193196843173
2020-10-31,67646,0.0025184193196843173
2020-07-31,68616,0.2641666666666665
2020-08-31,68616,0.2641666666666665
2020-09-30,68616,0.2641666666666665
2020-10-31,68616,0.2641666666666665
2020-07-30 00:00:00,69516,1.062219530224025
2020-07-31 00:00:00,69516,1.0650524369841434
2020-08-31 00:00:00,69516,1.1528725465478136
2020-09-30 00:00:00,69516,1.2378597493513652
2020-10-31,69516,1.2378597493513652
2020-07-30 00:00:00,77637,5.426954579971712
2020-07-31 00:00:00,77637,4.696585866668387
2020-08-31 00:00:00,77637,4.206479565584453
2020-09-30 00:00:00,77637,5.489241748925004
2020-10-31,77637,5.489241748925004
2020-07-30 00:00:00,50030,3.379530431139291
2020-07-31 00:00:00,50030,3.360672897793212
2020-08-31 00:00:00,50030,2.7760893640647555
2020-09-30 00:00:00,50030,2.2103633636823785
2020-10-31,50030,2.2103633636823785
2020-07-31,50036,0.6843478260869564
2020-08-31,50036,0.6843478260869564
2020-09-30,50036,0.6843478260869564
2020-10-31,50036,0.6843478260869564
2020-07-30 00:00:00,50040,6.82715759175005
2020-07-31 00:00:00,50040,6.846559464842932
2020-08-31 00:00:00,50040,6.9375
2020-09-30 00:00:00,50040,6.9375
2020-10-31,50040,6.9375
2020-07-31 00:00:00,64029,0.14770081121100112
2020-08-31 00:00:00,64029,0.1479398595739246
2020-09-30 00:00:00,64029,0.1361204553728975
2020-10-31,64029,0.1361204553728975
2020-07-30 00:00:00,65048,1.4389466958191326
2020-07-31 00:00:00,65048,1.3470996251169496
2020-08-31 00:00:00,65048,1.8976042141740408
2020-09-30 00:00:00,65048,0.9558933668889259
2020-10-31,65048,0.9558933668889259
2020-07-30 00:00:00,65060,2.320604655307379
2020-07-31 00:00:00,65060,2.269442523407661
2020-08-31 00:00:00,65060,2.261064924950784
2020-09-30 00:00:00,65060,2.314062702306936
2020-10-31,65060,2.314062702306936
2020-07-30 00:00:00,65062,2.352522243180464
2020-07-31 00:00:00,65062,2.5344790541168876
2020-08-31 00:00:00,65062,2.2500568000894203
2020-09-30 00:00:00,65062,2.2469242836247645
2020-10-31,65062,2.2469242836247645
2020-07-30 00:00:00,65516,0.4433590338069827
2020-07-31 00:00:00,65516,0.5440368559311736
2020-08-31 00:00:00,65516,1.0330788488716522
2020-09-30 00:00:00,65516,0.25327497325244236
2020-10-31,65516,0.25327497325244236
2020-07-31 00:00:00,66047,0.015438086813699523
2020-10-31,66047,0.015438086813699523
2020-07-31 00:00:00,67008,1.4933001737341765
2020-10-31,67008,1.4933001737341765
2020-07-30 00:00:00,68043,0
2020-07-31 00:00:00,68043,0
2020-08-31 00:00:00,68043,0.0010759884490756818
2020-09-30 00:00:00,68043,0
2020-10-31,68043,0
2020-07-30 00:00:00,69032,4.308964254812163
2020-07-31 00:00:00,69032,4.306578830388977
2020-08-31 00:00:00,69032,4.232630673270214
2020-09-30 00:00:00,69032,4.161067940574637
2020-10-31,69032,4.161067940574637
2020-07-30 00:00:00,69041,0.7601977394788225
2020-07-31 00:00:00,69041,0.7578406595244098
2020-08-31 00:00:00,69041,0.6847711809376168
2020-09-30 00:00:00,69041,0.6140587823052366
2020-10-31,69041,0.6140587823052366
2020-07-31,69068,0.4770531400966185
2020-08-31,69068,0.4770531400966185
2020-09-30,69068,0.4770531400966185
2020-10-31,69068,0.4770531400966185
2020-07-31,69098,0.565217391304348
2020-08-31,69098,0.565217391304348
2020-09-30,69098,0.565217391304348
2020-10-31,69098,0.565217391304348
2020-07-30 00:00:00,75340,1.3006420218771553
2020-07-31 00:00:00,75340,1.2541685792115866
2020-08-31 00:00:00,75340,1.6908239251145565
2020-09-30 00:00:00,75340,1.6099200385002626
2020-10-31,75340,1.6099200385002626
2020-07-30 00:00:00,76757,0.17682409876937788
2020-07-31 00:00:00,76757,0.17333542547640038
2020-08-31 00:00:00,76757,0.10802581699499875
2020-09-30 00:00:00,76757,0.03264970251896082
2020-10-31,76757,0.03264970251896082
2020-07-30 00:00:00,77563,1.1662099269111046
2020-07-31 00:00:00,77563,1.1237617901203458
2020-08-31 00:00:00,77563,1.2855226629121297
2020-09-30 00:00:00,77563,1.0609551168510027
2020-10-31,77563,1.0609551168510027
2020-07-31,78517,1.9601449275362302
2020-08-31,78517,1.9601449275362302
2020-09-30,78517,1.9601449275362302
2020-10-31,78517,1.9601449275362302
2020-07-30 00:00:00,50126,2.803190274441438
2020-07-31 00:00:00,50126,2.8136234667934668
2020-08-31 00:00:00,50126,3.1370524297063596
2020-09-30 00:00:00,50126,3.450048200267224
2020-10-31,50126,3.450048200267224
2020-07-30 00:00:00,50157,0.15954405867914045
2020-07-31 00:00:00,50157,0.13482724084448147
2020-08-31 00:00:00,50157,0
2020-09-30 00:00:00,50157,0
2020-10-31,50157,0
2020-07-31 00:00:00,60337,0.011015811864178339
2020-08-31 00:00:00,60337,0.013155582649085003
2020-09-30 00:00:00,60337,0
2020-10-31,60337,0
2020-07-31 00:00:00,60845,0.6983428329957841
2020-08-31 00:00:00,60845,0.7315365929596368
2020-09-30 00:00:00,60845,0.38342225164305394
2020-10-31,60845,0.38342225164305394
2020-07-30 00:00:00,61101,4.571018577067955
2020-07-31 00:00:00,61101,4.739686528913148
2020-08-31 00:00:00,61101,4.887864818628675
2020-09-30 00:00:00,61101,4.760789497933752
2020-10-31,61101,4.760789497933752
2020-07-31 00:00:00,63103,0.07350476700310488
2020-08-31 00:00:00,63103,0
2020-09-30 00:00:00,63103,0
2020-10-31,63103,0
2020-07-30 00:00:00,65117,1.7723743338156135
2020-07-31 00:00:00,65117,1.7772439552327028
2020-08-31 00:00:00,65117,1.9282022191624746
2020-09-30 00:00:00,65117,2.0
2020-10-31,65117,2.0
2020-07-30 00:00:00,66145,2.2696190826237133
2020-07-31 00:00:00,66145,2.2514652975181795
2020-08-31 00:00:00,66145,2.388396886535788
2020-09-30 00:00:00,66145,1.8555018477777818
2020-10-31,66145,1.8555018477777818
2020-07-30 00:00:00,67119,1.1560953998778298
2020-07-31 00:00:00,67119,1.213459312857293
2020-08-31 00:00:00,67119,1.2256278126356954
2020-09-30 00:00:00,67119,0.6773223300487525
2020-10-31,67119,0.6773223300487525
2020-07-30 00:00:00,68135,6.0
2020-07-31 00:00:00,68135,5.961648826940325
2020-08-31 00:00:00,68135,4.300765760590141
2020-09-30 00:00:00,68135,5.594234408966143
2020-10-31,68135,5.594234408966143
2020-07-30 00:00:00,69103,5.236249641229302
2020-07-31 00:00:00,69103,5.236717421686675
2020-08-31 00:00:00,69103,5.251218615865249
2020-09-30 00:00:00,69103,5.265252029586451
2020-10-31,69103,5.265252029586451
2020-07-30 00:00:00,69159,2.104442253554381
2020-07-31 00:00:00,69159,2.1055808029060548
2020-08-31 00:00:00,69159,2.1408758328079363
2020-09-30 00:00:00,69159,2.1750323133581446
2020-10-31,69159,2.1750323133581446
2020-07-30 00:00:00,73801,1.213430378077774
2020-07-31 00:00:00,73801,1.1801515496586614
2020-08-31 00:00:00,73801,1.1341179835536919
2020-09-30 00:00:00,73801,2.688629685489306
2020-10-31,73801,2.688629685489306
2020-07-30 00:00:00,76455,4.642410661627458
2020-07-31 00:00:00,76455,4.528066611768022
2020-08-31 00:00:00,76455,4.730986706649904
2020-09-30 00:00:00,76455,4.903015771033145
2020-10-31,76455,4.903015771033145
2020-07-30 00:00:00,76650,2.092930275629916
2020-07-31 00:00:00,76650,2.2687213745204913
2020-08-31 00:00:00,76650,1.527550910750092
2020-09-30 00:00:00,76650,1.5884138361779754
2020-10-31,76650,1.5884138361779754
2020-07-30 00:00:00,78148,3.4
2020-07-31 00:00:00,78148,3.4
2020-08-31 00:00:00,78148,3.4
2020-09-30 00:00:00,78148,3.4
2020-10-31,78148,3.4
2020-07-30 00:00:00,79140,1.1448098374623
2020-07-31 00:00:00,79140,1.110905167466983
2020-08-31 00:00:00,79140,1.3473662517180638
2020-09-30 00:00:00,79140,1.436464341480302
2020-10-31,79140,1.436464341480302
2020-07-30 00:00:00,79825,0.674583745856186
2020-07-31 00:00:00,79825,0.6890897248966477
2020-08-31 00:00:00,79825,0.3513459541514561
2020-09-30 00:00:00,79825,0.3143971082882276
2020-10-31,79825,0.3143971082882276
2020-07-30 00:00:00,50524,5.43478260869565
2020-07-31 00:00:00,50524,5.43478260869565
2020-08-31 00:00:00,50524,5.43478260869565
2020-09-30 00:00:00,50524,5.43478260869565
2020-10-31,50524,5.43478260869565
2020-07-30 00:00:00,50558,5.712631527745496
2020-07-31 00:00:00,50558,5.721148807811851
2020-08-31 00:00:00,50558,5.985184489868819
2020-09-30 00:00:00,50558,6.08695652173913
2020-10-31,50558,6.08695652173913
2020-07-30 00:00:00,60559,2.0486618083132577
2020-07-31 00:00:00,60559,2.0871234205182065
2020-08-31 00:00:00,60559,2.0696046632667353
2020-09-30 00:00:00,60559,2.9115846472409657
2020-10-31,60559,2.9115846472409657
2020-07-30 00:00:00,62528,1.8160721470317513
2020-07-31 00:00:00,62528,1.77729592458055
2020-08-31 00:00:00,62528,1.7691814070515237
2020-09-30 00:00:00,62528,1.2858097499735388
2020-10-31,62528,1.2858097499735388
2020-07-30 00:00:00,63512,1.3889094018832577
2020-07-31 00:00:00,63512,1.36113625608814
2020-08-31 00:00:00,63512,1.821356528232729
2020-09-30 00:00:00,63512,2.2419039648836834
2020-10-31,63512,2.2419039648836834
2020-07-30 00:00:00,63543,0
2020-07-31 00:00:00,63543,0
2020-08-31 00:00:00,63543,0
2020-09-30 00:00:00,63543,0.0006737562142447318
2020-10-31,63543,0.0006737562142447318
2020-07-30 00:00:00,64021,5.200137999875267
2020-07-31 00:00:00,64021,4.2593605598619755
2020-08-31 00:00:00,64021,5.664798843236235
2020-09-30 00:00:00,64021,4.427632473232383
2020-10-31,64021,4.427632473232383
2020-07-30 00:00:00,64565,1.6228047998091866
2020-07-31 00:00:00,64565,1.623762763339748
2020-08-31 00:00:00,64565,1.6534596327871465
2020-09-30 00:00:00,64565,1.6821985387039833
2020-10-31,64565,1.6821985387039833
2020-07-31 00:00:00,64718,1.4000159037417959
2020-10-31,64718,1.4000159037417959
2020-07-30 00:00:00,67591,0.011924047003042913
2020-07-31 00:00:00,67591,0.011505911967608399
2020-08-31 00:00:00,67591,0
2020-09-30 00:00:00,67591,0
2020-10-31,67591,0
2020-07-31,68529,0.5136876006441226
2020-08-31,68529,0.5136876006441226
2020-09-30,68529,0.5136876006441226
2020-10-31,68529,0.5136876006441226
2020-07-30 00:00:00,69539,4.517950006265626
2020-07-31 00:00:00,69539,4.520622952289603
2020-08-31 00:00:00,69539,4.603484279032893
2020-09-30 00:00:00,69539,4.6836726597522045
2020-10-31,69539,4.6836726597522045
2020-07-31 00:00:00,72523,0.4513654976722644
2020-08-31 00:00:00,72523,1.0392027771552839
2020-09-30 00:00:00,72523,0.7247308634943487
2020-10-31,72523,0.7247308634943487
2020-07-31 00:00:00,73211,5.65217391304348
2020-08-31 00:00:00,73211,5.65217391304348
2020-09-30 00:00:00,73211,5.65217391304348
2020-10-31,73211,5.65217391304348
2020-07-30 00:00:00,76355,0.0777617415971993
2020-07-31 00:00:00,76355,0.07838080152930967
2020-08-31 00:00:00,76355,0.01722573727946443
2020-09-30 00:00:00,76355,0.05704503419458728
2020-10-31,76355,0.05704503419458728
2020-07-30 00:00:00,77591,0.9561334264470001
2020-07-31 00:00:00,77591,0.9261353803299045
2020-08-31 00:00:00,77591,0.9998676272528125
2020-09-30 00:00:00,77591,0.7323601034873588
2020-10-31,77591,0.7323601034873588
2020-07-30 00:00:00,78536,0.006791974473085103
2020-07-31 00:00:00,78536,0.003536280951561032
2020-08-31 00:00:00,78536,0
2020-09-30 00:00:00,78536,0
2020-10-31,78536,0
2020-07-30 00:00:00,79293,0.2849436065210461
2020-07-31 00:00:00,79293,0.3255660388838473
2020-08-31 00:00:00,79293,0.44663368939118187
2020-09-30 00:00:00,79293,0.3627653757996933
2020-10-31,79293,0.3627653757996933
2020-07-30 00:00:00,79545,1.7205609369236352
2020-07-31 00:00:00,79545,1.655468794984616
2020-08-31 00:00:00,79545,1.0595202688480225
2020-09-30 00:00:00,79545,0.8896995405866931
2020-10-31,79545,0.8896995405866931
2020-07-30 00:00:00,50912,4.183317127323146
2020-07-31 00:00:00,50912,4.165230133696328
2020-08-31 00:00:00,50912,3.604533331264953
2020-09-30 00:00:00,50912,3.0619235224603965
2020-10-31,50912,3.0619235224603965
2020-07-30 00:00:00,60263,6.222370452871605
2020-07-31 00:00:00,60263,6.125866278270596
2020-08-31 00:00:00,60263,4.747745514348045
2020-09-30 00:00:00,60263,6.25
2020-10-31,60263,6.25
2020-07-31 00:00:00,60339,2.3868166344727073
2020-08-31 00:00:00,60339,2.171591120654679
2020-09-30 00:00:00,60339,2.6888802523558537
2020-10-31,60339,2.6888802523558537
2020-07-30 00:00:00,61295,0.19694465816504605
2020-07-31 00:00:00,61295,0.19285354317080008
2020-08-31 00:00:00,61295,0.050543269366086836
2020-09-30 00:00:00,61295,0.07532428269909636
2020-10-31,61295,0.07532428269909636
2020-07-31 00:00:00,63950,1.16854909498086
2020-08-31 00:00:00,63950,1.4751633521873668
2020-09-30 00:00:00,63950,1.3146487675586294
2020-10-31,63950,1.3146487675586294
2020-07-30 00:00:00,63959,1.4578954364303751
2020-07-31 00:00:00,63959,1.418273237132405
2020-08-31 00:00:00,63959,1.0963426291954985
2020-09-30 00:00:00,63959,1.4583333333333302
2020-10-31,63959,1.4583333333333302
2020-07-30 00:00:00,63991,2.318532763913451
2020-07-31 00:00:00,63991,2.3164317499201665
2020-08-31 00:00:00,63991,2.251300316128352
2020-09-30 00:00:00,63991,2.188269896329822
2020-10-31,63991,2.188269896329822
2020-07-30 00:00:00,64995,1.1912794469516077
2020-07-31 00:00:00,64995,1.5175080982049851
2020-08-31 00:00:00,64995,2.0668466120812847
2020-09-30 00:00:00,64995,2.3333333333333304
2020-10-31,64995,2.3333333333333304
2020-07-31 00:00:00,65042,0.6068126944474779
2020-08-31 00:00:00,65042,1.741029666705177
2020-09-30 00:00:00,65042,0
2020-10-31,65042,0
2020-07-30 00:00:00,65933,5.298205404991646
2020-07-31 00:00:00,65933,3.852540675226411
2020-08-31 00:00:00,65933,5.3684210526315805
2020-09-30 00:00:00,65933,5.3684210526315805
2020-10-31,65933,5.3684210526315805
2020-07-30 00:00:00,66920,3.519137465981311
2020-07-31 00:00:00,66920,3.692541756821406
2020-08-31 00:00:00,66920,4.692307692307691
2020-09-30 00:00:00,66920,4.692307692307691
2020-10-31,66920,4.692307692307691
2020-07-30 00:00:00,68900,1.6860056172788773
2020-07-31 00:00:00,68900,1.6865074679535428
2020-08-31 00:00:00,68900,1.7020648388681727
2020-09-30 00:00:00,68900,1.717120359108137
2020-10-31,68900,1.717120359108137
2020-07-30 00:00:00,69940,5.203475547756584
2020-07-31 00:00:00,69940,5.203506874035588
2020-08-31 00:00:00,69940,5.204477988684729
2020-09-30 00:00:00,69940,5.205417777054866
2020-10-31,69940,5.205417777054866
2020-07-30 00:00:00,69962,0.9873957208739532
2020-07-31 00:00:00,69962,0.9892879117207358
2020-08-31 00:00:00,69962,1.047945827970997
2020-09-30 00:00:00,69962,1.1047115533744751
2020-10-31,69962,1.1047115533744751
2020-07-30 00:00:00,76118,2.2955763637253868
2020-07-31 00:00:00,76118,2.3744070300625357
2020-08-31 00:00:00,76118,2.018616454255945
2020-09-30 00:00:00,76118,1.8528005943353032
2020-10-31,76118,1.8528005943353032
2020-07-30 00:00:00,78352,0.8830207473014777
2020-07-31 00:00:00,78352,0.8748065843291164
2020-08-31 00:00:00,78352,0.6652860596589101
2020-09-30 00:00:00,78352,1.163171675949744
2020-10-31,78352,1.163171675949744
2020-07-30 00:00:00,79358,0.3911250915403009
2020-07-31 00:00:00,79358,0.39643517962384767
2020-08-31 00:00:00,79358,0.3486314704316748
2020-09-30 00:00:00,79358,0.2475016905622417
2020-10-31,79358,0.2475016905622417
2020-07-30 00:00:00,50234,3.136766783414714
2020-07-31 00:00:00,50234,3.1001437046738665
2020-08-31 00:00:00,50234,1.9648282637075771
2020-09-30 00:00:00,50234,0.8661359014821364
2020-10-31,50234,0.8661359014821364
2020-07-30 00:00:00,62242,2.15749544537433
2020-07-31 00:00:00,62242,1.9892267996658994
2020-08-31 00:00:00,62242,2.43719108919403
2020-09-30 00:00:00,62242,2.262859523381464
2020-10-31,62242,2.262859523381464
2020-07-31,62294,0.0869565217391304
2020-08-31,62294,0.0869565217391304
2020-09-30,62294,0.0869565217391304
2020-10-31,62294,0.0869565217391304
2020-07-30 00:00:00,62951,1.4697016111965198
2020-07-31 00:00:00,62951,1.4653728342099945
2020-08-31 00:00:00,62951,1.2587461922223129
2020-09-30 00:00:00,62951,0.7323018673906265
2020-10-31,62951,0.7323018673906265
2020-07-30 00:00:00,63248,1.558921149192372
2020-07-31 00:00:00,63248,1.4605750743944899
2020-08-31 00:00:00,63248,1.9727594411138012
2020-09-30 00:00:00,63248,1.3480670495360056
2020-10-31,63248,1.3480670495360056
2020-07-30 00:00:00,65241,2.375
2020-07-31 00:00:00,65241,2.375
2020-08-31 00:00:00,65241,2.375
2020-09-30 00:00:00,65241,2.375
2020-10-31,65241,2.375
2020-07-30 00:00:00,66291,6.375
2020-07-31 00:00:00,66291,6.375
2020-08-31 00:00:00,66291,6.375
2020-09-30 00:00:00,66291,6.375
2020-10-31,66291,6.375
2020-07-30 00:00:00,67259,0.6170678708709425
2020-07-31 00:00:00,67259,0.6232335435158024
2020-08-31 00:00:00,67259,0.8
2020-09-30 00:00:00,67259,0.8
2020-10-31,67259,0.8
2020-07-30 00:00:00,67263,0
2020-07-31 00:00:00,67263,0
2020-08-31 00:00:00,67263,0.01915268772619552
2020-09-30 00:00:00,67263,0
2020-10-31,67263,0
2020-07-30 00:00:00,67266,2.0784095521331407
2020-07-31 00:00:00,67266,2.002190352023721
2020-08-31 00:00:00,67266,2.4001477725222577
2020-09-30 00:00:00,67266,0.8161326905263953
2020-10-31,67266,0.8161326905263953
2020-07-30 00:00:00,68200,0.010423987303522035
2020-07-31 00:00:00,68200,0.007749255611918891
2020-08-31 00:00:00,68200,0.08638253073189361
2020-09-30 00:00:00,68200,0.061098938659270664
2020-10-31,68200,0.061098938659270664
2020-07-31 00:00:00,68249,0.6898033132233017
2020-10-31,68249,0.6898033132233017
2020-07-30 00:00:00,69045,4.946856604402521
2020-07-31 00:00:00,69045,4.945764858236472
2020-08-31 00:00:00,69045,4.911920727088951
2020-09-30 00:00:00,69045,4.879168342107479
2020-10-31,69045,4.879168342107479
2020-07-30 00:00:00,72447,0.44418235413638957
2020-07-31 00:00:00,72447,0.43322094221137364
2020-08-31 00:00:00,72447,0.21937353159622086
2020-09-30 00:00:00,72447,0.33451251545895466
2020-10-31,72447,0.33451251545895466
2020-07-30 00:00:00,76329,1.5539240217369201
2020-07-31 00:00:00,76329,1.4348255127894807
2020-08-31 00:00:00,76329,1.1493543872822098
2020-09-30 00:00:00,76329,1.269810452838248
2020-10-31,76329,1.269810452838248
2020-07-31 00:00:00,77211,5.372709865012634
2020-08-31 00:00:00,77211,4.133305060578397
2020-09-30 00:00:00,77211,4.729608259473288
2020-10-31,77211,4.729608259473288
2020-07-30 00:00:00,79229,5.2812177255000385
2020-07-31 00:00:00,79229,5.598653573537324
2020-08-31 00:00:00,79229,5.078391597658859
2020-09-30 00:00:00,79229,5.26745238543227
2020-10-31,79229,5.26745238543227
2020-07-31,50815,2.2608695652173902
2020-08-31,50815,2.2608695652173902
2020-09-30,50815,2.2608695652173902
2020-10-31,50815,2.2608695652173902
2020-07-30 00:00:00,50835,4.626418965329104
2020-07-31 00:00:00,50835,4.607351466005402
2020-08-31 00:00:00,50835,4.016258986970614
2020-09-30 00:00:00,50835,3.4442340072595314
2020-10-31,50835,3.4442340072595314
2020-07-30 00:00:00,60841,4.8785263287933285
2020-07-31 00:00:00,60841,3.9238510671833002
2020-08-31 00:00:00,60841,5.062025253658706
2020-09-30 00:00:00,60841,5.391182937755117
2020-10-31,60841,5.391182937755117
2020-07-30 00:00:00,61895,0.4753381718964012
2020-07-31 00:00:00,61895,0.43282142354950787
2020-08-31 00:00:00,61895,0.5394294528139985
2020-09-30 00:00:00,61895,0.7390965415781855
2020-10-31,61895,0.7390965415781855
2020-07-30 00:00:00,62056,1.5188384169861744
2020-07-31 00:00:00,62056,1.340381208594813
2020-08-31 00:00:00,62056,1.9351357522984178
2020-09-30 00:00:00,62056,1.9676901293844176
2020-10-31,62056,1.9676901293844176
2020-07-30 00:00:00,62869,6.23529411764706
2020-07-31 00:00:00,62869,6.23529411764706
2020-08-31 00:00:00,62869,4.907049153402473
2020-09-30 00:00:00,62869,5.229170225643126
2020-10-31,62869,5.229170225643126
2020-07-30 00:00:00,63894,0
2020-07-31 00:00:00,63894,0
2020-08-31 00:00:00,63894,0.025411241820756058
2020-09-30 00:00:00,63894,0.195816616246324
2020-10-31,63894,0.195816616246324
2020-07-30 00:00:00,64768,1.3777556560617228
2020-07-31 00:00:00,64768,1.3801360890967895
2020-08-31 00:00:00,64768,1.4539295131838565
2020-09-30 00:00:00,64768,1.5253425042358568
2020-10-31,64768,1.5253425042358568
2020-07-30 00:00:00,64861,0
2020-07-31 00:00:00,64861,0
2020-08-31 00:00:00,64861,0.03213014630991479
2020-09-30 00:00:00,64861,0.005017948616430947
2020-10-31,64861,0.005017948616430947
2020-07-30 00:00:00,64893,0.15630353973154404
2020-07-31 00:00:00,64893,0.13009411763469664
2020-08-31 00:00:00,64893,0.15435686908942178
2020-09-30 00:00:00,64893,0.1716116625150407
2020-10-31,64893,0.1716116625150407
2020-07-30 00:00:00,65343,0.04205339248155457
2020-07-31 00:00:00,65343,0.03909116225645925
2020-08-31 00:00:00,65343,0
2020-09-30 00:00:00,65343,0.10375033001593349
2020-10-31,65343,0.10375033001593349
2020-07-30 00:00:00,65411,0.7249995326981612
2020-07-31 00:00:00,65411,0.7189156844237305
2020-08-31 00:00:00,65411,0.5303163879163816
2020-09-30 00:00:00,65411,0.34780093968346315
2020-10-31,65411,0.34780093968346315
2020-07-30 00:00:00,66859,2.8824885372993387
2020-07-31 00:00:00,66859,2.812435629333215
2020-08-31 00:00:00,66859,2.288485277472438
2020-09-30 00:00:00,66859,2.162132252769406
2020-10-31,66859,2.162132252769406
2020-07-30 00:00:00,67863,0.6280182992878153
2020-07-31 00:00:00,67863,0.6666986098733587
2020-08-31 00:00:00,67863,0
2020-09-30 00:00:00,67863,0.06287804486250635
2020-10-31,67863,0.06287804486250635
2020-07-31 00:00:00,69813,1.2839921085896113
2020-08-31 00:00:00,69813,1.2519499056250407
2020-09-30 00:00:00,69813,1.2209413221109402
2020-10-31,69813,1.2209413221109402
2020-07-30 00:00:00,69839,1.0188225958023198
2020-07-31 00:00:00,69839,1.0195115093413445
2020-08-31 00:00:00,69839,1.0408678290511144
2020-09-30 00:00:00,69839,1.0615352352218594
2020-10-31,69839,1.0615352352218594
2020-07-30 00:00:00,75138,0.41904203796296585
2020-07-31 00:00:00,75138,0.4232705247772276
2020-08-31 00:00:00,75138,0.47833693463991456
2020-09-30 00:00:00,75138,0.3391943970535715
2020-10-31,75138,0.3391943970535715
2020-07-30 00:00:00,76350,1.57283467124706
2020-07-31 00:00:00,76350,1.4170705194270952
2020-08-31 00:00:00,76350,0.8131144450329275
2020-09-30 00:00:00,76350,1.0278028308469875
2020-10-31,76350,1.0278028308469875
2020-07-30 00:00:00,76858,2.1676630259958247
2020-07-31 00:00:00,76858,2.172705583469391
2020-08-31 00:00:00,76858,1.5309973043273264
2020-09-30 00:00:00,76858,1.4734434097716973
2020-10-31,76858,1.4734434097716973
2020-07-30 00:00:00,79847,2.1955388253650443
2020-07-31 00:00:00,79847,1.3320157909551247
2020-08-31 00:00:00,79847,1.609191692040077
2020-09-30 00:00:00,79847,2.201733662480307
2020-10-31,79847,2.201733662480307
2020-07-30 00:00:00,50404,6.0323090428077535
2020-07-31 00:00:00,50404,6.050824644359842
2020-08-31 00:00:00,50404,6.5625
2020-09-30 00:00:00,50404,6.5625
2020-10-31,50404,6.5625
2020-07-31,50441,0.666666666666667
2020-08-31,50441,0.666666666666667
2020-09-30,50441,0.666666666666667
2020-10-31,50441,0.666666666666667
2020-07-30 00:00:00,50449,2.5323805520403626
2020-07-31 00:00:00,50449,2.5537816711624473
2020-08-31 00:00:00,50449,2.72
2020-09-30 00:00:00,50449,2.72
2020-10-31,50449,2.72
2020-07-30 00:00:00,60146,1.1285325843394975
2020-07-31 00:00:00,60146,1.177393386976912
2020-08-31 00:00:00,60146,1.479590223443883
2020-09-30 00:00:00,60146,1.4199438862397133
2020-10-31,60146,1.4199438862397133
2020-07-30 00:00:00,61365,3.3866621601498856
2020-07-31 00:00:00,61365,3.72
2020-08-31 00:00:00,61365,3.335224103028262
2020-09-30 00:00:00,61365,3.5154964799203503
2020-10-31,61365,3.5154964799203503
2020-07-31 00:00:00,61457,0.060162128742848237
2020-08-31 00:00:00,61457,0.0319411679040378
2020-09-30 00:00:00,61457,0.050181044541822976
2020-10-31,61457,0.050181044541822976
2020-07-30 00:00:00,62920,0.11039574486191692
2020-07-31 00:00:00,62920,0.11138210367502929
2020-08-31 00:00:00,62920,0.008848023905446782
2020-09-30 00:00:00,62920,0
2020-10-31,62920,0
2020-07-30 00:00:00,65496,0.9381118359527555
2020-07-31 00:00:00,65496,0.937924610751329
2020-08-31 00:00:00,65496,0.9321206295071124
2020-09-30 00:00:00,65496,0.9265038734643218
2020-10-31,65496,0.9265038734643218
2020-07-30 00:00:00,67421,0.6448800045403797
2020-07-31 00:00:00,67421,0.6336858700013009
2020-08-31 00:00:00,67421,0.32425462981906045
2020-09-30 00:00:00,67421,0.5160026480561298
2020-10-31,67421,0.5160026480561298
2020-07-30 00:00:00,67443,0
2020-07-31 00:00:00,67443,0
2020-08-31 00:00:00,67443,0
2020-09-30 00:00:00,67443,0.003642161295653978
2020-10-31,67443,0.003642161295653978
2020-07-30 00:00:00,68403,2.0603440209609434
2020-07-31 00:00:00,68403,2.0623068416801305
2020-08-31 00:00:00,68403,2.123154283974941
2020-09-30 00:00:00,68403,2.16
2020-10-31,68403,2.16
2020-07-30 00:00:00,68419,4.632595945842646
2020-07-31 00:00:00,68419,4.95833333333333
2020-08-31 00:00:00,68419,4.95833333333333
2020-09-30 00:00:00,68419,4.95833333333333
2020-10-31,68419,4.95833333333333
2020-07-30 00:00:00,69439,1.5411702407058125
2020-07-31 00:00:00,69439,1.5298541285834124
2020-08-31 00:00:00,69439,1.1790546527889896
2020-09-30 00:00:00,69439,0.8395712891169692
2020-10-31,69439,0.8395712891169692
2020-07-30 00:00:00,69446,4.149576638839595
2020-07-31 00:00:00,69446,4.150011856495185
2020-08-31 00:00:00,69446,4.163503603818466
2020-09-30 00:00:00,69446,4.176560133486157
2020-10-31,69446,4.176560133486157
2020-07-30 00:00:00,73117,1.9296144817213894
2020-07-31 00:00:00,73117,2.2533822651933906
2020-08-31 00:00:00,73117,1.5238836742682496
2020-09-30 00:00:00,73117,1.0660814406682142
2020-10-31,73117,1.0660814406682142
2020-07-31 00:00:00,74454,3.3077220687504045
2020-10-31,74454,3.3077220687504045
2020-07-30 00:00:00,77446,5.454280931507947
2020-07-31 00:00:00,77446,5.518848066232157
2020-08-31 00:00:00,77446,3.228158360126091
2020-09-30 00:00:00,77446,5.245700526360459
2020-10-31,77446,5.245700526360459
2020-07-30 00:00:00,77927,1.249479964993306
2020-07-31 00:00:00,77927,1.261017304335712
2020-08-31 00:00:00,77927,0.7820728585251678
2020-09-30 00:00:00,77927,1.0047924019388739
2020-10-31,77927,1.0047924019388739
2020-07-31 00:00:00,99445,1.6041824461448746
2020-08-31 00:00:00,99445,1.9619646089076275
2020-09-30 00:00:00,99445,1.6968975484707831
2020-10-31,99445,1.6968975484707831
2020-07-31 00:00:00,60264,0.044743957484800145
2020-10-31,60264,0.044743957484800145
2020-07-30 00:00:00,61268,0
2020-07-31 00:00:00,61268,0
2020-08-31 00:00:00,61268,0
2020-09-30 00:00:00,61268,0
2020-10-31,61268,0
2020-07-30 00:00:00,62360,0.03248883296853799
2020-07-31 00:00:00,62360,0.03568716188763209
2020-08-31 00:00:00,62360,0.0328645622159296
2020-09-30 00:00:00,62360,0.015171808772129059
2020-10-31,62360,0.015171808772129059
2020-07-30 00:00:00,62363,3.339700605401332
2020-07-31 00:00:00,62363,3.157494626354769
2020-08-31 00:00:00,62363,4.6323487270570185
2020-09-30 00:00:00,62363,4.954499816712109
2020-10-31,62363,4.954499816712109
2020-07-30 00:00:00,62937,0.6732699989845061
2020-07-31 00:00:00,62937,0.5985810097107408
2020-08-31 00:00:00,62937,0.5533827660032022
2020-09-30 00:00:00,62937,0.39900909232990683
2020-10-31,62937,0.39900909232990683
2020-07-30 00:00:00,63342,0.004752209877547756
2020-07-31 00:00:00,63342,0.0035767217081419333
2020-08-31 00:00:00,63342,0.029052548697288707
2020-09-30 00:00:00,63342,0.059267009028115346
2020-10-31,63342,0.059267009028115346
2020-07-30 00:00:00,63348,0.022070153039183648
2020-07-31 00:00:00,63348,0.02399658800015793
2020-08-31 00:00:00,63348,0.04044992062377897
2020-09-30 00:00:00,63348,0
2020-10-31,63348,0
2020-07-30 00:00:00,64051,0.6763701371132484
2020-07-31 00:00:00,64051,0.6249829390756255
2020-08-31 00:00:00,64051,0.6211190786266644
2020-09-30 00:00:00,64051,0.5901909916365379
2020-10-31,64051,0.5901909916365379
2020-07-30 00:00:00,65320,4.949466586066702
2020-07-31 00:00:00,65320,4.742359999912293
2020-08-31 00:00:00,65320,6.6
2020-09-30 00:00:00,65320,3.805642737573718
2020-10-31,65320,3.805642737573718
2020-07-30 00:00:00,65398,1.9058419041834105
2020-07-31 00:00:00,65398,1.9114137439865695
2020-08-31 00:00:00,65398,2.05882352941176
2020-09-30 00:00:00,65398,2.05882352941176
2020-10-31,65398,2.05882352941176
2020-07-31 00:00:00,65509,0.15278387494202247
2020-10-31,65509,0.15278387494202247
2020-07-30 00:00:00,67313,3.5233959307912723
2020-07-31 00:00:00,67313,3.252847241843385
2020-08-31 00:00:00,67313,2.7858717072438615
2020-09-30 00:00:00,67313,3.9114320708705184
2020-10-31,67313,3.9114320708705184
2020-07-30 00:00:00,67391,2.3776526102250304
2020-07-31 00:00:00,67391,2.3992059104343166
2020-08-31 00:00:00,67391,3.0
2020-09-30 00:00:00,67391,3.0
2020-10-31,67391,3.0
2020-07-30 00:00:00,67603,3.3383966631377766
2020-07-31 00:00:00,67603,3.1742851701852586
2020-08-31 00:00:00,67603,4.4281667538498635
2020-09-30 00:00:00,67603,4.8
2020-10-31,67603,4.8
2020-07-31 00:00:00,67828,1.6769044898315943
2020-08-31 00:00:00,67828,1.4599340251988624
2020-09-30 00:00:00,67828,1.1747673471933733
2020-10-31,67828,1.1747673471933733
2020-07-30 00:00:00,69343,4.851156183428558
2020-07-31 00:00:00,69343,4.849959072950601
2020-08-31 00:00:00,69343,4.812848648133919
2020-09-30 00:00:00,69343,4.776935333795194
2020-10-31,69343,4.776935333795194
2020-07-30 00:00:00,69360,1.3934911924588864
2020-07-31 00:00:00,69360,1.3955839749087888
2020-08-31 00:00:00,69360,1.4604602308557655
2020-09-30 00:00:00,69360,1.5232437043528393
2020-10-31,69360,1.5232437043528393
2020-07-30 00:00:00,69399,0.9538161098232814
2020-07-31 00:00:00,69399,0.9558175507316005
2020-08-31 00:00:00,69399,1.017862218889492
2020-09-30 00:00:00,69399,1.077905446139064
2020-10-31,69399,1.077905446139064
2020-07-31 00:00:00,74359,2.4
2020-10-31,74359,2.4
2020-07-30 00:00:00,76430,1.784359459080035
2020-07-31 00:00:00,76430,1.9656453460236487
2020-08-31 00:00:00,76430,1.9094383534595913
2020-09-30 00:00:00,76430,1.5937251849914673
2020-10-31,76430,1.5937251849914673
2020-07-31,50705,1.3468137254901966
2020-08-31,50705,1.3468137254901966
2020-09-30,50705,1.3468137254901966
2020-10-31,50705,1.3468137254901966
2020-07-31,50726,0.4166666666666671
2020-08-31,50726,0.4166666666666671
2020-09-30,50726,0.4166666666666671
2020-10-31,50726,0.4166666666666671
2020-07-31,63464,1.651960784313725
2020-08-31,63464,1.651960784313725
2020-09-30,63464,1.651960784313725
2020-10-31,63464,1.651960784313725
2020-07-31 00:00:00,63961,0.660366778485791
2020-08-31 00:00:00,63961,0.6797153376497762
2020-09-30 00:00:00,63961,0.6984397497439552
2020-10-31,63961,0.6984397497439552
2020-07-30 00:00:00,64554,1.8031884492359005
2020-07-31 00:00:00,64554,1.804172562111615
2020-08-31 00:00:00,64554,1.83468006125876
2020-09-30 00:00:00,64554,1.8642034475301905
2020-10-31,64554,1.8642034475301905
2020-07-30 00:00:00,64760,1.5878941107464535
2020-07-31 00:00:00,64760,1.5917589259935627
2020-08-31 00:00:00,64760,1.711568198653938
2020-09-30 00:00:00,64760,1.8235294117647098
2020-10-31,64760,1.8235294117647098
2020-07-31,69737,0.208333333333333
2020-08-31,69737,0.208333333333333
2020-09-30,69737,0.208333333333333
2020-10-31,69737,0.208333333333333
2020-07-30 00:00:00,69620,1.970299760243117
2020-07-31 00:00:00,69620,1.9694535840970933
2020-08-31 00:00:00,69620,1.9432221235703555
2020-09-30 00:00:00,69620,1.917836839189642
2020-10-31,69620,1.917836839189642
2020-07-30 00:00:00,78247,0.19562597506479898
2020-07-31 00:00:00,78247,0.18441762857102678
2020-08-31 00:00:00,78247,0
2020-09-30 00:00:00,78247,0
2020-10-31,78247,0
2020-07-30 00:00:00,64047,1.6106023954170392
2020-07-31 00:00:00,64047,1.612650451863068
2020-08-31 00:00:00,64047,1.6761402016899536
2020-09-30 00:00:00,64047,1.737581895070811
2020-10-31,64047,1.737581895070811
2020-07-31,67045,2.81
2020-08-31,67045,2.81
2020-09-30,67045,2.81
2020-10-31,67045,2.81
2020-07-31 00:00:00,69054,0.88
2020-08-31 00:00:00,69054,0.88
2020-09-30 00:00:00,69054,0.88
2020-10-31,69054,0.88
2020-07-30 00:00:00,75342,1.8900224162317771
2020-07-31 00:00:00,75342,2.0903925194992965
2020-08-31 00:00:00,75342,1.4744334523673577
2020-09-30 00:00:00,75342,1.4940725639112657
2020-10-31,75342,1.4940725639112657
2020-07-30 00:00:00,61145,0.02039985741141531
2020-07-31 00:00:00,61145,0.019443663338885846
2020-08-31 00:00:00,61145,0.0050276068144253705
2020-09-30 00:00:00,61145,0.0015556820795631357
2020-10-31,61145,0.0015556820795631357
2020-07-30 00:00:00,62146,0.03203763947112826
2020-07-31 00:00:00,62146,0.0328391873377983
2020-08-31 00:00:00,62146,0.050146900151491425
2020-09-30 00:00:00,62146,0.019817132849996952
2020-10-31,62146,0.019817132849996952
2020-07-31 00:00:00,69111,0.3076840530695792
2020-08-31 00:00:00,69111,0.27593198822701404
2020-09-30 00:00:00,69111,0.2452041835406606
2020-10-31,69111,0.2452041835406606
2020-07-31,50592,0.260869565217391
2020-08-31,50592,0.260869565217391
2020-09-30,50592,0.260869565217391
2020-10-31,50592,0.260869565217391
2020-07-30 00:00:00,64596,0
2020-07-31 00:00:00,64596,0
2020-08-31 00:00:00,64596,0
2020-09-30 00:00:00,64596,0
2020-10-31,64596,0
2020-07-31,50900,0.0416666666666667
2020-08-31,50900,0.0416666666666667
2020-09-30,50900,0.0416666666666667
2020-10-31,50900,0.0416666666666667
2020-07-31 00:00:00,62655,0.1197755648756746
2020-08-31 00:00:00,62655,0.0482864885659241
2020-09-30 00:00:00,62655,0.03468234335635131
2020-10-31,62655,0.03468234335635131
2020-07-31,67954,1.4583333333333302
2020-08-31,67954,1.4583333333333302
2020-09-30,67954,1.4583333333333302
2020-10-31,67954,1.4583333333333302
2020-07-31,69974,0.4166666666666671
2020-08-31,69974,0.4166666666666671
2020-09-30,69974,0.4166666666666671
2020-10-31,69974,0.4166666666666671
2020-07-30 00:00:00,75867,0.9951788849895518
2020-07-31 00:00:00,75867,0.95887390939331
2020-08-31 00:00:00,75867,0.8150135494773479
2020-09-30 00:00:00,75867,1.032094772871143
2020-10-31,75867,1.032094772871143
2020-07-31,50296,1.24
2020-08-31,50296,1.24
2020-09-30,50296,1.24
2020-10-31,50296,1.24
2020-07-31,63292,2.8049999999999997
2020-08-31,63292,2.8049999999999997
2020-09-30,63292,2.8049999999999997
2020-10-31,63292,2.8049999999999997
2020-07-31 00:00:00,64805,0
2020-08-31 00:00:00,64805,0
2020-09-30 00:00:00,64805,0
2020-10-31,64805,0
2020-07-31,69205,0.56
2020-08-31,69205,0.56
2020-09-30,69205,0.56
2020-10-31,69205,0.56
2020-07-30 00:00:00,77263,1.021464308206555
2020-07-31 00:00:00,77263,0.9880080040548724
2020-08-31 00:00:00,77263,0.7269596634427768
2020-09-30 00:00:00,77263,1.1819795404800522
2020-10-31,77263,1.1819795404800522
2020-07-31,50464,1.0
2020-08-31,50464,1.0
2020-09-30,50464,1.0
2020-10-31,50464,1.0
2020-07-31,75421,1.7025000000000001
2020-08-31,75421,1.7025000000000001
2020-09-30,75421,1.7025000000000001
2020-10-31,75421,1.7025000000000001
2020-07-30 00:00:00,60336,0
2020-07-31 00:00:00,60336,0
2020-08-31 00:00:00,60336,0.15676050844765207
2020-09-30 00:00:00,60336,0
2020-10-31,60336,0
2020-07-30 00:00:00,68341,0
2020-07-31 00:00:00,68341,0
2020-08-31 00:00:00,68341,0.002627285657507385
2020-09-30 00:00:00,68341,0.00470796673868897
2020-10-31,68341,0.00470796673868897
2020-07-31,68701,2.23529411764706
2020-08-31,68701,2.23529411764706
2020-09-30,68701,2.23529411764706
2020-10-31,68701,2.23529411764706
2020-07-31,50662,1.8235294117647098
2020-08-31,50662,1.8235294117647098
2020-09-30,50662,1.8235294117647098
2020-10-31,50662,1.8235294117647098
2020-07-31,65639,1.23529411764706
2020-08-31,65639,1.23529411764706
2020-09-30,65639,1.23529411764706
2020-10-31,65639,1.23529411764706
2020-07-31,66663,0.7058823529411771
2020-08-31,66663,0.7058823529411771
2020-09-30,66663,0.7058823529411771
2020-10-31,66663,0.7058823529411771
2020-07-31,66039,0.375
2020-08-31,66039,0.375
2020-09-30,66039,0.375
2020-10-31,66039,0.375
2020-07-30 00:00:00,75258,0.400866069184472
2020-07-31 00:00:00,75258,0.37406555828705895
2020-08-31 00:00:00,75258,0.5020727323383287
2020-09-30 00:00:00,75258,0.29869163514576735
2020-10-31,75258,0.29869163514576735
2020-07-30 00:00:00,78819,0
2020-07-31 00:00:00,78819,0
2020-08-31 00:00:00,78819,0
2020-09-30 00:00:00,78819,0
2020-10-31,78819,0
2020-07-31,50556,0.5
2020-08-31,50556,0.5
2020-09-30,50556,0.5
2020-10-31,50556,0.5
2020-07-30 00:00:00,62595,0.004662818292377193
2020-07-31 00:00:00,62595,0.0037446643295007457
2020-08-31 00:00:00,62595,0
2020-09-30 00:00:00,62595,0
2020-10-31,62595,0
2020-07-30 00:00:00,76225,1.4175371372909504
2020-07-31 00:00:00,76225,1.416412171427986
2020-08-31 00:00:00,76225,1.381538229676093
2020-09-30 00:00:00,76225,1.3477892537871643
2020-10-31,76225,1.3477892537871643
2020-07-30 00:00:00,67246,0.025357484248921324
2020-07-31 00:00:00,67246,0.01838838058025675
2020-08-31 00:00:00,67246,0.15850524437352081
2020-09-30 00:00:00,67246,0.09017976186528232
2020-10-31,67246,0.09017976186528232
2020-07-31,63492,0.1875
2020-08-31,63492,0.1875
2020-09-30,63492,0.1875
2020-10-31,63492,0.1875
2020-07-31,50360,0.882352941176471
2020-08-31,50360,0.882352941176471
2020-09-30,50360,0.882352941176471
2020-10-31,50360,0.882352941176471
2020-07-31,61962,1.30562659846547
2020-08-31,61962,1.30562659846547
2020-09-30,61962,1.30562659846547
2020-10-31,61962,1.30562659846547
2020-07-30 00:00:00,66018,0.07639012420457619
2020-07-31 00:00:00,66018,0.07285778268429881
2020-08-31 00:00:00,66018,0.18126764267405238
2020-09-30 00:00:00,66018,0
2020-10-31,66018,0
2020-07-31,66305,0.6223529411764704
2020-08-31,66305,0.6223529411764704
2020-09-30,66305,0.6223529411764704
2020-10-31,66305,0.6223529411764704
